Part Code,Part Name,Motor Type,Retail,TAX,Harga Jual,Kategori Moving,Jenis Part,Prioritas
02100G120002,TOOL KIT,FORT 250  ADVENTURE ABS,39930,4392,44322,MEDIUM,OTHER,1
02100L790001,TOOL KIT,AX 180  (VIENTO) ABS,45630,5019,50649,MEDIUM,OTHER,1
02100N220003,VEHICLE TOOLS,SRV 250 AMT,74150,8156,82306,MEDIUM,OTHER,1
02100N510000,ONBOARD TOOLS,FORD 250,102670,11293,113963,MEDIUM,OTHER,1
02100P410100,TOOL KIT,SRK 800 RR,74150,8156,82306,MEDIUM,OTHER,1
02100TA70000,ONBOARD TOOLS,SRK 150 E (CITO),39930,4392,44322,MEDIUM,OTHER,1
02102G010100,"SOCKET,SPARK PLUG",FORD 250,5710,628,6338,FAST,ELECTRICAL,1
02102N030100,"SOCKET,SPARK PLUG",AX 180  (VIENTO) ABS,11410,1255,12665,FAST,ELECTRICAL,1
02103J000100,DRIVER SCREW,FORD 250,5710,628,6338,FAST,FASTENER,1
02103P250000,DOUBLE ENDED SCREWDRIVER,SRV 250 AMT,5710,628,6338,FAST,FASTENER,1
02106J000100,"HANDLE,SCREW DRIVER",FORD 250,5710,628,6338,FAST,FASTENER,1
02106P250000,HANDLE AS,SRV 250 AMT,5710,628,6338,MEDIUM,OTHER,1
02110J000000,TOOL BAG,AX 180  (VIENTO) ABS,5710,628,6338,MEDIUM,OTHER,1
02110P250000,TOOL  BAG,FORD 250,17120,1883,19003,MEDIUM,OTHER,1
02120J690000,ON BOARD TOOL STRAP,SRV 250 AMT,17120,1883,19003,MEDIUM,OTHER,1
02401KAE0000,INSTRUCTIONS,SRK 150 E (CITO),17120,1883,19003,MEDIUM,OTHER,1
02401M790000,INSTRUCTIONS,AX 180  (VIENTO) ABS,17120,1883,19003,MEDIUM,OTHER,1
02401N590001,INSTRUCTIONS,FORD 250,39930,4392,44322,MEDIUM,OTHER,1
02401N890001,INSTRUCTIONS,SRV 250 AMT,22820,2510,25330,MEDIUM,OTHER,1
02401N930000,INSTRUCTIONS,SRV 250 AL (LIBERO),22820,2510,25330,MEDIUM,OTHER,1
02401NT50000,INSTRUCTIONS,FORT 250  ADVENTURE ABS,22820,2510,25330,MEDIUM,OTHER,1
02401PC20003,INSTRUCTIONS,SRV 600 V,22820,2510,25330,MEDIUM,OTHER,1
02401PCD0001,INSTRUCTIONS,SRK 800 RR,22820,2510,25330,MEDIUM,OTHER,1
03310N510000,HELMET HOOK ASSEMBLY,FORD 250,39930,4392,44322,MEDIUM,OTHER,1
05501L79FB01,FRONT MUDGUARD DECAL,SRV 250 AMT,5710,628,6338,MEDIUM,BODY,1
05501L79ND01,FRONT FENDER DECAL,SRK 800 RR,5710,628,6338,SLOW,BODY,1
05501N510000,USB LABEL,FORD 250,51340,5647,56987,MEDIUM,OTHER,1
05501P410001,SHROUD HARD MARK,FORT 250  ADVENTURE ABS,62750,6902,69652,MEDIUM,OTHER,1
05501PC20000,SHOCK ABSORBER LOWER SEAT CRYSTAL SOFT LABEL,SRV 600 V,11410,1255,12665,SLOW,BODY,1
05501PCZBL02,LEFT FRONT SHOCK ABSORBER GUARD STICKER,SRV 250 AL (LIBERO),45630,5019,50649,SLOW,BODY,1
05501PCZJE02,LEFT FRONT SHOCK ABSORBER GUARD STICKER,SRV 250 AL (LIBERO),45630,5019,50649,SLOW,BODY,1
05501PCZNJ02,LEFT FRONT SHOCK ABSORBER GUARD STICKER,SRV 250 AL (LIBERO),45630,5019,50649,SLOW,BODY,1
05502N510000,"GUARD BOARD HARD LABEL,MARK FORT250",FORD 250,68450,7529,75979,MEDIUM,BODY,1
05502PCZBL02,RIGHT FRONT SHOCK ABSORBER GUARD STICKER,SRV 250 AL (LIBERO),45630,5019,50649,SLOW,BODY,1
05502PCZJE02,RIGHT FRONT SHOCK ABSORBER GUARD STICKER,SRV 250 AL (LIBERO),45630,5019,50649,SLOW,BODY,1
05502PCZNJ02,RIGHT FRONT SHOCK ABSORBER GUARD STICKER,SRV 250 AL (LIBERO),45630,5019,50649,SLOW,BODY,1
05503J80WF00,FRONT MUDGUARD DECAL,AX 180  (VIENTO) CBS,5710,628,6338,MEDIUM,BODY,1
05503N490002,ECU LABEL STICKER,SRV 250 AMT,5710,628,6338,MEDIUM,ELECTRICAL,1
05503V040002,ECU LABEL STICKER,SRV 250 AMT,5710,628,6338,MEDIUM,ELECTRICAL,1
05504L790000,HYBRID HARD MARKⅡ,AX 180  (VIENTO) ABS,45630,5019,50649,MEDIUM,OTHER,1
05504NT50000,AIR FILTER SOFT LABEL,AX 180  (VIENTO) ABS,5710,628,6338,FAST,ENGINE,1
05505L790001,SHOCK ABSORBER AIRBAG DECAL,FORT 250  ADVENTURE ABS,5710,628,6338,SLOW,BODY,1
05511KAEBL00,LEFT PROTECTIVE PLATE DECAL I,SRK 150 E (CITO),11410,1255,12665,MEDIUM,BODY,1
05511KAEH500,LEFT PROTECTIVE PLATE DECAL I,SRK 150 E (CITO),11410,1255,12665,MEDIUM,BODY,1
05511KAERG00,LEFT PROTECTIVE PLATE DECAL I,SRK 150 E (CITO),11410,1255,12665,MEDIUM,BODY,1
05511KAES600,LEFT PROTECTIVE PLATE DECAL I,SRK 150 E (CITO),11410,1255,12665,MEDIUM,BODY,1
05511KAEWS00,LEFT PROTECTIVE PLATE DECAL I,SRK 150 E (CITO),11410,1255,12665,MEDIUM,BODY,1
05511M79E703,LEFT PROTECTIVE PANEL DECAL I,AX 180  (VIENTO) ABS,5710,628,6338,MEDIUM,BODY,1
05511M79H500,LEFT PROTECTIVE PANEL DECAL,AX 180  (VIENTO) ABS,11410,1255,12665,MEDIUM,BODY,1
05511M79K500,LEFT PROTECTIVE PANEL DECAL,AX 180  (VIENTO) ABS,11410,1255,12665,MEDIUM,BODY,1
05511M79RG03,LEFT PROTECTIVE PANEL DECAL I,AX 180  (VIENTO) ABS,5710,628,6338,MEDIUM,BODY,1
05511M79VM03,LEFT PROTECTIVE PANEL DECAL I,AX 180  (VIENTO) ABS,11410,1255,12665,MEDIUM,BODY,1
05511M79WS03,LEFT PROTECTIVE PANEL DECAL I,AX 180  (VIENTO) CBS,5710,628,6338,MEDIUM,BODY,1
05511N59NJ00,LEFT PROTECTIVE PANEL STICKER,FORD 250,11410,1255,12665,MEDIUM,BODY,1
05511N59RG00,LEFT PROTECTIVE PANEL STICKER,FORD 250,11410,1255,12665,MEDIUM,BODY,1
05511N59VM00,LEFT PROTECTIVE PANEL STICKER,FORD 250,11410,1255,12665,MEDIUM,BODY,1
05511N89X901,LEFT PROTECTIVE PANEL DECAL,SRV 250 AMT,11410,1255,12665,MEDIUM,BODY,1
05511PC20001,3D HARD LABEL FOR PROTECTIVE BOARD,SRV 600 V,34230,3765,37995,MEDIUM,OTHER,1
05511PCZ0000,CRYSTAL LOGO IN FRONT OF THE UPPER PROTECTIVE PLATE,SRV 250 AL (LIBERO),17120,1883,19003,MEDIUM,OTHER,1
05511PCZBL02,LEFT LOWER PROTECTIVE PANEL DECAL,SRV 250 AL (LIBERO),17120,1883,19003,MEDIUM,BODY,1
05511PCZJE02,LEFT LOWER PROTECTIVE PANEL DECAL,SRV 250 AL (LIBERO),17120,1883,19003,MEDIUM,BODY,1
05511PCZNJ02,LEFT LOWER PROTECTIVE PANEL DECAL,SRV 250 AL (LIBERO),17120,1883,19003,MEDIUM,BODY,1
05512KAEBL00,RIGHT PROTECTIVE PLATE DECAL I,SRK 150 E (CITO),11410,1255,12665,MEDIUM,BODY,1
05512KAEH500,RIGHT PROTECTIVE PLATE DECAL I,SRK 150 E (CITO),11410,1255,12665,MEDIUM,BODY,1
05512KAERG00,RIGHT PROTECTIVE PLATE DECAL I,SRK 150 E (CITO),11410,1255,12665,MEDIUM,BODY,1
05512KAES600,RIGHT PROTECTIVE PLATE DECAL I,SRK 150 E (CITO),11410,1255,12665,MEDIUM,BODY,1
05512KAEWS00,RIGHT PROTECTIVE PLATE DECAL I,SRK 150 E (CITO),11410,1255,12665,MEDIUM,BODY,1
05512M79E703,RIGHT PROTECTIVE PLATE DECAL I,AX 180  (VIENTO) ABS,5710,628,6338,MEDIUM,BODY,1
05512M79H500,RIGHT PROTECTIVE PLATE DECAL,AX 180  (VIENTO) ABS,11410,1255,12665,MEDIUM,BODY,1
05512M79K500,RIGHT PROTECTIVE PLATE DECAL,AX 180  (VIENTO) ABS,11410,1255,12665,MEDIUM,BODY,1
05512M79RG03,RIGHT PROTECTIVE PLATE DECAL I,AX 180  (VIENTO) ABS,5710,628,6338,MEDIUM,BODY,1
05512M79VM03,RIGHT PROTECTIVE PLATE DECAL I,AX 180  (VIENTO) ABS,11410,1255,12665,MEDIUM,BODY,1
05512M79WS03,RIGHT PROTECTIVE PLATE DECAL I,AX 180  (VIENTO) CBS,5710,628,6338,MEDIUM,BODY,1
05512N59NJ00,RIGHT PROTECTIVE PANEL STICKER,FORD 250,11410,1255,12665,MEDIUM,BODY,1
05512N59RG00,RIGHT PROTECTIVE PANEL STICKER,FORD 250,11410,1255,12665,MEDIUM,BODY,1
05512N59VM00,RIGHT PROTECTIVE PANEL STICKER,FORD 250,11410,1255,12665,MEDIUM,BODY,1
05512N89X901,RIGHT PROTECTIVE PLATE DECAL,SRV 250 AMT,11410,1255,12665,MEDIUM,BODY,1
05512PCZ0000,CRYSTAL LABEL ON THE UPPER PROTECTIVE PLATE,SRV 250 AL (LIBERO),17120,1883,19003,MEDIUM,OTHER,1
05512PCZBL02,RIGHT LOWER PROTECTIVE BOARD WITH BIRCH STICKER,SRV 250 AL (LIBERO),17120,1883,19003,MEDIUM,BODY,1
05512PCZJE02,RIGHT LOWER PROTECTIVE BOARD WITH BIRCH STICKER,SRV 250 AL (LIBERO),17120,1883,19003,MEDIUM,BODY,1
05512PCZNJ02,RIGHT LOWER PROTECTIVE BOARD WITH BIRCH STICKER,SRV 250 AL (LIBERO),17120,1883,19003,MEDIUM,BODY,1
05513KAEBL00,LEFT PROTECTIVE PLATE DECAL II,SRK 150 E (CITO),11410,1255,12665,MEDIUM,BODY,1
05513KAEH500,LEFT PROTECTIVE PLATE DECAL II,SRK 150 E (CITO),11410,1255,12665,MEDIUM,BODY,1
05513KAERG00,LEFT PROTECTIVE PLATE DECAL II,SRK 150 E (CITO),11410,1255,12665,MEDIUM,BODY,1
05513KAES600,LEFT PROTECTIVE PLATE DECAL II,SRK 150 E (CITO),11410,1255,12665,MEDIUM,BODY,1
05513KAEWS00,LEFT PROTECTIVE PLATE DECAL II,SRK 150 E (CITO),11410,1255,12665,MEDIUM,BODY,1
05513M79E703,LEFT PROTECTIVE PANEL DECAL II,AX 180  (VIENTO) ABS,17120,1883,19003,MEDIUM,BODY,1
05513M79H500,MODEL DECAL,AX 180  (VIENTO) ABS,5710,628,6338,MEDIUM,BODY,1
05513M79K500,MODEL DECAL,AX 180  (VIENTO) ABS,5710,628,6338,MEDIUM,BODY,1
05513M79RG03,LEFT PROTECTIVE PANEL DECAL II,AX 180  (VIENTO) CBS,17120,1883,19003,MEDIUM,BODY,1
05513M79VM03,LEFT PROTECTIVE PANEL DECAL II,AX 180  (VIENTO) ABS,28520,3137,31657,MEDIUM,BODY,1
05513N59NJ00,LEFT AND RIGHT DARKROAD STICKER,FORD 250,5710,628,6338,MEDIUM,BODY,1
05513N59RG00,LEFT AND RIGHT DARKROAD STICKER,FORD 250,5710,628,6338,MEDIUM,BODY,1
05513N59VM00,LEFT AND RIGHT DARKROAD STICKER,FORD 250,5710,628,6338,MEDIUM,BODY,1
05513PC20001,3D HARD LABEL ON THE RIGHT FENDER,SRV 600 V,34230,3765,37995,SLOW,BODY,1
05514KAEBL00,RIGHT PROTECTIVE PLATE DECAL II,SRK 150 E (CITO),11410,1255,12665,MEDIUM,BODY,1
05514KAEH500,RIGHT PROTECTIVE PLATE DECAL II,SRK 150 E (CITO),11410,1255,12665,MEDIUM,BODY,1
05514KAERG00,RIGHT PROTECTIVE PLATE DECAL II,SRK 150 E (CITO),11410,1255,12665,MEDIUM,BODY,1
05514KAES600,RIGHT PROTECTIVE PLATE DECAL II,SRK 150 E (CITO),11410,1255,12665,MEDIUM,BODY,1
05514KAEWS00,RIGHT PROTECTIVE PLATE DECAL II,SRK 150 E (CITO),11410,1255,12665,MEDIUM,BODY,1
05514M79E703,RIGHT PROTECTIVE PLATE DECAL II,AX 180  (VIENTO) ABS,17120,1883,19003,MEDIUM,BODY,1
05514M79H500,LEFT FRONT PROTECTIVE PANEL DECAL,AX 180  (VIENTO) ABS,22820,2510,25330,MEDIUM,BODY,1
05514M79K500,LEFT FRONT PROTECTIVE PANEL DECAL,AX 180  (VIENTO) ABS,22820,2510,25330,MEDIUM,BODY,1
05514M79RG03,RIGHT PROTECTIVE PLATE DECAL II,AX 180  (VIENTO) CBS,17120,1883,19003,MEDIUM,BODY,1
05514M79VM03,RIGHT PROTECTIVE PLATE DECAL II,AX 180  (VIENTO) ABS,28520,3137,31657,MEDIUM,BODY,1
05515M79E703,LEFT FRONT PROTECTIVE PANEL DECAL,AX 180  (VIENTO) ABS,11410,1255,12665,MEDIUM,BODY,1
05515M79H500,RIGHT FRONT PROTECTIVE PANEL DECAL,AX 180  (VIENTO) ABS,22820,2510,25330,MEDIUM,BODY,1
05515M79K500,RIGHT FRONT PROTECTIVE PANEL DECAL,AX 180  (VIENTO) ABS,22820,2510,25330,MEDIUM,BODY,1
05515M79RG03,LEFT FRONT PROTECTIVE PANEL DECAL,AX 180  (VIENTO) ABS,11410,1255,12665,MEDIUM,BODY,1
05515M79VM03,LEFT FRONT PROTECTIVE PANEL DECAL,AX 180  (VIENTO) ABS,28520,3137,31657,MEDIUM,BODY,1
05515M79WS03,LEFT FRONT PROTECTIVE PANEL DECAL,AX 180  (VIENTO) CBS,5710,628,6338,MEDIUM,BODY,1
05515N93BL00,MODEL DECAL,SRV 250 AL (LIBERO),11410,1255,12665,MEDIUM,BODY,1
05516M79E703,RIGHT FRONT PROTECTIVE PANEL DECAL,AX 180  (VIENTO) ABS,11410,1255,12665,MEDIUM,BODY,1
05516M79RG03,RIGHT FRONT PROTECTIVE PANEL DECAL,AX 180  (VIENTO) ABS,11410,1255,12665,MEDIUM,BODY,1
05516M79VM03,RIGHT FRONT PROTECTIVE PANEL DECAL,AX 180  (VIENTO) ABS,28520,3137,31657,MEDIUM,BODY,1
05516M79WS03,RIGHT FRONT PROTECTIVE PANEL DECAL,AX 180  (VIENTO) CBS,11410,1255,12665,MEDIUM,BODY,1
05521KAEBL00,LEFT DIFFUSER STICKER I,SRK 150 E (CITO),22820,2510,25330,MEDIUM,BODY,1
05521KAEH500,LEFT DIFFUSER STICKER I,SRK 150 E (CITO),22820,2510,25330,MEDIUM,BODY,1
05521KAERG00,LEFT DIFFUSER STICKER I,SRK 150 E (CITO),22820,2510,25330,MEDIUM,BODY,1
05521KAES600,LEFT DIFFUSER STICKER I,SRK 150 E (CITO),22820,2510,25330,MEDIUM,BODY,1
05521KAEWS00,LEFT DIFFUSER STICKER I,SRK 150 E (CITO),22820,2510,25330,MEDIUM,BODY,1
05521L79BW01,LEFT TRIM PANEL OF FRONT COWL PANEL LEFT DECAL,FORT 250  ADVENTURE ABS,22820,2510,25330,MEDIUM,BODY,1
05521L79CX01,LEFT TRIM PANEL OF FRONT COWL PANEL LEFT DECAL,FORT 250  ADVENTURE ABS,22820,2510,25330,MEDIUM,BODY,1
05521L79FB01,LEFT TRIM PANEL OF FRONT COWL PANEL LEFT DECAL,FORT 250  ADVENTURE ABS,22820,2510,25330,MEDIUM,BODY,1
05521L79VM01,LEFT TRIM PANEL OF FRONT COWL PANEL LEFT DECAL,FORT 250  ADVENTURE CBS,22820,2510,25330,MEDIUM,BODY,1
05521M79E703,RIGHT FRONT PANEL DECAL,AX 180  (VIENTO) ABS,11410,1255,12665,MEDIUM,BODY,1
05521M79H500,LEFT FRONT PANEL DECAL,AX 180  (VIENTO) ABS,22820,2510,25330,MEDIUM,BODY,1
05521M79K500,LEFT FRONT PANEL DECAL,AX 180  (VIENTO) ABS,22820,2510,25330,MEDIUM,BODY,1
05521M79RG03,LEFT FRONT PANEL DECAL,AX 180  (VIENTO) CBS,11410,1255,12665,MEDIUM,BODY,1
05521M79VM03,RIGHT FRONT PANEL DECAL,AX 180  (VIENTO) ABS,22820,2510,25330,MEDIUM,BODY,1
05521N59NJ00,LEFT CONNECTING PLATE STICKER,FORD 250,11410,1255,12665,MEDIUM,BODY,1
05521N59RG00,LEFT CONNECTING PLATE STICKER,FORD 250,11410,1255,12665,MEDIUM,BODY,1
05521N59VM00,LEFT CONNECTING PLATE STICKER,FORD 250,11410,1255,12665,MEDIUM,BODY,1
05521P380000,FRONT DECAL,FORT 250  ADVENTURE ABS,5710,628,6338,MEDIUM,BODY,1
05522KAEBL00,RIGHT DIFFUSER STICKER I,SRK 150 E (CITO),22820,2510,25330,MEDIUM,BODY,1
05522KAEH500,RIGHT DIFFUSER STICKER I,SRK 150 E (CITO),22820,2510,25330,MEDIUM,BODY,1
05522KAERG00,RIGHT DIFFUSER STICKER I,SRK 150 E (CITO),22820,2510,25330,MEDIUM,BODY,1
05522KAES600,RIGHT DIFFUSER STICKER I,SRK 150 E (CITO),22820,2510,25330,MEDIUM,BODY,1
05522KAEWS00,RIGHT DIFFUSER STICKER I,SRK 150 E (CITO),22820,2510,25330,MEDIUM,BODY,1
05522KU80000,RIGHT FRONT PANEL DECAL,AX 180  (VIENTO) ABS,11410,1255,12665,MEDIUM,BODY,1
05522L79BW01,FRONT COWL PANEL RIGHT TRIM PANEL DECAL,FORT 250  ADVENTURE ABS,22820,2510,25330,MEDIUM,BODY,1
05522L79CX01,FRONT COWL PANEL RIGHT TRIM PANEL DECAL,FORT 250  ADVENTURE ABS,22820,2510,25330,MEDIUM,BODY,1
05522L79FB01,FRONT COWL PANEL RIGHT TRIM PANEL DECAL,FORT 250  ADVENTURE ABS,22820,2510,25330,MEDIUM,BODY,1
05522L79VM01,FRONT COWL PANEL RIGHT TRIM PANEL DECAL,FORT 250  ADVENTURE CBS,22820,2510,25330,MEDIUM,BODY,1
05522M79E703,LEFT FRONT PANEL DECAL,AX 180  (VIENTO) ABS,11410,1255,12665,MEDIUM,BODY,1
05522M79RG03,RIGHT FRONT PANEL DECAL,AX 180  (VIENTO) CBS,11410,1255,12665,MEDIUM,BODY,1
05522M79VM03,LEFT FRONT PANEL DECAL,AX 180  (VIENTO) ABS,22820,2510,25330,MEDIUM,BODY,1
05522N59NJ00,RIGHT CONNECTING PLATE STICKER,FORD 250,11410,1255,12665,MEDIUM,BODY,1
05522N59RG00,RIGHT CONNECTING PLATE STICKER,FORD 250,11410,1255,12665,MEDIUM,BODY,1
05522N59VM00,RIGHT CONNECTING PLATE STICKER,FORD 250,11410,1255,12665,MEDIUM,BODY,1
05523KAEBL00,LEFT DIFFUSER STICKER II,SRK 150 E (CITO),11410,1255,12665,MEDIUM,BODY,1
05523KAEH500,LEFT DIFFUSER STICKER II,SRK 150 E (CITO),11410,1255,12665,MEDIUM,BODY,1
05523KAERG00,LEFT DIFFUSER STICKER II,SRK 150 E (CITO),11410,1255,12665,MEDIUM,BODY,1
05523KAES600,LEFT DIFFUSER STICKER II,SRK 150 E (CITO),11410,1255,12665,MEDIUM,BODY,1
05523KAEWS00,LEFT DIFFUSER STICKER II,SRK 150 E (CITO),11410,1255,12665,MEDIUM,BODY,1
05523L79BW01,FRONT HOOD BASE PLATE LEFT DECAL,FORT 250  ADVENTURE ABS,17120,1883,19003,MEDIUM,BODY,1
05523L79CX01,FRONT HOOD BASE PLATE LEFT DECAL,FORT 250  ADVENTURE ABS,17120,1883,19003,MEDIUM,BODY,1
05523L79FB01,FRONT HOOD BASE PLATE LEFT DECAL,FORT 250  ADVENTURE ABS,17120,1883,19003,MEDIUM,BODY,1
05523L79VM01,FRONT HOOD BASE PLATE RIGHT DECAL,FORT 250  ADVENTURE CBS,17120,1883,19003,MEDIUM,BODY,1
05523M79E703,LEFT SIDE CONNECTOR STICKER I,AX 180  (VIENTO) ABS,11410,1255,12665,MEDIUM,BODY,1
05523M79H500,LEFT SIDE CONNECTOR STICKER,AX 180  (VIENTO) ABS,17120,1883,19003,MEDIUM,BODY,1
05523M79K500,LEFT SIDE CONNECTOR STICKER,AX 180  (VIENTO) ABS,17120,1883,19003,MEDIUM,BODY,1
05523M79PF03,LEFT SIDE CONNECTOR STICKER I,AX 180  (VIENTO) ABS,11410,1255,12665,MEDIUM,BODY,1
05523M79RG03,LEFT SIDE CONNECTOR STICKER I,AX 180  (VIENTO) CBS,11410,1255,12665,MEDIUM,BODY,1
05523M79VM03,LEFT SIDE CONNECTOR STICKER I,AX 180  (VIENTO) ABS,22820,2510,25330,MEDIUM,BODY,1
05523P410000,SHROUD HARD MARK,FORD 250,45630,5019,50649,MEDIUM,OTHER,1
05523PC20001,FUEL TANK LABEL,SRV 600 V,51340,5647,56987,SLOW,BODY,1
05524KAEBL00,RIGHT DIFFUSER STICKER II,SRK 150 E (CITO),11410,1255,12665,MEDIUM,BODY,1
05524KAEH500,RIGHT DIFFUSER STICKER II,SRK 150 E (CITO),11410,1255,12665,MEDIUM,BODY,1
05524KAERG00,RIGHT DIFFUSER STICKER II,SRK 150 E (CITO),11410,1255,12665,MEDIUM,BODY,1
05524KAES600,RIGHT DIFFUSER STICKER II,SRK 150 E (CITO),11410,1255,12665,MEDIUM,BODY,1
05524KAEWS00,RIGHT DIFFUSER STICKER II,SRK 150 E (CITO),11410,1255,12665,MEDIUM,BODY,1
05524L79BW01,FRONT HOOD BASE PLATE RIGHT DECAL,FORT 250  ADVENTURE ABS,17120,1883,19003,MEDIUM,BODY,1
05524L79CX01,FRONT HOOD BASE PLATE RIGHT DECAL,FORT 250  ADVENTURE ABS,17120,1883,19003,MEDIUM,BODY,1
05524L79FB01,FRONT HOOD BASE PLATE RIGHT DECAL,FORT 250  ADVENTURE ABS,17120,1883,19003,MEDIUM,BODY,1
05524L79VM01,FRONT HOOD BASE PLATE LEFT DECAL,FORT 250  ADVENTURE CBS,17120,1883,19003,MEDIUM,BODY,1
05524M79E703,RIGHT CONNECTING PLATE DECAL I,AX 180  (VIENTO) ABS,11410,1255,12665,MEDIUM,BODY,1
05524M79H500,RIGHT CONNECTING PLATE DECAL,AX 180  (VIENTO) ABS,17120,1883,19003,MEDIUM,BODY,1
05524M79K500,RIGHT CONNECTING PLATE DECAL,AX 180  (VIENTO) ABS,17120,1883,19003,MEDIUM,BODY,1
05524M79PF03,RIGHT CONNECTING PLATE DECAL I,AX 180  (VIENTO) ABS,11410,1255,12665,MEDIUM,BODY,1
05524M79RG03,RIGHT CONNECTING PLATE DECAL I,AX 180  (VIENTO) CBS,11410,1255,12665,MEDIUM,BODY,1
05524M79VM03,RIGHT CONNECTING PLATE DECAL I,AX 180  (VIENTO) ABS,22820,2510,25330,MEDIUM,BODY,1
05525M79E703,LEFT SIDE CONNECTOR STICKER II,AX 180  (VIENTO) ABS,11410,1255,12665,MEDIUM,BODY,1
05525M79RG03,LEFT SIDE CONNECTOR STICKER II,AX 180  (VIENTO) CBS,11410,1255,12665,MEDIUM,BODY,1
05525M79VM03,LEFT SIDE CONNECTOR STICKER II,AX 180  (VIENTO) ABS,22820,2510,25330,MEDIUM,BODY,1
05526M79E703,RIGHT CONNECTING PLATE DECAL II,AX 180  (VIENTO) ABS,11410,1255,12665,MEDIUM,BODY,1
05526M79RG03,RIGHT CONNECTING PLATE DECAL II,AX 180  (VIENTO) CBS,11410,1255,12665,MEDIUM,BODY,1
05526M79VM03,RIGHT CONNECTING PLATE DECAL II,AX 180  (VIENTO) ABS,22820,2510,25330,MEDIUM,BODY,1
05531N280004,FUEL TANK WARNING STICKER,SRV 250 AMT,5710,628,6338,SLOW,BODY,1
05531N47BG03,LEFT FUEL TANK STICKER,SRV 250 AMT,17120,1883,19003,SLOW,BODY,1
05531N47S603,LEFT FUEL TANK STICKER,SRV 250 AMT,17120,1883,19003,SLOW,BODY,1
05531N47X903,LEFT FUEL TANK STICKER,SRV 250 AMT,17120,1883,19003,SLOW,BODY,1
05531PCZBL02,LEFT FUEL TANK STICKER,SRV 250 AL (LIBERO),22820,2510,25330,SLOW,BODY,1
05531PCZJE02,LEFT FUEL TANK STICKER,SRV 250 AL (LIBERO),22820,2510,25330,SLOW,BODY,1
05531PCZNJ02,LEFT FUEL TANK STICKER,SRV 250 AL (LIBERO),22820,2510,25330,SLOW,BODY,1
05532N47BG03,RIGHT FUEL TANK DECAL,SRV 250 AMT,17120,1883,19003,SLOW,BODY,1
05532N47S603,RIGHT FUEL TANK DECAL,SRV 250 AMT,17120,1883,19003,SLOW,BODY,1
05532N47X903,RIGHT FUEL TANK DECAL,SRV 250 AMT,17120,1883,19003,SLOW,BODY,1
05532PCDBL00,FUEL TANK STICKER,SRK 800 RR,5710,628,6338,SLOW,BODY,1
05532PCDFB00,FUEL TANK STICKER,SRK 800 RR,5710,628,6338,SLOW,BODY,1
05532PCDRG00,FUEL TANK STICKER,SRK 800 RR,5710,628,6338,SLOW,BODY,1
05532PCZBL02,RIGHT FUEL TANK DECAL,SRV 250 AL (LIBERO),22820,2510,25330,SLOW,BODY,1
05532PCZJE02,RIGHT FUEL TANK DECAL,SRV 250 AL (LIBERO),22820,2510,25330,SLOW,BODY,1
05532PCZNJ02,RIGHT FUEL TANK DECAL,SRV 250 AL (LIBERO),22820,2510,25330,SLOW,BODY,1
05533PCDBL00,LEFT FUEL TANK STICKER I,SRK 800 RR,5710,628,6338,SLOW,BODY,1
05533PCDRG00,LEFT FUEL TANK STICKER I,SRK 800 RR,5710,628,6338,SLOW,BODY,1
05533PCDX900,LEFT FUEL TANK STICKER I,SRK 800 RR,5710,628,6338,SLOW,BODY,1
05533U340001,FUEL LABEL,AX 180  (VIENTO) ABS,5710,628,6338,MEDIUM,OTHER,1
05534NTA0000,ENERGY CONSUMPTION LABEL,FORT 250  ADVENTURE ABS,5710,628,6338,MEDIUM,OTHER,1
05534PCDBL00,RIGHT FUEL TANK STICKER I,SRK 800 RR,5710,628,6338,SLOW,BODY,1
05534PCDRG00,RIGHT FUEL TANK STICKER I,SRK 800 RR,5710,628,6338,SLOW,BODY,1
05534PCDX900,RIGHT FUEL TANK STICKER I,SRK 800 RR,5710,628,6338,SLOW,BODY,1
05535PCZ0002,LABEL OF FUEL TANK,SRV 250 AL (LIBERO),22820,2510,25330,SLOW,BODY,1
05539B240000,OIL LEVEL WARNING LABEL,AX 180  (VIENTO) ABS,5710,628,6338,FAST,OIL_FLUID,1
05541PCDBL02,LEFT FOOT PROTECTIVE BOARD STICKER,SRK 800 RR,22820,2510,25330,MEDIUM,BODY,1
05541PCDFB03,LEFT FOOT PROTECTIVE BOARD STICKER,SRK 800 RR,22820,2510,25330,MEDIUM,BODY,1
05541PCDRG02,LEFT FOOT PROTECTIVE BOARD STICKER,SRK 800 RR,22820,2510,25330,MEDIUM,BODY,1
05541PCDX902,LEFT FOOT PROTECTIVE BOARD STICKER,SRK 800 RR,22820,2510,25330,MEDIUM,BODY,1
05542L79BW01,LEFT PEDAL FRONT TRIM PANEL DECAL,FORT 250  ADVENTURE ABS,22820,2510,25330,MEDIUM,BODY,1
05542L79BW03,LEFT PEDAL FRONT TRIM PANEL DECAL,FORT 250  ADVENTURE ABS,22820,2510,25330,MEDIUM,BODY,1
05542L79CX01,LEFT PEDAL FRONT TRIM PANEL DECAL,FORT 250  ADVENTURE ABS,22820,2510,25330,MEDIUM,BODY,1
05542L79VM01,RIGHT PEDAL FRONT TRIM PANEL DECAL,FORT 250  ADVENTURE CBS,22820,2510,25330,MEDIUM,BODY,1
05542PCDBL00,RIGHT FOOT PROTECTIVE BOARD STICKER,SRK 800 RR,22820,2510,25330,MEDIUM,BODY,1
05542PCDFB00,RIGHT FOOT PROTECTIVE BOARD STICKER,SRK 800 RR,22820,2510,25330,MEDIUM,BODY,1
05542PCDRG00,RIGHT FOOT PROTECTIVE BOARD STICKER,SRK 800 RR,22820,2510,25330,MEDIUM,BODY,1
05542PCDX900,RIGHT FOOT PROTECTIVE BOARD STICKER,SRK 800 RR,22820,2510,25330,MEDIUM,BODY,1
05543L79BW01,RIGHT PEDAL FRONT TRIM PANEL DECAL,FORT 250  ADVENTURE ABS,22820,2510,25330,MEDIUM,BODY,1
05543L79BW03,RIGHT PEDAL FRONT TRIM PANEL DECAL,FORT 250  ADVENTURE ABS,22820,2510,25330,MEDIUM,BODY,1
05543L79CX01,RIGHT PEDAL FRONT TRIM PANEL DECAL,FORT 250  ADVENTURE ABS,22820,2510,25330,MEDIUM,BODY,1
05543L79VM01,LEFT PEDAL FRONT TRIM PANEL DECAL,FORT 250  ADVENTURE CBS,22820,2510,25330,MEDIUM,BODY,1
05543PCDBL02,LEFT FOOT PROTECTION BOARD DECAL II,SRK 800 RR,11410,1255,12665,MEDIUM,BODY,1
05543PCDFB04,LEFT FOOT PROTECTION BOARD DECAL II,SRK 800 RR,11410,1255,12665,MEDIUM,BODY,1
05543PCDRG02,LEFT FOOT PROTECTION BOARD DECAL II,SRK 800 RR,11410,1255,12665,MEDIUM,BODY,1
05544L79BW01,LEFT PROTECTIVE STRIP DECAL,FORT 250  ADVENTURE ABS,22820,2510,25330,MEDIUM,BODY,1
05544L79CX01,LEFT PROTECTIVE STRIP DECAL,FORT 250  ADVENTURE ABS,22820,2510,25330,MEDIUM,BODY,1
05544L79FB01,LEFT PROTECTIVE STRIP DECAL,FORT 250  ADVENTURE ABS,22820,2510,25330,MEDIUM,BODY,1
05544L79VM01,LEFT PROTECTIVE STRIP DECAL,FORT 250  ADVENTURE CBS,22820,2510,25330,MEDIUM,BODY,1
05544PCDBL02,RIGHT FOOT PROTECTION BOARD DECAL II,SRK 800 RR,11410,1255,12665,MEDIUM,BODY,1
05544PCDFB04,RIGHT FOOT PROTECTION BOARD DECAL II,SRK 800 RR,11410,1255,12665,MEDIUM,BODY,1
05544PCDRG02,RIGHT FOOT PROTECTION BOARD DECAL II,SRK 800 RR,11410,1255,12665,MEDIUM,BODY,1
05545L79BW01,RIGHT PROTECTIVE STRIP DECAL,FORT 250  ADVENTURE ABS,22820,2510,25330,MEDIUM,BODY,1
05545L79CX01,RIGHT PROTECTIVE STRIP DECAL,FORT 250  ADVENTURE ABS,22820,2510,25330,MEDIUM,BODY,1
05545L79FB01,RIGHT PROTECTIVE STRIP DECAL,FORT 250  ADVENTURE ABS,22820,2510,25330,MEDIUM,BODY,1
05545L79VM01,RIGHT PROTECTIVE STRIP DECAL,FORT 250  ADVENTURE CBS,22820,2510,25330,MEDIUM,BODY,1
05545PCDBL00,LEFT FOOT PROTECTION BOARD DECAL III,SRK 800 RR,22820,2510,25330,MEDIUM,BODY,1
05545PCDFB00,LEFT FOOT PROTECTION BOARD DECAL III,SRK 800 RR,22820,2510,25330,MEDIUM,BODY,1
05545PCDRG00,LEFT FOOT PROTECTION BOARD DECAL III,SRK 800 RR,22820,2510,25330,MEDIUM,BODY,1
05545PCDX900,LEFT FOOT PROTECTION BOARD DECAL III,SRK 800 RR,22820,2510,25330,MEDIUM,BODY,1
05546PCDBL00,RIGHT FOOT PROTECTION BOARD DECAL III,SRK 800 RR,22820,2510,25330,MEDIUM,BODY,1
05546PCDFB00,RIGHT FOOT PROTECTION BOARD DECAL III,SRK 800 RR,22820,2510,25330,MEDIUM,BODY,1
05546PCDRG00,RIGHT FOOT PROTECTION BOARD DECAL III,SRK 800 RR,22820,2510,25330,MEDIUM,BODY,1
05546PCDX900,RIGHT FOOT PROTECTION BOARD DECAL III,SRK 800 RR,22820,2510,25330,MEDIUM,BODY,1
05547PCDBL00,LEFT FOOT PROTECTION BOARD DECAL IV,SRK 800 RR,5710,628,6338,MEDIUM,BODY,1
05547PCDFB00,LEFT FOOT PROTECTION BOARD DECAL IV,SRK 800 RR,5710,628,6338,MEDIUM,BODY,1
05547PCDRG00,LEFT FOOT PROTECTION BOARD DECAL IV,SRK 800 RR,5710,628,6338,MEDIUM,BODY,1
05547PCDRG01,LEFT FOOT PROTECTION BOARD DECAL IV,SRK 800 RR,5710,628,6338,MEDIUM,BODY,1
05548PCDBL00,RIGHT FOOT PROTECTION BOARD DECAL IV,SRK 800 RR,5710,628,6338,MEDIUM,BODY,1
05548PCDFB00,RIGHT FOOT PROTECTION BOARD DECAL IV,SRK 800 RR,5710,628,6338,MEDIUM,BODY,1
05548PCDRG00,RIGHT FOOT PROTECTION BOARD DECAL IV,SRK 800 RR,5710,628,6338,MEDIUM,BODY,1
05548PCDRG01,RIGHT FOOT PROTECTION BOARD DECAL IV,SRK 800 RR,5710,628,6338,MEDIUM,BODY,1
05549PCDRG00,LEFT ENGINE HOOD DECAL,SRK 800 RR,5710,628,6338,SLOW,ENGINE,1
05559PCDRG00,RIGHT ENGINE HOOD DECAL,SRK 800 RR,5710,628,6338,SLOW,ENGINE,1
05561N470000,DECORATIVE NICKEL LABEL OF AIR FILTER,SRV 250 AMT,102670,11293,113963,FAST,ENGINE,1
05571KAE0000,TAIL COVER LABEL,SRK 150 E (CITO),5710,628,6338,MEDIUM,BODY,1
05571L79BW01,LEFT TAIL COVER DECAL,FORT 250  ADVENTURE ABS,17120,1883,19003,MEDIUM,BODY,1
05571L79CX01,LEFT TAIL COVER DECAL,FORT 250  ADVENTURE ABS,17120,1883,19003,MEDIUM,BODY,1
05571L79FB01,LEFT TAIL COVER DECAL,FORT 250  ADVENTURE ABS,17120,1883,19003,MEDIUM,BODY,1
05571L79VM01,LEFT TAIL COVER DECAL,FORT 250  ADVENTURE CBS,17120,1883,19003,MEDIUM,BODY,1
05571N47S603,LEFT STICKER ON THE REAR MUDGUARD,SRV 250 AMT,17120,1883,19003,MEDIUM,BODY,1
05571PCDBL01,TAIL COVER DECAL,SRK 800 RR,5710,628,6338,MEDIUM,BODY,1
05571PCDFB01,TAIL COVER DECAL,SRK 800 RR,5710,628,6338,MEDIUM,BODY,1
05571PCDRG02,TAIL COVER DECAL,SRK 800 RR,5710,628,6338,MEDIUM,BODY,1
05571PCDX901,TAIL COVER DECAL,SRK 800 RR,5710,628,6338,MEDIUM,BODY,1
05571PCZBL02,LEFT STICKER ON THE REAR MUDGUARD,SRV 250 AL (LIBERO),28520,3137,31657,MEDIUM,BODY,1
05571PCZJE02,LEFT STICKER ON THE REAR MUDGUARD,SRV 250 AL (LIBERO),28520,3137,31657,MEDIUM,BODY,1
05571PCZNJ02,LEFT STICKER ON THE REAR MUDGUARD,SRV 250 AL (LIBERO),28520,3137,31657,MEDIUM,BODY,1
05572L79BW01,RIGHT TAIL COVER DECAL,FORT 250  ADVENTURE ABS,17120,1883,19003,MEDIUM,BODY,1
05572L79CX01,RIGHT TAIL COVER DECAL,FORT 250  ADVENTURE ABS,17120,1883,19003,MEDIUM,BODY,1
05572L79FB01,RIGHT TAIL COVER DECAL,FORT 250  ADVENTURE ABS,17120,1883,19003,MEDIUM,BODY,1
05572L79VM01,RIGHT TAIL COVER DECAL,FORT 250  ADVENTURE CBS,17120,1883,19003,MEDIUM,BODY,1
05572N47S603,RIGHT STICKER ON THE REAR MUDGUARD,SRV 250 AMT,17120,1883,19003,MEDIUM,BODY,1
05572PC20000,TAIL COVER APPLIQUE,SRV 600 V,11410,1255,12665,MEDIUM,BODY,1
05572PC20100,TAIL COVER APPLIQUE,SRV 600 V,11410,1255,12665,MEDIUM,BODY,1
05572PCDBL00,LEFT TAIL COVER STICKER,SRK 800 RR,5710,628,6338,MEDIUM,BODY,1
05572PCDFB00,LEFT TAIL COVER STICKER,SRK 800 RR,5710,628,6338,MEDIUM,BODY,1
05572PCDX900,LEFT TAIL COVER STICKER,SRK 800 RR,5710,628,6338,MEDIUM,BODY,1
05572PCZBL02,RIGHT STICKER ON THE REAR MUDGUARD,SRV 250 AL (LIBERO),28520,3137,31657,MEDIUM,BODY,1
05572PCZJE02,RIGHT STICKER ON THE REAR MUDGUARD,SRV 250 AL (LIBERO),28520,3137,31657,MEDIUM,BODY,1
05572PCZNJ02,RIGHT STICKER ON THE REAR MUDGUARD,SRV 250 AL (LIBERO),28520,3137,31657,MEDIUM,BODY,1
05573PCDBL00,RIGHT TAIL COVER DECAL,SRK 800 RR,5710,628,6338,MEDIUM,BODY,1
05573PCDFB00,RIGHT TAIL COVER DECAL,SRK 800 RR,5710,628,6338,MEDIUM,BODY,1
05573PCDX900,RIGHT TAIL COVER DECAL,SRK 800 RR,5710,628,6338,MEDIUM,BODY,1
05575NT50001,LEFT TAILGATE HARD LABEL,FORT 250  ADVENTURE ABS,57040,6274,63314,MEDIUM,OTHER,1
05576NT50001,RIGHT TAILGATE HARD LABEL,FORT 250  ADVENTURE ABS,57040,6274,63314,MEDIUM,OTHER,1
05581J780000,TIRE PRESSURE LABEL,AX 180  (VIENTO) ABS,5710,628,6338,MEDIUM,OTHER,1
05581N220001,TIRE PRESSURE LABELING,SRV 250 AMT,5710,628,6338,MEDIUM,OTHER,1
05582K980000,TRANSPARENT WEAR RESISTANT STICKER,SRK 800 RR,5710,628,6338,MEDIUM,BODY,1
05582PCDWD00,WHEEL RIM DECALS,SRK 800 RR,51340,5647,56987,SLOW,BODY,1
05583P380000,CHAIN ADJUSTMENT LABEL,SRK 800 RR,5710,628,6338,FAST,DRIVE,1
05589P810000,3M VELCRO,SRV 600 V,17120,1883,19003,MEDIUM,OTHER,1
06101L790000,EXPANSION KETTLE OUTLET PIPE,FORT 250  ADVENTURE ABS,5710,628,6338,MEDIUM,OTHER,1
06101M550000,EXPANSION KETTLE OUTLET PIPE,AX 180  (VIENTO) ABS,5710,628,6338,MEDIUM,OTHER,1
06101NT30000,CONNECTION PIPE BETWEEN WATER TANK AND WATER INLET,FORT 250  ADVENTURE ABS,22820,2510,25330,SLOW,BODY,1
06101P540000,OUTLET PIPE OF EXPANSION KETTLE,SRV 250 AMT,11410,1255,12665,MEDIUM,OTHER,1
06101PC20000,EXPANSION KETTLE INLET PIPE,SRV 600 V,11410,1255,12665,MEDIUM,OTHER,1
06102M550000,EXPANSION KETTLE INLET PIPE,AX 180  (VIENTO) ABS,28520,3137,31657,MEDIUM,OTHER,1
06102NT30000,CONNECTION PIPE BETWEEN WATER TANK AND EXPANSION KETTLE,FORT 250  ADVENTURE ABS,22820,2510,25330,SLOW,BODY,1
06103N120100,WATER PIPE PLATE CLAMP Φ25,SRV 250 AMT,5710,628,6338,FAST,ELECTRICAL,1
06103N140000,CLAMP 13,SRK 800 RR,5710,628,6338,FAST,ELECTRICAL,1
06103N290100,CLAMP Φ28,FORD 250,5710,628,6338,FAST,ELECTRICAL,1
06103N510000,OVERFLOW PIPE OF EXPANSION KETTLE,FORD 250,5710,628,6338,MEDIUM,OTHER,1
06103P160100,WATER PIPE PLATE CLAMP Φ 32,SRV 600 V,11410,1255,12665,FAST,ELECTRICAL,1
06106P540000,CONNECTING PIPE BETWEEN EXPANSION KETTLE AND WATER INLET OF WATER TANK,SRV 250 AMT,11410,1255,12665,SLOW,BODY,1
06106PCL0000,EXPANSION KETTLE AND WATER TANK WATER INLET CONNECTION PIPE,SRV 250 AL (LIBERO),11410,1255,12665,SLOW,BODY,1
06107N510000,CONNECTING PIPE BETWEEN WATER INLET AND WATER TANK,FORD 250,91260,10038,101298,SLOW,BODY,1
06107P540000,WATER INLET OF WATER TANK AND CONNECTING PIPE OF WATER TANK,SRV 250 AMT,22820,2510,25330,SLOW,BODY,1
06107PC20000,CONNECTING PIPE BETWEEN WATER INLET AND WATER TANK,SRV 600 V,28520,3137,31657,SLOW,BODY,1
06107PCL0000,WATER TANK FILLING PORT AND WATER TANK CONNECTING PIPE,SRV 250 AL (LIBERO),22820,2510,25330,SLOW,BODY,1
06110P950000,EXPANSION KETTLE ASSEMBLY,SRK 800 RR,62750,6902,69652,MEDIUM,OTHER,1
06111L790000,EXPANSION KETTLE,FORT 250  ADVENTURE ABS,34230,3765,37995,MEDIUM,OTHER,1
06111M550000,EXPANSION KETTLE,AX 180  (VIENTO) ABS,57040,6274,63314,MEDIUM,OTHER,1
06111N510000,EXPANSION KETTLE,FORD 250,57040,6274,63314,MEDIUM,OTHER,1
06111P540000,EXPANSION KETTLE,SRV 250 AMT,57040,6274,63314,MEDIUM,OTHER,1
06111PC20000,EXPANSION KETTLE,SRV 600 V,51340,5647,56987,MEDIUM,OTHER,1
06112J690000,EXPANSION KETTLE COVER,FORD 250,5710,628,6338,MEDIUM,BODY,1
06112L790000,EXPANSION KETTLE LID,FORT 250  ADVENTURE ABS,5710,628,6338,MEDIUM,OTHER,1
06112M550000,EXPANSION KETTLE LID,AX 180  (VIENTO) ABS,11410,1255,12665,MEDIUM,OTHER,1
06113P950000,EXPANSION KETTLE LID,SRV 600 V,11410,1255,12665,MEDIUM,OTHER,1
06130P540000,COVER AS-EXPANSION KETTLE,SRV 250 AMT,11410,1255,12665,MEDIUM,BODY,1
06140P950000,LEFT MOUNTING BASE OF EXPANSION KETTLE,SRK 800 RR,11410,1255,12665,MEDIUM,OTHER,1
06160N510001,OUTLET PIPE ASSEMBLY OF PENG BULGING KETTLE,FORD 250,45630,5019,50649,MEDIUM,OTHER,1
06160P950000,RADIATOR OVERFLOW PIPE ASSEMBLY,SRK 800 RR,34230,3765,37995,MEDIUM,COOLING,1
06210N590000,ENGINE WATER INLET PIPE ASSEMBLY,FORD 250,114080,12548,126628,SLOW,ENGINE,1
06210NT30000,ENGINE WATER INLET PIPE ASSEMBLY,FORT 250  ADVENTURE ABS,85560,9411,94971,SLOW,ENGINE,1
06211P540000,ENGINE WATER INLET PIPE,SRV 250 AMT,45630,5019,50649,SLOW,ENGINE,1
06211P950000,ENGINE WATER INLET PIPE,SRK 800 RR,51340,5647,56987,SLOW,ENGINE,1
06211PC20000,ENGINE WATER INLET PIPE,SRV 600 V,51340,5647,56987,SLOW,ENGINE,1
06250N590000,WATER OUTLET PIPE ASSEMBLY OF ENGINE,FORD 250,136890,15057,151947,SLOW,ENGINE,1
06250NT30000,ENGINE WATER OUTLET PIPE ASSEMBLY,FORT 250  ADVENTURE ABS,96970,10666,107636,SLOW,ENGINE,1
06250PC20000,ENGINE OUTLET PIPE ASSEMBLY,SRV 600 V,68450,7529,75979,SLOW,ENGINE,1
06251P540000,ENGINE WATER OUTLET PIPE,SRV 250 AMT,28520,3137,31657,SLOW,ENGINE,1
06251P950000,ENGINE WATER OUTLET PIPE,SRK 800 RR,57040,6274,63314,SLOW,ENGINE,1
06251PCL0000,ENGINE WATER OUTLET PIPE,SRV 250 AL (LIBERO),34230,3765,37995,SLOW,ENGINE,1
06270N510001,SMALL CIRCULATING PIPE ASSEMBLY,FORD 250,39930,4392,44322,MEDIUM,OTHER,1
08001B030200,BOLT M8×20,FORD 250,5710,628,6338,FAST,FASTENER,1
08001B030500,BOLT M8×20,AX 180  (VIENTO) ABS,5710,628,6338,FAST,FASTENER,1
08001N510000,FRONT WINDSHIELD MOUNTING SCREW M8×35,FORD 250,5710,628,6338,FAST,BODY,1
08001P32000J,HEXAGON SOCKET HEAD CAP SCREW M8×25,SRV 250 AMT,5710,628,6338,FAST,FASTENER,1
08001P56000J,HEXAGON SOCKET HEAD CAP SCREW M10×1.25×40,SRV 250 AMT,11410,1255,12665,FAST,FASTENER,1
08001P620000,HEXAGON SOCKET TORX FLANGE SCREW M5×12,FORD 250,5710,628,6338,FAST,FASTENER,1
08001P620001,INTERNAL HEXAGONAL FLOWER SHAPED FLANGE SCREW M5×16,FORD 250,5710,628,6338,FAST,FASTENER,1
08001P62000J,HEXAGON SOCKET HEAD CAP SCREW M8×20,SRV 600 V,11410,1255,12665,FAST,FASTENER,1
08001P620100,HEXAGON LOBULAR FLANGE SCREW M5×12,SRV 600 V,5710,628,6338,FAST,FASTENER,1
08001P620101,HEXAGON SOCKET TORX FLANGE SCREW M5×16,SRK 800 RR,5710,628,6338,FAST,FASTENER,1
08001P65020J,HEXAGONAL FLOWER SHAPED CYLINDRICAL HEAD SCREW M10×1.25×55,SRV 250 AMT,11410,1255,12665,FAST,FASTENER,1
08001P950000,HEXAGON SOCKET TORX CYLINDRICAL FLANGE SCREW M12×1.00×30,SRK 800 RR,5710,628,6338,FAST,FASTENER,1
08001T750300,FUEL TANK CAP FIXING SCREW ST4.2×13,FORT 250  ADVENTURE ABS,5710,628,6338,FAST,BODY,1
08001TA70000,CROSS HEAD PAN HEAD STEP SCREW,AX 180  (VIENTO) ABS,5710,628,6338,FAST,FASTENER,1
08002N510000,REAR SHELF MOUNTING SCREW M8×55,FORD 250,5710,628,6338,FAST,FASTENER,1
08002P32001J,HEXAGON SOCKET HEAD CAP SCREW M6×12,SRV 250 AMT,5710,628,6338,FAST,FASTENER,1
08002P32002J,HEXAGON LOBULAR CYLINDRICAL HEAD SCREW M6×16,SRV 600 V,5710,628,6338,FAST,FASTENER,1
08002P32003J,HEXAGON SOCKET PAN HEAD SCREW M6×20,SRV 250 AMT,5710,628,6338,FAST,FASTENER,1
08002P32004J,HEXAGON SOCKET HEAD CAP SCREW M6×25,SRV 250 AMT,5710,628,6338,FAST,FASTENER,1
08002P32005J,HEXAGON LOBULAR CYLINDRICAL HEAD SCREW M6×30,SRV 600 V,5710,628,6338,FAST,FASTENER,1
08002P410000,CHAIN ADJUSTMENT SCREW M8×50,SRV 600 V,5710,628,6338,FAST,DRIVE,1
08002P56000J,HEXAGON SOCKET HEAD CAP SCREW M8×30,SRV 250 AMT,11410,1255,12665,FAST,FASTENER,1
08002P620000,HEXAGON LOBULAR FLANGE SCREW M6×8,SRV 600 V,5710,628,6338,FAST,FASTENER,1
08002P620001,HEXAGON SOCKET TORX FLANGE SCREW M6×12,FORD 250,5710,628,6338,FAST,FASTENER,1
08002P620002,HEXAGON SOCKET TORX FLANGE SCREW M6×14,FORD 250,5710,628,6338,FAST,FASTENER,1
08002P620003,HEXAGON SOCKET FLANGE SCREW M6×20,SRV 250 AMT,5710,628,6338,FAST,FASTENER,1
08002P620004,HEXAGON SOCKET TORX FLANGE SCREW,FORD 250,5710,628,6338,FAST,FASTENER,1
08002P620005,HEXAGON SOCKET FLANGE SCREW M6×30,SRV 250 AMT,5710,628,6338,FAST,FASTENER,1
08002P620006,INTERNAL HEXAGONAL FLOWER SHAPED FLANGE SCREW M6×40,SRV 250 AMT,5710,628,6338,FAST,FASTENER,1
08002P620009,HEXAGON LOBULAR FLANGE SCREW M6×16,SRV 600 V,5710,628,6338,FAST,FASTENER,1
08002P62000J,HEXAGON SOCKET HEAD CAP SCREW M8×16,SRV 600 V,5710,628,6338,FAST,FASTENER,1
08002P620102,HEXAGON SOCKET TORX FLANGE SCREW M6×14,SRK 800 RR,5710,628,6338,FAST,FASTENER,1
08002P620103,HEXAGONAL FLOWER SHAPED FLANGE SCREW M6×20,AX 180  (VIENTO) ABS,5710,628,6338,FAST,FASTENER,1
08002P620108,HEXAGON SOCKET TORX FLANGE SCREW M6×16,SRK 800 RR,5710,628,6338,FAST,FASTENER,1
08002P620J03,HEXAGON SOCKET FLANGE SCREW M6×20,SRV 250 AMT,5710,628,6338,FAST,FASTENER,1
08002T020100,INSTALL BOLT B,AX 180  (VIENTO) ABS,5710,628,6338,FAST,FASTENER,1
08003P620000,HEXAGON SOCKET FLANGE STEP SCREW M6×15,FORD 250,5710,628,6338,FAST,FASTENER,1
08003P620100,HEXAGON SOCKET TORX FLANGE STEP SCREW M6×15,SRK 800 RR,5710,628,6338,FAST,FASTENER,1
08003PBR0000,INTERNAL HEXAGONAL FLOWER SHAPED FLANGE STEP SCREW M6×10,SRV 250 AL (LIBERO),5710,628,6338,FAST,FASTENER,1
08003T020300,MOUNTING BOLT A,FORT 250  ADVENTURE ABS,5710,628,6338,FAST,FASTENER,1
08004P380100,HEXAGON SOCKET FLOWER FLANGE STEP SCREW M6×19,FORT 250  ADVENTURE ABS,11410,1255,12665,FAST,FASTENER,1
08004P620000,HEXAGON HEAD FLANGE SCREW M6×19,FORT 250  ADVENTURE ABS,5710,628,6338,FAST,FASTENER,1
08004PAD0000,FRONT MUD PLATE INSTALATION SCREWS,FORT 250  ADVENTURE ABS,11410,1255,12665,FAST,FASTENER,1
08005P620000,THIN HEXAGON FLANGE SCREW M8×16,SRV 250 AMT,5710,628,6338,FAST,FASTENER,1
08005P620002,REAR SHELF MOUNTING SCREW M8×55,FORD 250,5710,628,6338,FAST,FASTENER,1
08005P620J00,THIN HEXAGON FLANGE SCREW M8×16,SRV 250 AMT,5710,628,6338,FAST,FASTENER,1
08006P620J01,THIN HEXAGONAL TORX FLANGE SCREW M10×1.25×55,SRK 800 RR,11410,1255,12665,FAST,FASTENER,1
08010N350000,GROUNDING BOLT ASSEMBLY,SRV 600 V,5710,628,6338,FAST,FASTENER,1
08010P060000,GROUNDING BOLT M6×16,FORD 250,5710,628,6338,FAST,FASTENER,1
08011H010200,BOSS BOLT,AX 180  (VIENTO) ABS,5710,628,6338,FAST,FASTENER,1
08011N510000,GAS SPRING FIXING BOLT,FORD 250,5710,628,6338,FAST,FASTENER,1
08011N59000J,BOLT M8×50,FORD 250,5710,628,6338,FAST,FASTENER,1
08011N59001J,BOLT M8×55,FORD 250,5710,628,6338,FAST,FASTENER,1
08011P950000,LEFT FRONT ENGINE MOUNTING BOLT M12×1.25×65,SRK 800 RR,17120,1883,19003,FAST,ENGINE,1
08011T090200,COMBINATION BOLT,FORD 250,5710,628,6338,FAST,FASTENER,1
08012N050K00,BOLT M6×12,FORT 250  ADVENTURE ABS,5710,628,6338,FAST,FASTENER,1
08012P620000,HEXAGON SOCKET TORX RECESSED HEXAGON FLANGE BOLT M5×10,SRK 800 RR,5710,628,6338,FAST,FASTENER,1
08012P620001,HEXAGON SOCKET HEXAGON FLANGE BOLT M5×16,SRV 250 AMT,5710,628,6338,FAST,FASTENER,1
08012P620002,HEXAGON FLOWER BOLT M5×20,FORD 250,5710,628,6338,FAST,FASTENER,1
08012P950000,RIGHT FRONT ENGINE MOUNTING BOLT M12×1.25×40,SRK 800 RR,11410,1255,12665,FAST,ENGINE,1
08012T090100,COMBINATION BOLT M6×25,FORD 250,5710,628,6338,FAST,FASTENER,1
08013P06000J,SCREW M6×20,SRV 250 AMT,5710,628,6338,FAST,FASTENER,1
08013P620000,HEXAGONAL FLOWER SHAPED CONCAVE HEXAGONAL FLANGE BOLT M6×10,SRV 600 V,5710,628,6338,FAST,FASTENER,1
08013P620002,HEXAGONAL FLOWER SHAPED CONCAVE HEXAGONAL FLANGE BOLT M6×14,SRV 600 V,5710,628,6338,FAST,FASTENER,1
08014P620001,HEXAGON FLANGE BOLT M8×14,FORD 250,5710,628,6338,FAST,FASTENER,1
08014P620002,HEXAGONAL FLOWER SHAPED CONCAVE HEXAGONAL FLANGE BOLT M8×16,SRV 600 V,5710,628,6338,FAST,FASTENER,1
08014P620003,HEXAGONAL FLOWER BOLT M8×20,FORD 250,5710,628,6338,FAST,FASTENER,1
08014P620004,HEXAGONAL FLOWER SHAPED CONCAVE HEXAGONAL FLANGE BOLT M8×30,SRV 600 V,5710,628,6338,FAST,FASTENER,1
08014P620005,HEXAGON FLANGE BOLT M8×40,FORD 250,5710,628,6338,FAST,FASTENER,1
08014P620006,HEXAGONAL FLOWER SHAPED CONCAVE HEXAGONAL FLANGE BOLT M8×45,SRK 800 RR,5710,628,6338,FAST,FASTENER,1
08014P620009,BOLT M6×65,SRV 250 AMT,11410,1255,12665,FAST,FASTENER,1
08014P620011,HEXAGONAL FLOWER SHAPED CONCAVE HEXAGONAL FLANGE BOLT M8×55,SRK 800 RR,5710,628,6338,FAST,FASTENER,1
08014P620012,INTERNAL HEXAGONAL FLOWER SHAPED CONCAVE HEXAGONAL FLANGE BOLT M8×25,SRV 250 AMT,5710,628,6338,FAST,FASTENER,1
08014P620013,HEXAGON FLANGE BOLT M8×35 WITH HEXAGONAL FLOWER SHAPED RECESS,FORT 250  ADVENTURE ABS,5710,628,6338,FAST,FASTENER,1
08014T800100,FAUCET FIXING BOLT M10×1.25×50,FORD 250,5710,628,6338,FAST,FASTENER,1
08015P620002,INTERNAL HEXAGONAL FLOWER SHAPED CONCAVE HEXAGONAL FLANGE BOLT M10×1.25×25,SRV 250 AMT,11410,1255,12665,FAST,FASTENER,1
08015P620003,HEXAGON FLANGE BOLT M10×1.25×30,FORD 250,11410,1255,12665,FAST,FASTENER,1
08015P620004,HEXAGON FLANGE BOLT M10×1.25×40,FORD 250,11410,1255,12665,FAST,FASTENER,1
08015P620007,INTERNAL HEXAGONAL FLOWER SHAPED CONCAVE HEXAGONAL FLANGE BOLT M10 × 1.25 × 68,FORT 250  ADVENTURE ABS,17120,1883,19003,FAST,FASTENER,1
08015P620008,INTERNAL HEXAGONAL FLOWER SHAPED CONCAVE HEXAGONAL FLANGE BOLT M10 × 1.25 × 75,FORT 250  ADVENTURE ABS,17120,1883,19003,FAST,FASTENER,1
08015P620014,INTERNAL HEXAGONAL FLOWER SHAPED CONCAVE HEXAGONAL FLANGE BOLT M10×1.25×60,AX 180  (VIENTO) ABS,11410,1255,12665,FAST,FASTENER,1
08015P620J04,"HEXAGON SOCKET HEXAGON FLANGE BOLT WITH INNER HEXAGON FLOWER SHAPE, M10×1.25×40",SRV 250 AMT,17120,1883,19003,FAST,FASTENER,1
08015P620J05,HEXAGON LOBULAR SOCKET HEAD CAP SCREWS M10×1.25×45,FORD 250,11410,1255,12665,FAST,FASTENER,1
08015P620J14,HEXAGON LOBULAR SOCKET HEAD CAP SCREWS M10×1.25×60,FORD 250,17120,1883,19003,FAST,FASTENER,1
08018P16000J,HEXAGONAL FLOWER SHAPED CYLINDRICAL HEAD SCREW M8×20,SRV 250 AL (LIBERO),5710,628,6338,FAST,FASTENER,1
08018U570000,U-SHAPED BOLT,SRK 150 E (CITO),11410,1255,12665,FAST,FASTENER,1
08021H070100,GASKET,SRK 150 E (CITO),5710,628,6338,FAST,FASTENER,1
08021J830100,FLANGE WASHER,SRV 600 V,5710,628,6338,FAST,FASTENER,1
08021N510000,ENGINE LIMIT ROD INSTALLATION GASKET,FORD 250,5710,628,6338,FAST,ENGINE,1
08021P950000,SHIM Φ14.5×Φ28×0.3,SRK 800 RR,5710,628,6338,MEDIUM,OTHER,1
08022N050000,INSULATION GASKET I,FORD 250,5710,628,6338,FAST,FASTENER,1
08022N510000,HANGER SHAFT MOUNTING PAD,FORD 250,5710,628,6338,SLOW,OTHER,1
08023G120030,GASKET,SRK 150 E (CITO),5710,628,6338,FAST,FASTENER,1
08023J000100,FUEL TANK MOUNTING GASKET,SRK 800 RR,5710,628,6338,FAST,BODY,1
08029S020300,BOLT M10×1.25×55,SRV 600 V,11410,1255,12665,FAST,FASTENER,1
08050KTJ0001,HEXAGONAL ANTI LOOSENING NUT COMPONENT,AX 180  (VIENTO) ABS,11410,1255,12665,FAST,FASTENER,1
08051N030100,NUT M8,FORD 250,5710,628,6338,FAST,FASTENER,1
08051P100100,SELF LOCKING NUT M20×1.5,SRV 250 AMT,11410,1255,12665,FAST,FASTENER,1
08051S040010,LEFT NUT M6,SRV 600 V,5710,628,6338,FAST,FASTENER,1
08051TA80000,REAR WHEEL FIXING NUT,AX 180  (VIENTO) ABS,17120,1883,19003,FAST,FASTENER,1
08053G120100,GUARD PLATE MOUNTING CLAMP NUT,SRK 800 RR,5710,628,6338,FAST,FASTENER,1
08054T020000,NUT,SRK 150 E (CITO),5710,628,6338,FAST,FASTENER,1
08071T740100,BUSHING,SRK 150 E (CITO),5710,628,6338,MEDIUM,SUSPENSION,1
08200N590000,FRONT PLATE BRACKET WELDED ASSEMBLY,FORD 250,114080,12548,126628,MEDIUM,OTHER,1
08200NTK0000,FRONT PLATE BRACKET WELDED ASSEMBLY,FORT 250  ADVENTURE ABS,199640,21960,221600,MEDIUM,OTHER,1
08200PCZ0000,FRONT PLATE BRACKET WELDED ASSEMBLY,SRV 250 AL (LIBERO),85560,9411,94971,MEDIUM,OTHER,1
08202P160001,REAR LICENSE PLATE BRACKET,SRV 600 V,22820,2510,25330,MEDIUM,OTHER,1
08203N700000,FRONT PLATE SUPPORT,SRV 250 AMT,11410,1255,12665,MEDIUM,OTHER,1
08210PCD0000,FRONT PLATE BRACKET WELDED ASSEMBLY,SRK 800 RR,28520,3137,31657,MEDIUM,OTHER,1
08251T440000,NUMBER PLATE BRACKET SPACER SLEEVE,SRK 800 RR,5710,628,6338,MEDIUM,OTHER,1
08252L340001,REAR LICENSE PLATE BRACKET,AX 180  (VIENTO) ABS,17120,1883,19003,MEDIUM,OTHER,1
08252U430000,REAR LICENSE PLATE BRACKET,SRV 250 AMT,17120,1883,19003,MEDIUM,OTHER,1
08260P540000,MOUNTING SEAT OF REAR LICENSE PLATE BRACKET,SRV 250 AMT,85560,9411,94971,MEDIUM,BODY,1
08305B400100,BUSHING,SRK 800 RR,5710,628,6338,MEDIUM,SUSPENSION,1
08330L790000,LEFT HEADLAMP BRACKET ASSEMBLY,FORT 250  ADVENTURE ABS,114080,12548,126628,FAST,ELECTRICAL,1
08331P540000,HEADLAMP SHIELD,SRV 250 AMT,205340,22587,227927,FAST,ELECTRICAL,1
08331P620000,HEADLIGHT BUFFER RUBBER,SRK 800 RR,5710,628,6338,MEDIUM,OTHER,1
08331PAD0000,HEADLIGHT BUFFER RUBBER,FORT 250  ADVENTURE ABS,5710,628,6338,MEDIUM,OTHER,1
08331PD30000,INSTALLATION BASE UNDER HEADLIGHTS,SRV 250 AL (LIBERO),125490,13803,139293,MEDIUM,OTHER,1
08332L790000,HEADLAMP BRACKET INSERT I,FORT 250  ADVENTURE ABS,11410,1255,12665,FAST,ELECTRICAL,1
08333L790000,HEADLAMP BRACKET RUBBER,FORT 250  ADVENTURE ABS,5710,628,6338,FAST,ELECTRICAL,1
08340L790000,RIGHT HEADLAMP BRACKET ASSEMBLY,FORT 250  ADVENTURE ABS,102670,11293,113963,FAST,ELECTRICAL,1
08340PCZ0000,WELDING COMPONENTS OF HEADLIGHT BRACKET,SRV 250 AL (LIBERO),22820,2510,25330,MEDIUM,OTHER,1
08371P540000,SHIFT LEVER LINK,SRK 800 RR,57040,6274,63314,MEDIUM,OTHER,1
08371PC20000,SHIFT LEVER CONNECTING ROD,SRV 600 V,51340,5647,56987,MEDIUM,OTHER,1
08372D010000,SHIFT PEDAL RUBBER,SRK 800 RR,5710,628,6338,MEDIUM,OTHER,1
08375S010000,NODAL HEAD,SRV 600 V,34230,3765,37995,MEDIUM,OTHER,1
08380P95000Z,SHIFT LEVER COMBINATION,SRK 800 RR,199640,21960,221600,MEDIUM,OTHER,1
08380PC20000,SHIFT LEVER ASSEMBLY,SRV 600 V,233860,25724,259584,MEDIUM,OTHER,1
08381P950000,SHIFT LEVER MOUNTING BASE,SRK 800 RR,57040,6274,63314,MEDIUM,OTHER,1
08383PAD0000,SHIFT LEVER ROCKER ARM,SRV 600 V,176820,19450,196270,MEDIUM,OTHER,1
08386PAD0000,SHIFT LEVER BUSHING I,SRV 600 V,5710,628,6338,MEDIUM,SUSPENSION,1
08471N510000,FRONT LEFT REFLECTOR BRACKET,FORD 250,5710,628,6338,MEDIUM,OTHER,1
08481N510000,FRONT RIGHT REFLECTOR BRACKET,FORD 250,5710,628,6338,MEDIUM,OTHER,1
08510P540000,HEADLAMP MOUNTING BASE,SRV 250 AMT,11410,1255,12665,FAST,ELECTRICAL,1
08510P950001,HEADLIGHT BRACKET WELDING ASSEMBLY,SRK 800 RR,239560,26351,265911,MEDIUM,OTHER,1
08515P540000,LEFT BRACKET OF HEADLAMP,SRV 250 AMT,233860,25724,259584,FAST,ELECTRICAL,1
08523P250010,INSTALLING SPACER SLEEVES UNDER HEADLIGHTS,SRV 250 AL (LIBERO),5710,628,6338,MEDIUM,OTHER,1
08524P250000,HEADLIGHT BUFFER SLEEVE,SRV 250 AL (LIBERO),5710,628,6338,MEDIUM,OTHER,1
08525P540000,RIGHT HEADLAMP BRACKET,SRV 250 AMT,233860,25724,259584,FAST,ELECTRICAL,1
10004609001X,SCREW STUD,FORD 250,5710,628,6338,FAST,FASTENER,1
100046680000,SEALING RINGS,SRK 800 RR,5710,628,6338,FAST,FASTENER,1
100053070001,O-RING 10×2,SRV 600 V,5710,628,6338,MEDIUM,OTHER,1
100053390000,LOCATING PIN,FORT 250  ADVENTURE ABS,5710,628,6338,MEDIUM,OTHER,1
100083050000,O-RING,SRV 600 V,5710,628,6338,MEDIUM,OTHER,1
100084050000,WASHER 5,SRV 250 AMT,5710,628,6338,FAST,FASTENER,1
100096030000,WATER TEMPERATURE SENSOR,SRK 800 RR,142600,15686,158286,MEDIUM,ELECTRICAL,1
100113870000,CYLINDER HEAD COVER RETAINING BOLT,SRK 150 E (CITO),5710,628,6338,FAST,ENGINE,1
100133070000,GASKET,SRK 150 E (CITO),5710,628,6338,FAST,FASTENER,1
100136680000,PLUGS,SRK 800 RR,17120,1883,19003,FAST,OTHER,1
100143370000,BREATHER PIPE,AX 180  (VIENTO) ABS,5710,628,6338,MEDIUM,OTHER,1
100143870000,VENT PIPE,FORT 250  ADVENTURE ABS,5710,628,6338,MEDIUM,OTHER,1
100155450000,OUTLET PIPE ASSY,FORD 250,11410,1255,12665,MEDIUM,OTHER,1
100156530000,PLUG M12×1.5,SRV 600 V,148300,16313,164613,FAST,OTHER,1
100156680000,WATER PIPE,SRK 800 RR,17120,1883,19003,MEDIUM,OTHER,1
100176680000,EXHAUST FITTING GROUP,SRK 800 RR,119780,13175,132955,SLOW,OTHER,1
100205040000,STOPPER,FORD 250,5710,628,6338,MEDIUM,OTHER,1
100236030000,CYLINDER HEAD BOLT ASSEMBLY,SRV 600 V,17120,1883,19003,FAST,ENGINE,1
100255150000,LOCATING PIN,SRV 600 V,5710,628,6338,MEDIUM,OTHER,1
100286030000,SET BUSHING,SRV 600 V,5710,628,6338,MEDIUM,SUSPENSION,1
100296680000,WATER INLET CONNECTION,SRK 800 RR,51340,5647,56987,MEDIUM,OTHER,1
100306680000,SEALING RINGS,SRK 800 RR,11410,1255,12665,FAST,FASTENER,1
100325150100,WATER JACKET SCREW M12×1×10,SRV 600 V,5710,628,6338,FAST,FASTENER,1
109013870000,CYLINDER HEAD COVER,SRK 150 E (CITO),85560,9411,94971,SLOW,ENGINE,1
10901668MM01,CYLINDER HEAD COVER,SRK 800 RR,422080,46428,468508,SLOW,ENGINE,1
109023870000,CYLINDER HEAD COVER GASKET,SRK 150 E (CITO),34230,3765,37995,FAST,ENGINE,1
109023900000,CYLINDER HEAD COVER GASKET,AX 180  (VIENTO) ABS,45630,5019,50649,FAST,ENGINE,1
109026520000,GASKET ASSEMBLY,SRV 600 V,11410,1255,12665,FAST,FASTENER,1
109026590000,CYLINDER HEAD COVER O-RING,SRV 250 AMT,39930,4392,44322,SLOW,ENGINE,1
109026680000,CYLINDER HEAD COVER GASKET ASSEMBLY,SRK 800 RR,228150,25096,253246,FAST,ENGINE,1
109045470000,CYLINDER HEAD MACHINING COMPONENTS,AX 180  (VIENTO) ABS,1186380,130501,1316881,SLOW,ENGINE,1
109045480000,MACHINED AS-CYLINDER HEAD,FORT 250  ADVENTURE ABS,1346090,148069,1494159,SLOW,ENGINE,1
109054670000,CYLINDER HEAD MACHINED ASSEMBLY,SRK 150 E (CITO),849860,93484,943344,SLOW,ENGINE,1
109055450000,CYLINDER HEAD MACHINING COMPONENTS,FORD 250,1100830,121091,1221921,SLOW,ENGINE,1
10905659N901,MACHINED AS-CYLINDER HEAD,SRV 250 AMT,1574240,173166,1747406,SLOW,ENGINE,1
10905668BY01,CYLINDER HEAD MACHINING COMPONENTS,SRK 800 RR,4397600,483736,4881336,SLOW,ENGINE,1
10905686NB2X,MACHINED AS-CYLINDER HEAD,SRV 250 AL (LIBERO),1665500,183205,1848705,SLOW,ENGINE,1
10905690BG00,CYLINDER HEAD MACHINING COMPONENTS,SRV 600 V,3154180,346959,3501139,SLOW,ENGINE,1
109074670000,CYLINDER HEAD GASKET,SRK 150 E (CITO),17120,1883,19003,FAST,ENGINE,1
109075450000,CYLINDER HEAD GASKET,FORD 250,62750,6902,69652,FAST,ENGINE,1
109075470000,CYLINDER HEAD GASKET,AX 180  (VIENTO) ABS,45630,5019,50649,FAST,ENGINE,1
109075480000,CYLINDER HEAD GASKET,FORT 250  ADVENTURE ABS,68450,7529,75979,FAST,ENGINE,1
109076590000,CYLINDER HEAD GASKET,SRV 250 AMT,62750,6902,69652,FAST,ENGINE,1
109076680000,CYLINDER HEAD GASKET,SRK 800 RR,182520,20077,202597,FAST,ENGINE,1
109076900000,FRONT CYLINDER HEAD GASKET,SRV 600 V,96970,10666,107636,FAST,ENGINE,1
109105470000,THERMOSTAT COVER,AX 180  (VIENTO) ABS,22820,2510,25330,MEDIUM,BODY,1
109106520000,CYLINDER HEAD BOLT,SRK 800 RR,17120,1883,19003,FAST,ENGINE,1
10910659N901,CYLINDER HEAD SIDE COVER,SRV 250 AMT,62750,6902,69652,SLOW,ENGINE,1
10910686NB1X,CYLINDER HEAD SIDE COVER,SRV 250 AL (LIBERO),91260,10038,101298,SLOW,ENGINE,1
109113870000,CAMSHAFT DAMPER,SRK 150 E (CITO),5710,628,6338,SLOW,ENGINE,1
109113900000,PLATEN PAPER PAD,AX 180  (VIENTO) ABS,5710,628,6338,MEDIUM,OTHER,1
109115450000,CYLINDER HEAD COVER,FORD 250,96970,10666,107636,SLOW,ENGINE,1
109116590000,INTAKE ELBOW CLAMP,SRV 250 AMT,11410,1255,12665,FAST,ELECTRICAL,1
109123870000,HEX SOCKET SCREW M6×14,SRK 150 E (CITO),5710,628,6338,FAST,FASTENER,1
109123900000,PLATEN,AX 180  (VIENTO) ABS,5710,628,6338,MEDIUM,OTHER,1
109125450000,CYLINDER HEAD COVER  GASKET,FORD 250,17120,1883,19003,FAST,ENGINE,1
109126590000,CYLINDER HEAD BOLT,SRV 250 AMT,17120,1883,19003,FAST,ENGINE,1
109127040000,THERMAUTOSTAT HOUSING,FORT 250  ADVENTURE ABS,17120,1883,19003,MEDIUM,OTHER,1
109133870000,MAZE PAD,SRK 150 E (CITO),5710,628,6338,MEDIUM,OTHER,1
109135250000,"PLATE, PORT",FORD 250,5710,628,6338,MEDIUM,OTHER,1
109135450000,CHAIN WHEEL COVER,FORD 250,45630,5019,50649,FAST,BODY,1
10913690BG00,CYLINDER HEAD MACHINING COMPONENTS,SRV 600 V,45630,5019,50649,SLOW,ENGINE,1
109143870000,LABYRINTH PLATE,SRK 150 E (CITO),5710,628,6338,MEDIUM,OTHER,1
109145450000,ORING,FORD 250,5710,628,6338,MEDIUM,OTHER,1
109145470000,CLAMP,AX 180  (VIENTO) ABS,5710,628,6338,FAST,ELECTRICAL,1
109146680000,LABYRINTH CLAMP,SRK 800 RR,11410,1255,12665,FAST,ELECTRICAL,1
109147040000,CLAMPING PLATE,FORT 250  ADVENTURE ABS,5710,628,6338,FAST,ELECTRICAL,1
109155450000,OIL AND GAS SEPARATOR ASSEMBLY,FORD 250,22820,2510,25330,FAST,OIL_FLUID,1
10915668MM01,SECONDARY RECHARGE VALVE COVER,SRK 800 RR,45630,5019,50649,MEDIUM,ENGINE,1
109157040000,SCREW STOPPER M10×1,FORT 250  ADVENTURE ABS,5710,628,6338,FAST,FASTENER,1
109166590000,INTAKE PIPE O-RING,SRV 250 AMT,5710,628,6338,MEDIUM,OTHER,1
109166680000,CYLINDER HEAD COVER CANNULA,SRK 800 RR,5710,628,6338,SLOW,ENGINE,1
109175480000,CYLINDER HEAD BOLT ASSY,FORT 250  ADVENTURE ABS,11410,1255,12665,FAST,ENGINE,1
109176460000,OIL PLUG,FORD 250,11410,1255,12665,FAST,OIL_FLUID,1
109185450000,GASKET,FORD 250,5710,628,6338,FAST,FASTENER,1
109195450000,CLAMP,FORD 250,5710,628,6338,FAST,ELECTRICAL,1
109196590000,CYLINDER HEAD SIDE COVER GASKET,SRV 250 AMT,5710,628,6338,FAST,ENGINE,1
109206460000,LUG MC6×1,SRV 250 AL (LIBERO),22820,2510,25330,MEDIUM,OTHER,1
109206520000,CYLINDER HEAD COVER BOLT,SRK 800 RR,11410,1255,12665,FAST,ENGINE,1
109216590020,CYLINDER HEAD OUTLET PIPE,SRV 250 AMT,28520,3137,31657,SLOW,ENGINE,1
10921690MM01,FRONT CYLINDER HEAD COVER,SRV 600 V,268080,29488,297568,SLOW,ENGINE,1
10921690MM02,REAR CYLINDER HEAD COVER,SRV 600 V,273780,30115,303895,SLOW,ENGINE,1
109226570000,O-RING SEAL,SRV 600 V,5710,628,6338,FAST,FASTENER,1
109226590000,O-RING OF CYLINDER HEAD OUTLET PIPE,SRV 250 AMT,5710,628,6338,SLOW,ENGINE,1
109226900000,FRONT CYLINDER HEAD COVER GASKET ASSEMBLY,SRV 600 V,142600,15686,158286,FAST,ENGINE,1
109226900010,FRONT CYLINDER HEAD COVER GASKET ASSEMBLY,SRV 600 V,142600,15686,158286,FAST,ENGINE,1
109234590000,SCREW STUD,AX 180  (VIENTO) ABS,5710,628,6338,FAST,FASTENER,1
109236520000,SCREW STUD,SRK 800 RR,11410,1255,12665,FAST,FASTENER,1
109236590000,ROCKER SHAFT BAFFLE,SRV 250 AMT,5710,628,6338,SLOW,OTHER,1
109236890000,CYLINDER HEAD COVER BOLT GASKET,SRV 600 V,11410,1255,12665,FAST,FASTENER,1
109237040000,STUD M8,FORT 250  ADVENTURE ABS,5710,628,6338,MEDIUM,OTHER,1
109247040000,PIPE,FORT 250  ADVENTURE ABS,11410,1255,12665,MEDIUM,OTHER,1
109256520000,GASKET,SRV 250 AMT,5710,628,6338,FAST,FASTENER,1
109266460000,WASHER 10.3×13.5×0.7,FORD 250,5710,628,6338,FAST,FASTENER,1
109276460000,BOLT M10×8.2,FORD 250,17120,1883,19003,FAST,FASTENER,1
109286460010,THERMOSTAT  COVER,FORD 250,34230,3765,37995,MEDIUM,BODY,1
109286900000,HIGH PRESSURE PACK POSITIONING CLIP,SRV 600 V,11410,1255,12665,MEDIUM,FASTENER,1
109306680000,CLAMP COMPONENT,SRK 800 RR,11410,1255,12665,FAST,ELECTRICAL,1
10931659CM01,COVER AS-CYLINDER HEAD,SRV 250 AL (LIBERO),239560,26351,265911,SLOW,ENGINE,1
10931659MM01,COVER AS-CYLINDER HEAD,SRV 250 AMT,239560,26351,265911,SLOW,ENGINE,1
109316900000,REAR CYLINDER HEAD GASKET,SRV 600 V,102670,11293,113963,FAST,ENGINE,1
109326900000,PIPE JOINT,SRV 600 V,28520,3137,31657,MEDIUM,OTHER,1
109336900000,BOLT M6,SRV 600 V,11410,1255,12665,FAST,FASTENER,1
109406680000,CLAMP COMPONENT,SRK 800 RR,11410,1255,12665,FAST,ELECTRICAL,1
109446570000,RUBBER WASHER,SRK 150 E (CITO),11410,1255,12665,FAST,FASTENER,1
109506900000,CYLINDER HEAD COVER BOLT,SRV 600 V,11410,1255,12665,FAST,ENGINE,1
109516590000,CYLINDER HEAD COVER BOLT,SRV 250 AMT,5710,628,6338,FAST,ENGINE,1
109525470000,CYLINDER HEAD COVER,AX 180  (VIENTO) ABS,108380,11921,120301,SLOW,ENGINE,1
10952704056X,CYLINDER HEAD COVER ASSEMBLY,FORT 250  ADVENTURE ABS,142600,15686,158286,SLOW,ENGINE,1
109537040000,CYLINDER HEAD COVER GASKET,FORT 250  ADVENTURE ABS,68450,7529,75979,FAST,ENGINE,1
109646460000,BOLT M5×16,FORD 250,5710,628,6338,FAST,FASTENER,1
110013540000,O-RING,SRV 600 V,5710,628,6338,MEDIUM,OTHER,1
110036030000,BACKFIRE STOPPER,SRK 800 RR,5710,628,6338,MEDIUM,OTHER,1
110043050030,DAMP,FORD 250,5710,628,6338,MEDIUM,OTHER,1
110043090015,CLAMP COMPONENT32-48,SRV 600 V,5710,628,6338,FAST,ELECTRICAL,1
110066030000,REED VALVE ASSEMBLY,SRK 800 RR,45630,5019,50649,MEDIUM,ENGINE,1
110103070000,VENTILATION CHAMBER COVER,FORD 250,17120,1883,19003,MEDIUM,BODY,1
119016590000,INTAKE MANIFOLD ASSEMBLY,SRV 250 AMT,62750,6902,69652,MEDIUM,OTHER,1
119043070020,REED VALVES,FORD 250,34230,3765,37995,MEDIUM,ENGINE,1
119123870000,INTAKE PIPE DOUBLE STUD,SRK 150 E (CITO),5710,628,6338,MEDIUM,OTHER,1
120013050000,VALVE SEAL,SRV 250 AMT,5710,628,6338,FAST,ENGINE,1
120013140000,PLUG,FORD 250,5710,628,6338,FAST,OTHER,1
120015090000,OIL SEAL SYS. VALVE,FORD 250,5710,628,6338,FAST,ENGINE,1
120086030000,"COTTER,VALUE",SRV 600 V,5710,628,6338,MEDIUM,OTHER,1
120093090000,WASHER 8,FORD 250,5710,628,6338,FAST,FASTENER,1
120103090000,CYLINDER BLOCK LOCATING PIN Ф11×Ф8.4×16,SRV 250 AL (LIBERO),5710,628,6338,SLOW,ENGINE,1
120111270H00,CAP NUT M6×14,FORD 250,5710,628,6338,FAST,FASTENER,1
120113090000,COPPER WASHER 8,AX 180  (VIENTO) ABS,5710,628,6338,FAST,FASTENER,1
120126030000,VALVE OIL SEAL,SRV 600 V,5710,628,6338,FAST,ENGINE,1
120133090002,WASHER,SRV 250 AL (LIBERO),5710,628,6338,FAST,FASTENER,1
120156030000,BOLT M7×11,SRK 800 RR,5710,628,6338,FAST,FASTENER,1
120176220000,VALVE SPRING,SRV 600 V,17120,1883,19003,MEDIUM,ENGINE,1
120506030000,TAPPET,SRV 600 V,28520,3137,31657,MEDIUM,OTHER,1
120506030400,TAPPET 400,SRV 600 V,28520,3137,31657,MEDIUM,OTHER,1
120506030402,TAPPET 402,SRV 600 V,28520,3137,31657,MEDIUM,OTHER,1
120506030404,TAPPET 404,SRV 600 V,28520,3137,31657,MEDIUM,OTHER,1
120506030406,TAPPET 406,SRV 600 V,28520,3137,31657,MEDIUM,OTHER,1
120506030408,TAPPET 408,SRV 600 V,28520,3137,31657,MEDIUM,OTHER,1
120506030410,TAPPET 410,SRV 600 V,28520,3137,31657,MEDIUM,OTHER,1
120506030412,TAPPET 412,SRV 600 V,28520,3137,31657,MEDIUM,OTHER,1
120506030414,TAPPET 414,SRV 600 V,28520,3137,31657,MEDIUM,OTHER,1
120506030416,TAPPET 416,SRV 600 V,28520,3137,31657,MEDIUM,OTHER,1
120506030418,TAPPET 418,SRV 600 V,28520,3137,31657,MEDIUM,OTHER,1
120506030420,TAPPET 420,SRV 600 V,28520,3137,31657,MEDIUM,OTHER,1
120506030422,TAPPET 422,SRV 600 V,28520,3137,31657,MEDIUM,OTHER,1
120506030424,TAPPET 424,SRV 600 V,28520,3137,31657,MEDIUM,OTHER,1
120506030426,TAPPET 426,SRV 600 V,28520,3137,31657,MEDIUM,OTHER,1
120506030428,TAPPET 428,SRV 600 V,28520,3137,31657,MEDIUM,OTHER,1
120506030430,TAPPET 430,SRV 600 V,28520,3137,31657,MEDIUM,OTHER,1
129016590000,TIMING CHAIN,SRV 250 AMT,136890,15057,151947,FAST,DRIVE,1
129016600000,BOLT M6×11,SRV 250 AMT,5710,628,6338,FAST,FASTENER,1
129016680000,SPROCKET,SRK 800 RR,62750,6902,69652,FAST,DRIVE,1
129024590000,TIMING CHAIN,SRK 150 E (CITO),68450,7529,75979,FAST,DRIVE,1
129025440000,TIMING CHAIN,SRV 600 V,519050,57095,576145,FAST,DRIVE,1
129025480000,TIMING CHAIN,FORT 250  ADVENTURE ABS,131190,14430,145620,FAST,DRIVE,1
129026460010,TIMING CHAIN,FORD 250,125490,13803,139293,FAST,DRIVE,1
129026680000,TIMING CHAIN,SRK 800 RR,450600,49566,500166,FAST,DRIVE,1
129033870010,SPROCKET WHEEL,SRK 150 E (CITO),22820,2510,25330,FAST,DRIVE,1
129033900000,"CHAIN WHEEL,CAMSHAFT",AX 180  (VIENTO) ABS,22820,2510,25330,FAST,ENGINE,1
129035450000,"CHAIN WHEEL,CAMSHAFT",FORD 250,28520,3137,31657,FAST,ENGINE,1
129036590000,CAMSHAFT SPROCKET,SRV 250 AMT,62750,6902,69652,FAST,ENGINE,1
129036680000,"CHAIN WHEEL,CAMSHAFT",SRK 800 RR,79860,8784,88644,FAST,ENGINE,1
129037040000,"CHAIN WHEEL,CAMSHAFT",FORT 250  ADVENTURE ABS,22820,2510,25330,FAST,ENGINE,1
129046590000,CAMSHAFT SPROCKET PRESS PLATE,SRV 250 AMT,5710,628,6338,FAST,ENGINE,1
129055450000,APRON,FORD 250,5710,628,6338,MEDIUM,OTHER,1
129076680010,"CAMSHAFT,INTAKE",SRK 800 RR,667340,73407,740747,SLOW,ENGINE,1
129086680010,"CAMSHAFT,EXHAUST",SRK 800 RR,667340,73407,740747,SLOW,ENGINE,1
129094670010,CAMSHAFT ASSEMBLY,SRK 150 E (CITO),273780,30115,303895,SLOW,ENGINE,1
129095450000,CAMSHAFT ASSY,FORD 250,245270,26979,272249,SLOW,ENGINE,1
129095470000,CAMSHAFT ASSY,AX 180  (VIENTO) ABS,382160,42037,424197,SLOW,ENGINE,1
129095480000,CAMSHAFT ASSEMBLY,FORT 250  ADVENTURE ABS,587490,64623,652113,SLOW,ENGINE,1
129096590000,FRONT CAMSHAFT ASSEMBLY,SRV 250 AMT,205340,22587,227927,SLOW,ENGINE,1
129096680010,"CAMSHAFT ASSY,INTAKE",SRK 800 RR,781420,85956,867376,SLOW,ENGINE,1
129106590000,REAR CAMSHAFT ASSEMBLY,SRV 250 AMT,205340,22587,227927,SLOW,ENGINE,1
129106680010,"CAMSHAFT ASSY,EXHAUST",SRK 800 RR,781420,85956,867376,SLOW,ENGINE,1
129116900020,"CAMSHAFT ASSY,EXHAUST",SRV 600 V,456300,50193,506493,SLOW,ENGINE,1
129116900030,"CAMSHAFT ASSY,EXHAUST",SRV 600 V,456300,50193,506493,SLOW,ENGINE,1
129126900020,"CAMSHAFT ASSY,INTAKE",SRV 600 V,456300,50193,506493,SLOW,ENGINE,1
129126900030,"CAMSHAFT ASSY,INTAKE",SRV 600 V,456300,50193,506493,SLOW,ENGINE,1
129143870010,ROCKER ARM GROUP,SRK 150 E (CITO),79860,8784,88644,MEDIUM,OTHER,1
129163870000,INTAKE ROCKER ARM SHAFT,SRK 150 E (CITO),17120,1883,19003,SLOW,OTHER,1
129163900000,"SHAFT,ROCKER ARM",AX 180  (VIENTO) ABS,22820,2510,25330,SLOW,OTHER,1
129166590000,ROCKER ARM SHAFT,SRV 250 AMT,22820,2510,25330,SLOW,OTHER,1
129167040000,ROCKER ARM SHAFT,FORT 250  ADVENTURE ABS,22820,2510,25330,SLOW,OTHER,1
129173870000,EXHAUST ROCKER ARM SHAFT,SRK 150 E (CITO),17120,1883,19003,SLOW,OTHER,1
129175450000,"SHAFT,ROCKER ARM",FORD 250,62750,6902,69652,SLOW,OTHER,1
129184670000,INLET VALVE,SRK 150 E (CITO),28520,3137,31657,MEDIUM,ENGINE,1
129185450000,"VALVE,INTAKE",FORD 250,39930,4392,44322,MEDIUM,ENGINE,1
129185470000,"VALVE,INTAKE",AX 180  (VIENTO) ABS,28520,3137,31657,MEDIUM,ENGINE,1
129186590000,INLET VALVE,SRV 250 AMT,45630,5019,50649,MEDIUM,ENGINE,1
129186680000,"VALVE,INTAKE",SRK 800 RR,39930,4392,44322,MEDIUM,ENGINE,1
129186900000,"VALVE,INTAKE",SRV 600 V,39930,4392,44322,MEDIUM,ENGINE,1
129187040000,"VALVE,INTAKE",FORT 250  ADVENTURE ABS,39930,4392,44322,MEDIUM,ENGINE,1
129194670000,EXHAUST VALVE,SRK 150 E (CITO),51340,5647,56987,SLOW,ENGINE,1
129195450000,"VALVE,EXHAUST",FORD 250,62750,6902,69652,SLOW,ENGINE,1
129195470000,"VALVE,EXHAUST",AX 180  (VIENTO) ABS,39930,4392,44322,SLOW,ENGINE,1
129196590000,THE EXHAUST VALVE,SRV 250 AMT,62750,6902,69652,SLOW,ENGINE,1
129196680000,"VALVE,EXHAUST",SRK 800 RR,62750,6902,69652,SLOW,ENGINE,1
129196900000,"VALVE,EXHAUST",SRV 600 V,96970,10666,107636,SLOW,ENGINE,1
129197040000,"VALVE,EXHAUST",FORT 250  ADVENTURE ABS,79860,8784,88644,SLOW,ENGINE,1
129203870000,VALVE SPRING UPPER SEAT,SRK 150 E (CITO),5710,628,6338,MEDIUM,ENGINE,1
129203900000,VALVE SPRING PLATE,AX 180  (VIENTO) ABS,5710,628,6338,MEDIUM,ENGINE,1
129205090000,VALVE SPRING PLATE,FORD 250,5710,628,6338,MEDIUM,ENGINE,1
129206590000,VALVE SPRING SEAT,SRV 250 AMT,11410,1255,12665,MEDIUM,ENGINE,1
129206680000,VALVE SPRING PLATE,SRK 800 RR,11410,1255,12665,MEDIUM,ENGINE,1
129207040000,VALVE SPRING PLATE,FORT 250  ADVENTURE ABS,5710,628,6338,MEDIUM,ENGINE,1
129213870000,VALVE SPRING LOWER SEAT,SRK 150 E (CITO),5710,628,6338,MEDIUM,ENGINE,1
129213900000,VALVE SPRING SEAT,AX 180  (VIENTO) ABS,5710,628,6338,MEDIUM,ENGINE,1
129215090001,VALVE SPRING SEAT,FORD 250,5710,628,6338,MEDIUM,ENGINE,1
129216220000,VALVE SPRING SEAT,SRV 600 V,5710,628,6338,MEDIUM,ENGINE,1
129216590000,VALVE SPRING LOWER SEAT,SRV 250 AMT,11410,1255,12665,MEDIUM,ENGINE,1
129216680000,VALVE SPRING SEAT,SRK 800 RR,5710,628,6338,MEDIUM,ENGINE,1
129217040000,VALVE SPRING SEAT,FORT 250  ADVENTURE ABS,5710,628,6338,MEDIUM,ENGINE,1
129223870000,LOCK CLAMP,SRK 150 E (CITO),5710,628,6338,FAST,ELECTRICAL,1
129225090000,COTTER，VALUE,FORD 250,5710,628,6338,MEDIUM,OTHER,1
129226590000,VALVE LOCK CLAMP,SRV 250 AMT,5710,628,6338,FAST,ENGINE,1
129226610000,COTTER VALVE,FORT 250  ADVENTURE ABS,5710,628,6338,MEDIUM,ENGINE,1
129226680000,"COTTER,VALUE",SRK 800 RR,5710,628,6338,MEDIUM,OTHER,1
129246680462,TAPPET4.62,SRK 800 RR,51340,5647,56987,MEDIUM,OTHER,1
129246680465,TAPPET4.65,SRK 800 RR,51340,5647,56987,MEDIUM,OTHER,1
129246680468,TAPPET4.68,SRK 800 RR,51340,5647,56987,MEDIUM,OTHER,1
129246680471,TAPPET4.71,SRK 800 RR,51340,5647,56987,MEDIUM,OTHER,1
129246680474,TAPPET4.74,SRK 800 RR,51340,5647,56987,MEDIUM,OTHER,1
129246680477,TAPPET4.77,SRK 800 RR,51340,5647,56987,MEDIUM,OTHER,1
129253870000,VALVE SPRING,SRK 150 E (CITO),11410,1255,12665,MEDIUM,ENGINE,1
129255450000,VALVE SPRING，INNER,FORD 250,11410,1255,12665,MEDIUM,ENGINE,1
129255470000,"VALVE SPRING,EXHAUST",AX 180  (VIENTO) ABS,11410,1255,12665,SLOW,ENGINE,1
129256590000,VALVE SPRINGS,SRV 250 AMT,17120,1883,19003,MEDIUM,ENGINE,1
129256680000,VALVE SPRING,SRK 800 RR,17120,1883,19003,MEDIUM,ENGINE,1
129257040000,VALVE SPRINGS,FORT 250  ADVENTURE ABS,17120,1883,19003,MEDIUM,ENGINE,1
129265450000,VALVE SPRING，OUTER,FORD 250,17120,1883,19003,MEDIUM,ENGINE,1
129273870010,TWISTED SPRING GASKET,SRK 150 E (CITO),5710,628,6338,FAST,FASTENER,1
129283870010,TORSION SPRING,SRK 150 E (CITO),5710,628,6338,MEDIUM,OTHER,1
129293870010,SPROCKET PRESSURE PLATE,SRK 150 E (CITO),5710,628,6338,FAST,DRIVE,1
129303870010,SHAKE BLOCK COMPONENT,SRK 150 E (CITO),39930,4392,44322,MEDIUM,OTHER,1
129316610000,OIL SEAL SYS. VALVE,SRK 800 RR,5710,628,6338,FAST,ENGINE,1
129333870010,SPROCKET BOLT,SRK 150 E (CITO),11410,1255,12665,FAST,DRIVE,1
129336220000,VALVE SPRING PLATE,SRV 600 V,5710,628,6338,MEDIUM,ENGINE,1
129345450010,"ARM,VALVE ROCKER,IN",FORD 250,142600,15686,158286,MEDIUM,ENGINE,1
129345470000,"ARM,VALVE ROCKER,IN",AX 180  (VIENTO) ABS,114080,12548,126628,MEDIUM,ENGINE,1
129346590000,INTAKE ROCKER ARM ASSEMBLY,SRV 250 AMT,211040,23214,234254,MEDIUM,OTHER,1
129347040000,INTAKE ROCKER ARM ASSEMBLY,FORT 250  ADVENTURE ABS,131190,14430,145620,MEDIUM,OTHER,1
129355450000,"ARM,VALVE ROCKER,EX",FORD 250,136890,15057,151947,MEDIUM,ENGINE,1
129355470000,"ARM,VALVE ROCKER,EX",AX 180  (VIENTO) ABS,119780,13175,132955,MEDIUM,ENGINE,1
129356590000,EXHAUST ROCKER ARM ASSEMBLY,SRV 250 AMT,211040,23214,234254,SLOW,OTHER,1
129357040000,EXHAUST ROCKER ARM ASSEMBLY,FORT 250  ADVENTURE ABS,136890,15057,151947,SLOW,OTHER,1
129366520000,VALVE ADJUSTING WASHER,FORT 250  ADVENTURE ABS,11410,1255,12665,FAST,ENGINE,1
129366520175,"VALVE ADJUSTING WASHER,1.75",FORT 250  ADVENTURE ABS,11410,1255,12665,FAST,ENGINE,1
129366520178,"VALVE ADJUSTING WASHER,1.775",FORT 250  ADVENTURE ABS,11410,1255,12665,FAST,ENGINE,1
129366520180,"VALVE ADJUSTING WASHER,1.8",FORT 250  ADVENTURE ABS,11410,1255,12665,FAST,ENGINE,1
129366520182,"VALVE ADJUSTING WASHER,1.825",FORT 250  ADVENTURE ABS,11410,1255,12665,FAST,ENGINE,1
129366520185,"VALVE ADJUSTING WASHER,1.85",FORT 250  ADVENTURE ABS,11410,1255,12665,FAST,ENGINE,1
129366520188,"VALVE ADJUSTING WASHER,1.875",FORT 250  ADVENTURE ABS,11410,1255,12665,FAST,ENGINE,1
129366520190,"VALVE ADJUSTING WASHER,1.9",FORT 250  ADVENTURE ABS,11410,1255,12665,FAST,ENGINE,1
129366520192,"VALVE ADJUSTING WASHER,1.925",FORT 250  ADVENTURE ABS,11410,1255,12665,FAST,ENGINE,1
129366520195,"VALVE ADJUSTING WASHER,1.95",FORT 250  ADVENTURE ABS,11410,1255,12665,FAST,ENGINE,1
129366520198,"VALVE ADJUSTING WASHER,1.975",FORT 250  ADVENTURE ABS,11410,1255,12665,FAST,ENGINE,1
129366520200,"VALVE ADJUSTING WASHER,2",FORT 250  ADVENTURE ABS,11410,1255,12665,FAST,ENGINE,1
129366520202,"VALVE ADJUSTING WASHER,2.025",FORT 250  ADVENTURE ABS,11410,1255,12665,FAST,ENGINE,1
129366520205,"VALVE ADJUSTING WASHER,2.05",FORT 250  ADVENTURE ABS,11410,1255,12665,FAST,ENGINE,1
129366520208,"VALVE ADJUSTING WASHER,2.075",FORT 250  ADVENTURE ABS,11410,1255,12665,FAST,ENGINE,1
129366520210,"VALVE ADJUSTING WASHER,2.1",FORT 250  ADVENTURE ABS,11410,1255,12665,FAST,ENGINE,1
129366520212,"VALVE ADJUSTING WASHER,2.125",FORT 250  ADVENTURE ABS,11410,1255,12665,FAST,ENGINE,1
129366520215,"VALVE ADJUSTING WASHER,2.15",FORT 250  ADVENTURE ABS,11410,1255,12665,FAST,ENGINE,1
129366520218,"VALVE ADJUSTING WASHER,2.175",FORT 250  ADVENTURE ABS,11410,1255,12665,FAST,ENGINE,1
129366520220,"VALVE ADJUSTING WASHER,2.2",FORT 250  ADVENTURE ABS,11410,1255,12665,FAST,ENGINE,1
129366520222,"VALVE ADJUSTING WASHER,2.225",FORT 250  ADVENTURE ABS,11410,1255,12665,FAST,ENGINE,1
129366520225,"VALVE ADJUSTING WASHER,2.25",FORT 250  ADVENTURE ABS,11410,1255,12665,FAST,ENGINE,1
129366520228,"VALVE ADJUSTING WASHER,2.275",FORT 250  ADVENTURE ABS,11410,1255,12665,FAST,ENGINE,1
129366520230,"VALVE ADJUSTING WASHER,2.3",FORT 250  ADVENTURE ABS,11410,1255,12665,FAST,ENGINE,1
129366520232,"VALVE ADJUSTING WASHER,2.325",FORT 250  ADVENTURE ABS,11410,1255,12665,FAST,ENGINE,1
129366520235,"VALVE ADJUSTING WASHER,2.35",FORT 250  ADVENTURE ABS,11410,1255,12665,FAST,ENGINE,1
130014050000,LOCATING PIN 10×16,FORD 250,5710,628,6338,MEDIUM,OTHER,1
130014590000,PIPE,FORT 250  ADVENTURE ABS,5710,628,6338,MEDIUM,OTHER,1
130015050000,O-RING,FORT 250  ADVENTURE ABS,5710,628,6338,MEDIUM,OTHER,1
130015090000,POSITIONING SLEEVE,SRV 600 V,5710,628,6338,MEDIUM,OTHER,1
130015250000,RUBBRT PLUG,SRV 600 V,5710,628,6338,FAST,OTHER,1
130016460000,"PIN,DOWEL",SRK 800 RR,5710,628,6338,MEDIUM,OTHER,1
130023090000,CYLINDER BLOCK LOCATING PIN Ф11×Ф8.5×13,SRV 250 AMT,5710,628,6338,SLOW,ENGINE,1
130052140000,LOCATING PIN 8×14,SRV 600 V,5710,628,6338,MEDIUM,OTHER,1
139014670000,CYLINDER BLOCK ASSEMBLY,SRK 150 E (CITO),262380,28861,291241,SLOW,ENGINE,1
139015450000,CYLINDER BLOCK ASSY,FORD 250,479120,52703,531823,SLOW,ENGINE,1
139015470000,CYLINDER BLOCK ASSY,AX 180  (VIENTO) ABS,290900,31999,322899,SLOW,ENGINE,1
139015480000,CYLINDER BLOCK,FORT 250  ADVENTURE ABS,507640,55840,563480,SLOW,ENGINE,1
13901659N901,CYLINDER BLOCK AS-REAR,SRV 250 AMT,479120,52703,531823,SLOW,ENGINE,1
13901659N902,CYLINDER BLOCK AS-FRONT,SRV 250 AMT,479120,52703,531823,SLOW,ENGINE,1
139023870000,CYLINDER BLOCK GASKET,SRK 150 E (CITO),5710,628,6338,FAST,ENGINE,1
139024590000,CYLINDER GASKET,AX 180  (VIENTO) ABS,22820,2510,25330,FAST,ENGINE,1
139025450000,CYLINDER GASKET,FORD 250,11410,1255,12665,FAST,ENGINE,1
139026590000,CYLINDER GASKET,SRV 250 AMT,22820,2510,25330,FAST,ENGINE,1
139027040000,CYLINDER GASKET,FORT 250  ADVENTURE ABS,28520,3137,31657,FAST,ENGINE,1
139067040000,SECONDARY AIR INTAKE COVER,FORT 250  ADVENTURE ABS,28520,3137,31657,MEDIUM,BODY,1
140016590000,TENSION PLATE BOLTS,SRV 250 AMT,5710,628,6338,FAST,FASTENER,1
140026590000,TENSIONING PLATE BOLT WASHER,SRV 250 AMT,5710,628,6338,FAST,FASTENER,1
140033090000,SEALING GASKET,FORT 250  ADVENTURE ABS,5710,628,6338,FAST,FASTENER,1
140034590000,GASKET,AX 180  (VIENTO) ABS,5710,628,6338,FAST,FASTENER,1
140035090010,GASKET,FORD 250,5710,628,6338,FAST,FASTENER,1
140036590000,TENSIONER GASKET,SRV 250 AMT,5710,628,6338,FAST,FASTENER,1
14003S040200,RADIATOR UPPER BUSHING,FORD 250,11410,1255,12665,MEDIUM,SUSPENSION,1
140044590000,PIN 6×21,AX 180  (VIENTO) ABS,5710,628,6338,MEDIUM,OTHER,1
14004505011X,CHAIN GUIDE PLATE SCREWS M6×28.5,FORD 250,5710,628,6338,FAST,DRIVE,1
140046680000,BUSHING,SRK 800 RR,11410,1255,12665,MEDIUM,SUSPENSION,1
14005305001X,NAIL WALL,SRV 250 AMT,5710,628,6338,MEDIUM,OTHER,1
140065050000,O-RING,FORD 250,5710,628,6338,MEDIUM,OTHER,1
14007505001X,WASHERS,FORD 250,5710,628,6338,FAST,FASTENER,1
14008505011X,BOLT M10×1.25×25,FORD 250,5710,628,6338,FAST,FASTENER,1
140116060000,O-RING 18.5×2,SRV 600 V,5710,628,6338,MEDIUM,OTHER,1
140156570000,DOMINANT CHAIN SCREWS,SRV 600 V,5710,628,6338,FAST,DRIVE,1
140186030000,UPPER CHAIN PLATE ASSEMBLY,SRV 600 V,11410,1255,12665,FAST,DRIVE,1
149013870000,MAIN CHAIN PLATE,SRK 150 E (CITO),39930,4392,44322,FAST,DRIVE,1
149015390000,MAIN CHAIN-GUIDING PLATE ASSY,AX 180  (VIENTO) ABS,34230,3765,37995,FAST,DRIVE,1
149015450000,MAIN CHAIN-GUIDING PLATE ASSY,FORD 250,39930,4392,44322,FAST,DRIVE,1
149015480000,CHAIN TENSIONING PLATE,FORT 250  ADVENTURE ABS,28520,3137,31657,FAST,DRIVE,1
149016680000,MAIN CHAIN-GUIDING PLATE ASSY,SRK 800 RR,85560,9411,94971,FAST,DRIVE,1
149016900000,DOMINANT CHAIN ASSEMBLY,SRV 600 V,79860,8784,88644,FAST,DRIVE,1
149023870000,SECONDARY GUIDE PLATE,SRK 150 E (CITO),39930,4392,44322,MEDIUM,OTHER,1
149025390000,VICE CHAIN-GUIDING PLATE,AX 180  (VIENTO) ABS,11410,1255,12665,FAST,DRIVE,1
149025450000,VICE CHAIN-GUIDING PLATE,FORD 250,45630,5019,50649,FAST,DRIVE,1
149025480000,CHAIN GUIDE,FORT 250  ADVENTURE ABS,17120,1883,19003,FAST,DRIVE,1
149026520000,VICE CHAIN-GUIDING PLATE,SRK 800 RR,28520,3137,31657,FAST,DRIVE,1
149026590000,CHAIN GUIDE,SRV 250 AMT,51340,5647,56987,FAST,DRIVE,1
149026860000,CHAIN GUIDE,SRV 250 AL (LIBERO),34230,3765,37995,FAST,DRIVE,1
149026900000,SECONDARY CHAIN GUIDE,SRV 600 V,74150,8156,82306,FAST,DRIVE,1
149033870000,TENSIONER ASSEMBLY,SRK 150 E (CITO),51340,5647,56987,MEDIUM,OTHER,1
149034590000,TENSIONER ASSY,AX 180  (VIENTO) ABS,51340,5647,56987,MEDIUM,OTHER,1
149035040010,TENSIONER ASSY,FORD 250,45630,5019,50649,MEDIUM,OTHER,1
149036590000,CHAIN TENSIONING PLATE,SRV 250 AMT,51340,5647,56987,FAST,DRIVE,1
14903668BG01,TENSIONER ASSY,SRK 800 RR,159710,17568,177278,MEDIUM,OTHER,1
14903690BG01,TENSIONER ASSEMBLY,SRV 600 V,142600,15686,158286,MEDIUM,OTHER,1
149037040000,HYDRAULIC TAPPET,FORT 250  ADVENTURE ABS,85560,9411,94971,MEDIUM,OTHER,1
149043870000,TENSIONER SEAL GASKET,SRK 150 E (CITO),5710,628,6338,FAST,FASTENER,1
14904659N901,CHAIN TENSIONER ASSEMBLY,SRV 250 AMT,57040,6274,63314,FAST,DRIVE,1
149046680000,TENSIONER GASKET,SRK 800 RR,5710,628,6338,FAST,FASTENER,1
149047040000,TENSIONER COVER,FORT 250  ADVENTURE ABS,17120,1883,19003,MEDIUM,BODY,1
149056680000,UPPER GUIDE CHAIN,SRK 800 RR,28520,3137,31657,FAST,DRIVE,1
149057040000,TENSION PLATE BOLTS,FORT 250  ADVENTURE ABS,11410,1255,12665,FAST,FASTENER,1
149067040000,TENSIONER GASKET,FORT 250  ADVENTURE ABS,5710,628,6338,FAST,FASTENER,1
150013070000,WASHER,FORD 250,5710,628,6338,FAST,FASTENER,1
150013870000,FRONT SHOCK ABSORBER BUSHING,SRK 150 E (CITO),39930,4392,44322,SLOW,SUSPENSION,1
150016080000,PIN Ф8×10,AX 180  (VIENTO) ABS,5710,628,6338,MEDIUM,OTHER,1
15001668BG00,CLOSED BOX MACHINING ASSY,SRK 800 RR,5390050,592905,5982955,MEDIUM,OTHER,1
150023870000,REAR SHOCK ABSORBER BUSHING,SRK 150 E (CITO),11410,1255,12665,SLOW,SUSPENSION,1
150025050000,O-RING,FORD 250,5710,628,6338,MEDIUM,OTHER,1
15002539001Z,LEFT CRANKCASE ASSEMBLY,AX 180  (VIENTO) ABS,1180680,129874,1310554,SLOW,ENGINE,1
150025470000,LEFT CRANKCASE ASSEMBLY,AX 180  (VIENTO) ABS,878380,96621,975001,SLOW,ENGINE,1
150025470010,LEFT CRANKCASE ASSEMBLY,AX 180  (VIENTO) CBS,752900,82819,835719,SLOW,ENGINE,1
150032140H00,OIL DRAIN SCREW PLUG,SRK 800 RR,5710,628,6338,FAST,OIL_FLUID,1
150034050000,POSITIONING PIN 12×20,FORT 250  ADVENTURE ABS,5710,628,6338,MEDIUM,OTHER,1
150035050000,OIL SEAL,FORD 250,11410,1255,12665,FAST,OIL_FLUID,1
150035150000,BEARING CIAMP Ⅱ,SRV 250 AL (LIBERO),5710,628,6338,FAST,SUSPENSION,1
150043050000,ANSATZBUCHSE,SRK 800 RR,5710,628,6338,MEDIUM,OTHER,1
150043090000,THE POSITIONING PIN Ф13×Ф10.4×18,SRV 250 AMT,5710,628,6338,MEDIUM,OTHER,1
150043370000,BUSHING,AX 180  (VIENTO) ABS,11410,1255,12665,MEDIUM,SUSPENSION,1
150043610000,BOLT,SRK 150 E (CITO),5710,628,6338,FAST,FASTENER,1
150045050000,HOSE,FORD 250,11410,1255,12665,MEDIUM,OTHER,1
150045090020,CLUTCH SUPPORT,FORD 250,136890,15057,151947,MEDIUM,ENGINE,1
15005459001Z,RIGHT CRANKCASE ASSEMBLY,AX 180  (VIENTO) ABS,747200,82192,829392,SLOW,ENGINE,1
150055470000,RIGHT CRANKCASE ASSEMBLY,AX 180  (VIENTO) ABS,616010,67761,683771,SLOW,ENGINE,1
150056030000,LOCATING PIN,SRK 150 E (CITO),5710,628,6338,MEDIUM,OTHER,1
15006305002X,"BOLT,OIL",FORD 250,5710,628,6338,FAST,OIL_FLUID,1
150073860000,CURRENT LIMITING PLUG,FORT 250  ADVENTURE ABS,5710,628,6338,FAST,OTHER,1
150074230000,LIP SEAL RING,SRK 800 RR,5710,628,6338,FAST,FASTENER,1
150083070000,PIN 10×14,FORD 250,5710,628,6338,MEDIUM,OTHER,1
150084230000,SNORKEL,FORT 250  ADVENTURE ABS,5710,628,6338,MEDIUM,OTHER,1
15008659BG00,OIL FILTER COVER,SRV 250 AMT,51340,5647,56987,FAST,ENGINE,1
150086600000,WASHER,SRV 600 V,5710,628,6338,FAST,FASTENER,1
150093090000,SEALING GASKET,SRV 250 AMT,5710,628,6338,FAST,FASTENER,1
150093160000,REAR SHOCK ABSORBER FIXING BUSH ASSEMBLY,SRV 250 AMT,11410,1255,12665,SLOW,SUSPENSION,1
150103070002,PLUG,SRV 600 V,5710,628,6338,FAST,OTHER,1
150103090000,FUTER ASSEMBLY,SRV 250 AMT,5710,628,6338,MEDIUM,OTHER,1
150105050000,"SCREEN,OIL FILTER",FORD 250,5710,628,6338,FAST,ENGINE,1
150112070000,LOCATING PIN FROM Ф9×Ф7×12,SRV 250 AMT,5710,628,6338,MEDIUM,OTHER,1
150115050000,FITTINGS,FORD 250,28520,3137,31657,MEDIUM,OTHER,1
150123050010,DAMPING SLEEVE,AX 180  (VIENTO) ABS,28520,3137,31657,MEDIUM,OTHER,1
150123090000,LOCATING BOLT,SRV 250 AMT,5710,628,6338,FAST,FASTENER,1
150135050010,WASHER,FORD 250,5710,628,6338,FAST,FASTENER,1
150145050000,OIL SEALS,FORD 250,17120,1883,19003,FAST,OIL_FLUID,1
150155050000,NEEDLE ROLLER BEARINGS,FORD 250,28520,3137,31657,FAST,DRIVE,1
150155150000,WATERWAY BUSING,FORT 250  ADVENTURE ABS,5710,628,6338,MEDIUM,OTHER,1
150156090000,"PIN,DOWE 6.4×8×9",AX 180  (VIENTO) ABS,5710,628,6338,MEDIUM,OTHER,1
150173070000,THRUST WASHER Φ 14,SRV 250 AL (LIBERO),5710,628,6338,FAST,FASTENER,1
150173070000,THRUST WASHER Φ14,SRV 250 AMT,5710,628,6338,FAST,FASTENER,1
150175050000,COVER,FORD 250,11410,1255,12665,MEDIUM,BODY,1
150195050000,SPRING,FORD 250,5710,628,6338,MEDIUM,OTHER,1
150196030020,GEAR SENSOR,SRV 600 V,45630,5019,50649,MEDIUM,ELECTRICAL,1
150205040000,O RING 35×3.4,FORD 250,5710,628,6338,FAST,FASTENER,1
15021504001X,"BOLT,OIL",FORD 250,17120,1883,19003,FAST,OIL_FLUID,1
150226280000,CLAMP,SRV 250 AMT,5710,628,6338,FAST,ELECTRICAL,1
150283070000,O-RING,FORD 250,5710,628,6338,MEDIUM,OTHER,1
150316030110,BOLT,SRV 250 AMT,5710,628,6338,FAST,FASTENER,1
15901553056X,LEFT CRANKCASE ASSEMBLY,FORT 250  ADVENTURE ABS,1825200,200772,2025972,SLOW,ENGINE,1
15901736NB01,LEFT CRANKCASE ASSEMBLY,SRV 250 AL (LIBERO),1003860,110424,1114284,SLOW,ENGINE,1
15902387056X,LEFT HOUSING ASSEMBLY,SRK 150 E (CITO),866970,95366,962336,MEDIUM,OTHER,1
15902545001X,LEFT CRANKCASE ASSY,FORD 250,1494390,164382,1658772,SLOW,ENGINE,1
15902553056X,RIGHT CRANKCASE ASSEMBLY,FORT 250  ADVENTURE ABS,1123640,123600,1247240,SLOW,ENGINE,1
15902567NB01,RIGHT CRANKCASE ASSEMBLY,SRV 250 AL (LIBERO),1049490,115443,1164933,SLOW,ENGINE,1
15902706N901,LEFT CRANKCASE ASSEMBLY,SRV 250 AMT,1089420,119836,1209256,SLOW,ENGINE,1
15903387056X,RIGHT HOUSING ASSEMBLY,SRK 150 E (CITO),553270,60859,614129,MEDIUM,OTHER,1
15903545001X,RIGHT CRANKCASE ASSY,FORD 250,724380,79681,804061,SLOW,ENGINE,1
15903706N901,RIGHT CRANKCASE ASSEMBLY,SRV 250 AMT,963940,106033,1069973,SLOW,ENGINE,1
159046590000,DRAIN BOLT,SRV 250 AMT,5710,628,6338,FAST,FASTENER,1
159046680000,LIMITING PLUG,SRK 800 RR,17120,1883,19003,FAST,OTHER,1
15904690BG00,CRANKCASE,SRV 600 V,5743680,631804,6375484,SLOW,ENGINE,1
159047040000,OIL CHANNEL SEAL RING,FORT 250  ADVENTURE ABS,11410,1255,12665,FAST,OIL_FLUID,1
159057040010,BEAING BUSH Ⅰ(GREEN),FORT 250  ADVENTURE ABS,165410,18195,183605,MEDIUM,OTHER,1
159057040020,BEAING BUSH Ⅰ(GROWN),FORT 250  ADVENTURE ABS,165410,18195,183605,MEDIUM,OTHER,1
159057040030,BEAING BUSH Ⅰ(BLACK),FORT 250  ADVENTURE ABS,165410,18195,183605,MEDIUM,OTHER,1
159057040040,BEAING BUSH Ⅰ(BLUE),FORT 250  ADVENTURE ABS,165410,18195,183605,MEDIUM,OTHER,1
159064590000,BEARING THRUST PLUG,AX 180  (VIENTO) ABS,11410,1255,12665,FAST,SUSPENSION,1
159065450000,BOLT,FORD 250,11410,1255,12665,FAST,FASTENER,1
159065470000,BEARING 6207×2/P53Z2,AX 180  (VIENTO) ABS,57040,6274,63314,FAST,SUSPENSION,1
159066600000,OIL SEAL,SRK 800 RR,39930,4392,44322,FAST,OIL_FLUID,1
159066680000,BOLT,SRK 800 RR,17120,1883,19003,FAST,FASTENER,1
15906690BG01,OIL PAN,SRV 600 V,319410,35135,354545,FAST,OIL_FLUID,1
159067040010,BEAING BUSH Ⅱ(GREEN),FORT 250  ADVENTURE ABS,165410,18195,183605,MEDIUM,OTHER,1
159067040020,BEAING BUSH Ⅱ(GROWN),FORT 250  ADVENTURE ABS,165410,18195,183605,MEDIUM,OTHER,1
159067040030,BEAING BUSH Ⅱ(BLACK),FORT 250  ADVENTURE ABS,165410,18195,183605,MEDIUM,OTHER,1
159067040040,BEAING BUSH Ⅱ(BLUE),FORT 250  ADVENTURE ABS,165410,18195,183605,MEDIUM,OTHER,1
159074590000,SPRING,AX 180  (VIENTO) ABS,5710,628,6338,MEDIUM,OTHER,1
159074690000,BEARING 6204/P6,AX 180  (VIENTO) ABS,39930,4392,44322,FAST,SUSPENSION,1
159075470000,BEAEING PRESSURE PLATE,AX 180  (VIENTO) ABS,5710,628,6338,MEDIUM,OTHER,1
159076680000,OIL PRESSURE SOLEPLATE,SRK 800 RR,28520,3137,31657,FAST,OIL_FLUID,1
159076900000,OIL PAN GASKET,SRV 600 V,28520,3137,31657,FAST,OIL_FLUID,1
159077040000,OIL SEAL 36×64×7,FORT 250  ADVENTURE ABS,45630,5019,50649,FAST,OIL_FLUID,1
159085450000,OIL SEAL,FORD 250,34230,3765,37995,FAST,OIL_FLUID,1
159086900000,COVER PLATE,SRV 600 V,5710,628,6338,MEDIUM,BODY,1
159087040000,PIN SLEEVE 15×13×10,FORT 250  ADVENTURE ABS,5710,628,6338,MEDIUM,OTHER,1
159094590000,DOUBLE END STUDS M8×207,AX 180  (VIENTO) ABS,11410,1255,12665,MEDIUM,OTHER,1
159095390000,DOUBLE END STUDS,AX 180  (VIENTO) ABS,11410,1255,12665,MEDIUM,OTHER,1
159095450000,BUFFER LINER,FORD 250,28520,3137,31657,MEDIUM,OTHER,1
159095530000,DRAIN BOLT,FORT 250  ADVENTURE ABS,17120,1883,19003,FAST,FASTENER,1
159096590000,VENTILATION PANEL,SRV 250 AMT,5710,628,6338,MEDIUM,BODY,1
159097040000,OIL ABSORBENT PLATE,FORT 250  ADVENTURE ABS,5710,628,6338,FAST,OIL_FLUID,1
159103870000,DOUBLE STUD,SRK 150 E (CITO),11410,1255,12665,MEDIUM,OTHER,1
159104590000,"PIN,DOWEL 6.4×10×30",AX 180  (VIENTO) ABS,11410,1255,12665,MEDIUM,OTHER,1
159106900000,LABYRINTH COVER GASKET,SRV 600 V,22820,2510,25330,FAST,BODY,1
159107040000,PISTON NOZZLE ASSERMBLY,FORT 250  ADVENTURE ABS,22820,2510,25330,MEDIUM,ENGINE,1
159107360000,GASKET OF VENTILATION PANEL,SRV 250 AL (LIBERO),11410,1255,12665,FAST,BODY,1
159114590000,CAP PUMP,AX 180  (VIENTO) ABS,102670,11293,113963,MEDIUM,OTHER,1
159116590000,O-RING,SRV 250 AMT,5710,628,6338,MEDIUM,OTHER,1
15911690BG01,LABYRINTH COVER,SRV 600 V,68450,7529,75979,MEDIUM,BODY,1
159117360000,VENTILATION PANEL,SRV 250 AL (LIBERO),11410,1255,12665,MEDIUM,BODY,1
159123870000,LEFT CRANK OIL SEAL,SRK 150 E (CITO),114080,12548,126628,FAST,OIL_FLUID,1
159124590000,VENT HOSE,AX 180  (VIENTO) ABS,5710,628,6338,MEDIUM,OTHER,1
159125390000,CAP,SRV 250 AL (LIBERO),5710,628,6338,MEDIUM,OTHER,1
159126520000,BOLT M8×105,SRV 600 V,11410,1255,12665,FAST,FASTENER,1
159126590000,PIN,SRV 250 AMT,5710,628,6338,MEDIUM,OTHER,1
159126680000,THERMOSTAT,SRK 800 RR,22820,2510,25330,MEDIUM,COOLING,1
15912690BG01,INLET COVER,SRV 600 V,91260,10038,101298,MEDIUM,BODY,1
159133870000,RIGHT CRANK OIL SEAL,SRK 150 E (CITO),108380,11921,120301,FAST,OIL_FLUID,1
159134590010,DIPSTICK OIL,AX 180  (VIENTO) ABS,11410,1255,12665,FAST,OIL_FLUID,1
159136520000,BEARING(PINK),SRV 600 V,136890,15057,151947,FAST,SUSPENSION,1
159136520010,BEARING(YELLOW),SRV 600 V,148300,16313,164613,FAST,SUSPENSION,1
159136520020,BEARING(GREEN),SRV 600 V,148300,16313,164613,FAST,SUSPENSION,1
159136520030,MAIN BEARING BUSH(brown),SRK 800 RR,136890,15057,151947,FAST,SUSPENSION,1
159136520040,MAIN BEARING BUSH(black),SRK 800 RR,136890,15057,151947,FAST,SUSPENSION,1
159136590000,VENT,SRV 250 AMT,11410,1255,12665,MEDIUM,OTHER,1
159136900000,SEAL RING,SRV 600 V,11410,1255,12665,FAST,FASTENER,1
159137040000,O-RING 3.8×1.4,FORT 250  ADVENTURE ABS,5710,628,6338,MEDIUM,OTHER,1
159143870000,OIL FILTER PIG,SRK 150 E (CITO),5710,628,6338,FAST,ENGINE,1
159144590000,GASKET,AX 180  (VIENTO) ABS,22820,2510,25330,FAST,FASTENER,1
159146520000,GEAR SHIFTING SHAFT OIL SEALPRESSURE PLATE,SRK 800 RR,5710,628,6338,FAST,DRIVE,1
159146590000,PLUG,SRV 250 AMT,5710,628,6338,FAST,OTHER,1
159146900000,OIL PIPE,SRV 600 V,108380,11921,120301,FAST,OIL_FLUID,1
159147040000,CENTER STAY BUSHING,FORT 250  ADVENTURE ABS,11410,1255,12665,MEDIUM,SUSPENSION,1
159154590000,PLATE,AX 180  (VIENTO) ABS,5710,628,6338,MEDIUM,OTHER,1
159156590000,GASKET OF VENTILATION PANEL,SRV 250 AMT,5710,628,6338,FAST,BODY,1
159156610000,OIL SEAL,SRV 600 V,39930,4392,44322,FAST,OIL_FLUID,1
15915668BY01,PIPE JOINT,SRK 800 RR,57040,6274,63314,MEDIUM,OTHER,1
159163870000,SUPPORT,SRK 150 E (CITO),5710,628,6338,MEDIUM,OTHER,1
159166680000,GASKET,SRK 800 RR,5710,628,6338,FAST,FASTENER,1
159174590000,OIL SEAL 26×45×6,AX 180  (VIENTO) ABS,22820,2510,25330,FAST,OIL_FLUID,1
159176610000,OIL SEAL,SRV 600 V,11410,1255,12665,FAST,OIL_FLUID,1
159184590000,OIL FILTER,AX 180  (VIENTO) ABS,5710,628,6338,FAST,ENGINE,1
15918668BY01,THERMOSTAT COVER,SRK 800 RR,57040,6274,63314,MEDIUM,BODY,1
159196680000,PIPE 1,SRK 800 RR,11410,1255,12665,MEDIUM,OTHER,1
159197040000,LINER BUSHING,FORT 250  ADVENTURE ABS,28520,3137,31657,MEDIUM,SUSPENSION,1
159206520000,VARIABLE SPEED JOYSTICK PRESSURE PLATE,SRK 800 RR,5710,628,6338,MEDIUM,OTHER,1
159206610000,CLASP1,SRV 600 V,11410,1255,12665,MEDIUM,OTHER,1
159206680000,PIPE 2,SRK 800 RR,22820,2510,25330,MEDIUM,OTHER,1
159207040000,LINER BUSHING 1,FORT 250  ADVENTURE ABS,39930,4392,44322,MEDIUM,SUSPENSION,1
15921668BY01,THERMOSTAT HOLDER ASSY,SRK 800 RR,222450,24469,246919,MEDIUM,COOLING,1
159217040000,LINER SLEEVE 2,FORT 250  ADVENTURE ABS,39930,4392,44322,MEDIUM,OTHER,1
159224590000,OIL SEAL,AX 180  (VIENTO) ABS,22820,2510,25330,FAST,OIL_FLUID,1
159234590000,VENT,AX 180  (VIENTO) ABS,5710,628,6338,MEDIUM,OTHER,1
159236250000,THE GASKET,SRV 250 AMT,5710,628,6338,FAST,FASTENER,1
159237040000,SLEEVE,FORT 250  ADVENTURE ABS,57040,6274,63314,MEDIUM,OTHER,1
159244590000,PLATE,AX 180  (VIENTO) ABS,5710,628,6338,MEDIUM,OTHER,1
159247040000,CLAMP,FORT 250  ADVENTURE ABS,22820,2510,25330,FAST,ELECTRICAL,1
159336770000,OIL SEAL 25×47×7,AX 180  (VIENTO) ABS,39930,4392,44322,FAST,OIL_FLUID,1
159346190000,COPPER GASKETS,SRV 250 AMT,5710,628,6338,FAST,FASTENER,1
159356570000,NOZZLE,SRV 250 AMT,22820,2510,25330,MEDIUM,OTHER,1
159356610000,CLASP2,SRV 600 V,11410,1255,12665,MEDIUM,OTHER,1
159366460000,WASHER,SRV 600 V,5710,628,6338,FAST,FASTENER,1
159376460000,BOLT M14,SRV 600 V,17120,1883,19003,FAST,FASTENER,1
159386610000,LOCATING PIN 6×16,SRV 600 V,5710,628,6338,MEDIUM,OTHER,1
159416680000,O-RING 58.8×3,SRK 800 RR,5710,628,6338,MEDIUM,OTHER,1
159426610000,OIL NOZZLE4,SRV 600 V,5710,628,6338,FAST,OIL_FLUID,1
159456460000,WASHER 8.2×14×1,SRK 800 RR,5710,628,6338,FAST,FASTENER,1
159456770000,OIL STRAINER ASSEMBLY,FORT 250  ADVENTURE ABS,28520,3137,31657,FAST,OIL_FLUID,1
159476600000,OIL FILTER JOINT,SRV 600 V,34230,3765,37995,FAST,ENGINE,1
159506570000,BOLT M12×1.5×22,SRV 600 V,11410,1255,12665,FAST,FASTENER,1
159556520000,NEEDLE (ROLLER) BEARING,SRK 800 RR,22820,2510,25330,FAST,DRIVE,1
159566570000,O-RINGS 4×1.2,SRV 250 AMT,45630,5019,50649,MEDIUM,OTHER,1
159586600000,OIL PRESSURE SWITCH,SRV 600 V,68450,7529,75979,FAST,ELECTRICAL,1
159596600000,RELIEF VALVE,SRV 600 V,96970,10666,107636,MEDIUM,ENGINE,1
159666520000,O-RING,FORT 250  ADVENTURE ABS,5710,628,6338,MEDIUM,OTHER,1
160013050000,SPRING,AX 180  (VIENTO) ABS,5710,628,6338,MEDIUM,OTHER,1
160015050000,SEAL,FORD 250,11410,1255,12665,FAST,FASTENER,1
160023050000,O RING,AX 180  (VIENTO) ABS,5710,628,6338,FAST,FASTENER,1
160036090000,OIL LEVEL INDICATOR,SRV 600 V,17120,1883,19003,FAST,OIL_FLUID,1
16004305001X,OIL FILTER CAP,AX 180  (VIENTO) ABS,11410,1255,12665,FAST,ENGINE,1
16004606MM00,PHASE PLUG,SRV 600 V,28520,3137,31657,FAST,OTHER,1
160056030000,LOCATING PIN Ф8×Ф6.6×11.5,SRV 250 AMT,5710,628,6338,MEDIUM,OTHER,1
160056090000,O-RING 41×1.78,SRV 600 V,11410,1255,12665,MEDIUM,OTHER,1
160063070000,O-RING 18×3.5,SRV 600 V,5710,628,6338,MEDIUM,OTHER,1
160063070010,O-RING 18×3.5,FORT 250  ADVENTURE ABS,5710,628,6338,MEDIUM,OTHER,1
16006309MM01,FILLER PORT PLUG,SRV 250 AMT,17120,1883,19003,FAST,OTHER,1
160073070000,LOCATING PIN,SRK 800 RR,5710,628,6338,MEDIUM,OTHER,1
160083090000,OIL LEVEL INDICATOR ASSEMBLY,SRV 250 AMT,11410,1255,12665,FAST,OIL_FLUID,1
160106110000,CONNECTING BOLTS,SRK 800 RR,11410,1255,12665,FAST,FASTENER,1
160125150010,OIL FILTER,Tourino 250 DX,32340,3557,35897,FAST,ENGINE,1
160131170000,WASHER 6,FORD 250,5710,628,6338,FAST,FASTENER,1
160135450000,LEFT COVER GASKET,FORD 250,34230,3765,37995,FAST,BODY,1
16020309011X,PLUG,SRV 250 AMT,5710,628,6338,FAST,OTHER,1
160306030010,HEXAGON TORX BOLT M6×12,FORD 250,5710,628,6338,FAST,FASTENER,1
160306030020,HEXAGON TORX BOLT M6×16,FORD 250,5710,628,6338,FAST,FASTENER,1
160306030030,HEXAGONAL TORX BOLT M6×TWENTY,FORD 250,5710,628,6338,FAST,FASTENER,1
160306030040,BOLT M6×22,SRV 600 V,5710,628,6338,FAST,FASTENER,1
160306030050,HEXAGON TORX BOLT M6×25,FORD 250,5710,628,6338,FAST,FASTENER,1
160306030060,HEXAGON TORX BOLT M6×28,FORD 250,5710,628,6338,FAST,FASTENER,1
160306030070,HEXAGONAL INTERNAL PLUM BLOSSOM BOLT M6×30,SRV 250 AMT,5710,628,6338,FAST,FASTENER,1
160306030080,HEXAGON SOCKET BOLT M6×35,SRV 250 AMT,5710,628,6338,FAST,FASTENER,1
160306030080,HEXAGONAL TORX BOLT M6×35,SRV 600 V,5710,628,6338,FAST,FASTENER,1
160306030090,HEXAGON TORX BOLT,FORD 250,5710,628,6338,FAST,FASTENER,1
160306030100,BOLT M6×45,SRV 250 AMT,11410,1255,12665,FAST,FASTENER,1
160306030110,HEXAGON SOCKET BOLT M6×50,SRV 250 AMT,11410,1255,12665,FAST,FASTENER,1
160306030120,BOLT M6×60,SRV 250 AMT,11410,1255,12665,FAST,FASTENER,1
160306030130,BOLT M6×65,SRV 250 AMT,11410,1255,12665,FAST,FASTENER,1
160306030140,HEXAGON SOCKET BOLT M6×85,SRV 250 AMT,11410,1255,12665,FAST,FASTENER,1
160306030150,HEXAGON TORX BOLT M8×25,FORD 250,11410,1255,12665,FAST,FASTENER,1
160306030160,HEXAGON TORX BOLT M8×35,SRK 800 RR,17120,1883,19003,FAST,FASTENER,1
160306030180,HEX FLANGE BOLTS M6×14,SRV 250 AMT,5710,628,6338,FAST,FASTENER,1
160306030200,BOLT M6×72,SRV 600 V,11410,1255,12665,FAST,FASTENER,1
160306030210,HEXAGONAL TORX BOLT M6×76,SRV 600 V,11410,1255,12665,FAST,FASTENER,1
160306030220,BOLT M8×40,SRV 600 V,11410,1255,12665,FAST,FASTENER,1
160306030230,BOLT M8×70,SRV 600 V,17120,1883,19003,FAST,FASTENER,1
160306030290,HEXAGON SOCKET BOLT M6×85,SRV 250 AMT,11410,1255,12665,FAST,FASTENER,1
160306030300,BOLT M6×90,SRV 600 V,11410,1255,12665,FAST,FASTENER,1
160306030350,BOLT M6×55,SRV 600 V,11410,1255,12665,FAST,FASTENER,1
160306030380,BOLT M8×60,SRV 250 AMT,17120,1883,19003,FAST,FASTENER,1
160306030400,HEXAGONAL TORX BOLT M6×32,FORD 250,5710,628,6338,FAST,FASTENER,1
160306030420,BOLT M6×18,SRV 600 V,5710,628,6338,FAST,FASTENER,1
160316030020,TORX BOLT M6×25,FORT 250  ADVENTURE ABS,5710,628,6338,FAST,FASTENER,1
16901387BG01,LEFT CAP,SRK 150 E (CITO),399270,43919,443189,MEDIUM,OTHER,1
16901553NB01,LEFT COVER,FORT 250  ADVENTURE ABS,524750,57722,582472,MEDIUM,BODY,1
16901668MM01,LEFT COVER,SRK 800 RR,290900,31999,322899,MEDIUM,BODY,1
16901690MM02,RIGHT COVER,SRV 600 V,519050,57095,576145,MEDIUM,BODY,1
16902464CM01,LEFT COVER,AX 180  (VIENTO) ABS,490530,53958,544488,MEDIUM,BODY,1
16902545BG01,LEFT COVER,FORD 250,849860,93484,943344,MEDIUM,BODY,1
169025530000,LEFT COVER GASKET,FORT 250  ADVENTURE ABS,57040,6274,63314,FAST,BODY,1
16902659MM01,MAGNETO COVER,SRV 250 AMT,290900,31999,322899,MEDIUM,BODY,1
16902686NB01,MAGNETO COVER,SRV 250 AL (LIBERO),228150,25096,253246,MEDIUM,BODY,1
169026900000,RIGHT COVER NAMEPLATE,SRV 600 V,62750,6902,69652,MEDIUM,BODY,1
169034640000,LEFT COVER ASSEMBLY,AX 180  (VIENTO) ABS,11410,1255,12665,SLOW,BODY,1
169035530000,WINDSHIELD COMPONENT,FORT 250  ADVENTURE ABS,45630,5019,50649,MEDIUM,BODY,1
169043890000,HOOD GASKET,SRK 150 E (CITO),5710,628,6338,FAST,FASTENER,1
169044590000,BEARING ASSEMBLY OF LEFT COVER,AX 180  (VIENTO) ABS,45630,5019,50649,FAST,BODY,1
169044640000,LEFT COVER SHELL COMPONENT,AX 180  (VIENTO) ABS,11410,1255,12665,MEDIUM,BODY,1
169046900000,HARNESS CLAMP,SRV 600 V,5710,628,6338,FAST,ELECTRICAL,1
169056900000,CLUTCH CABLE SUPPORT,SRV 600 V,11410,1255,12665,FAST,ENGINE,1
169065530000,WINDSHIELD COMPONENT GASKET,FORT 250  ADVENTURE ABS,5710,628,6338,FAST,BODY,1
169073870000,LEFT COVER GASKET,SRK 150 E (CITO),39930,4392,44322,FAST,BODY,1
169074640010,LEFT COVER GASKET,AX 180  (VIENTO) ABS,34230,3765,37995,FAST,BODY,1
169076590000,LEFT COVER GASKET,SRV 250 AMT,22820,2510,25330,FAST,BODY,1
169076680000,LEFT REAR COVER ASSEMBLY,SRK 800 RR,51340,5647,56987,SLOW,BODY,1
169076860000,LEFT COVER GASKET,SRV 250 AL (LIBERO),22820,2510,25330,FAST,BODY,1
169083890000,AIR HOOD ASSEMBLY,SRK 150 E (CITO),34230,3765,37995,MEDIUM,OTHER,1
16908657MM00,CRANKSHAFT OBSERVATION HOLE PLUG,SRV 250 AMT,17120,1883,19003,FAST,ENGINE,1
16908657NB01,CRANKSHAFT OBSERVATION HOLE PLUG,SRV 250 AL (LIBERO),17120,1883,19003,FAST,ENGINE,1
16908661BG00,"PLUG,COVER MAGNETO",FORD 250,22820,2510,25330,FAST,BODY,1
16909545BG01,RIGHT CRANKCASE COVER ASSEMBLY,FORD 250,382160,42037,424197,SLOW,ENGINE,1
169096900000,RIGHT COVER PRESSURE PLATE,SRV 600 V,62750,6902,69652,MEDIUM,BODY,1
169103870010,RIGHT COVER,SRK 150 E (CITO),176820,19450,196270,MEDIUM,BODY,1
16910706MM01,WATER PUMP RIGHT COVER ASSEMBLY,SRV 250 AMT,598900,65879,664779,SLOW,BODY,1
16910736NB01,WATER PUMP RIGHT COVER ASSEMBLY,SRV 250 AL (LIBERO),638820,70270,709090,SLOW,BODY,1
169113870000,RIGHT CAP GASKET,SRK 150 E (CITO),22820,2510,25330,FAST,FASTENER,1
169115450000,RIGHT SIDE OF THE HEAD GASKET,FORD 250,22820,2510,25330,FAST,FASTENER,1
169116590000,CLUTCH INNER COVER GASKET,SRV 250 AMT,34230,3765,37995,FAST,ENGINE,1
16911668MM2X,RIGHT COVER,SRK 800 RR,439190,48310,487500,MEDIUM,BODY,1
169116860000,CLUTCH INNER COVER GASKET,SRV 250 AL (LIBERO),39930,4392,44322,FAST,ENGINE,1
169126280030,LABEL RIGHT COVER,SRV 250 AL (LIBERO),79860,8784,88644,MEDIUM,BODY,1
16912704NB01,RIGHT COVER ASSEMBLY,FORT 250  ADVENTURE ABS,558970,61486,620456,SLOW,BODY,1
169146680000,OIL LEVEL GAUGE,SRK 800 RR,22820,2510,25330,FAST,OIL_FLUID,1
169147040000,WATER PUMP SHAFT,FORT 250  ADVENTURE ABS,28520,3137,31657,SLOW,COOLING,1
169156680000,CLUTCH PULL ROD ASSEMBLY,SRK 800 RR,62750,6902,69652,MEDIUM,ENGINE,1
169157040000,GROMMENT,FORT 250  ADVENTURE ABS,5710,628,6338,MEDIUM,OTHER,1
16916652MM01,HANDHOLE COVER,SRK 800 RR,28520,3137,31657,MEDIUM,BODY,1
169177040000,WATER PUMP VANE,FORT 250  ADVENTURE ABS,28520,3137,31657,MEDIUM,COOLING,1
169183870000,OIL LEVEL GAUGE,SRK 150 E (CITO),11410,1255,12665,FAST,OIL_FLUID,1
169185050000,OIL RULE,FORD 250,11410,1255,12665,FAST,OIL_FLUID,1
16919704NB01,PUMP ASSY WATER  ASSEMBLY,FORT 250  ADVENTURE ABS,45630,5019,50649,MEDIUM,OTHER,1
169205150000,PLUG,SRV 600 V,5710,628,6338,FAST,OTHER,1
169206680000,SPRING,SRK 800 RR,5710,628,6338,MEDIUM,OTHER,1
169216680000,CLUTCH CABLE SUPPORT,SRK 800 RR,11410,1255,12665,FAST,ENGINE,1
169226680010,TRIGGER HEAD ASEMBLY,SRV 600 V,68450,7529,75979,MEDIUM,OTHER,1
169226680011,TRIGGER HEAD,SRK 800 RR,57040,6274,63314,MEDIUM,OTHER,1
169227040000,PUMP ASSY WATER  GASKET,FORT 250  ADVENTURE ABS,17120,1883,19003,FAST,FASTENER,1
169245530000,OIL LEVEL GAUGE,FORT 250  ADVENTURE ABS,11410,1255,12665,FAST,OIL_FLUID,1
169255450000,SPONGE SUPPORT PRESSING PLATE,FORD 250,22820,2510,25330,MEDIUM,OTHER,1
169256460000,SPIGOT,SRV 600 V,11410,1255,12665,MEDIUM,OTHER,1
169265450000,BOLT AS-LEFT COVER,FORD 250,17120,1883,19003,FAST,BODY,1
169267040000,RIGHT COVER GASKET,FORT 250  ADVENTURE ABS,91260,10038,101298,FAST,BODY,1
169276520000,O-RING 48.1×3.6,SRK 800 RR,5710,628,6338,MEDIUM,OTHER,1
169277040000,WATER  PIPE,FORT 250  ADVENTURE ABS,22820,2510,25330,MEDIUM,OTHER,1
16927706MM00,CHAIN WHEEL COVER ASSEMBLY,SRV 250 AMT,199640,21960,221600,FAST,BODY,1
16927736NB00,"CHAIN WHEEL COVER ASSEMBLY,BLACK NB",SRV 250 AL (LIBERO),125490,13803,139293,FAST,BODY,1
169305450000,AIR INLET SPONGE ASSEMBLY,FORD 250,17120,1883,19003,MEDIUM,OTHER,1
169306520000,O-RING 18×3,SRK 800 RR,5710,628,6338,MEDIUM,OTHER,1
169306680010,RIGHT COVER PRESSURE PLATE,SRK 800 RR,5710,628,6338,MEDIUM,BODY,1
169307040000,RIGHT COVER SIGN,FORT 250  ADVENTURE ABS,34230,3765,37995,MEDIUM,BODY,1
169315450000,CLAMP ASSEMBLY,FORD 250,11410,1255,12665,FAST,ELECTRICAL,1
169316570000,O-RINGS,SRV 250 AMT,45630,5019,50649,MEDIUM,OTHER,1
169316590000,THE FLANGE GASKET,SRV 250 AMT,5710,628,6338,FAST,FASTENER,1
169316680000,LEFT REAR COVER PRESS PLATE,SRK 800 RR,22820,2510,25330,MEDIUM,BODY,1
169326590000,OIL PLUG,SRV 250 AMT,11410,1255,12665,FAST,OIL_FLUID,1
169335450000,AIR INLET SLEEVE,FORD 250,28520,3137,31657,MEDIUM,OTHER,1
169346860000,SPROCKET BRACKET ASSEMBLY,SRV 250 AL (LIBERO),17120,1883,19003,FAST,DRIVE,1
169347060000,SPROCKET BRACKET ASSEMBLY,SRV 250 AMT,17120,1883,19003,FAST,DRIVE,1
169356680000,RIGHT COVER HEAT SHIELD ASSEMBLY,SRK 800 RR,45630,5019,50649,MEDIUM,BODY,1
169376600000,OIL SEAL 12*20*5,SRV 250 AMT,5710,628,6338,FAST,OIL_FLUID,1
169386680000,INSULATION TIN FOIL PAPER,SRK 800 RR,45630,5019,50649,FAST,OIL_FLUID,1
169396680000,AXLE SLEEVE,SRK 800 RR,17120,1883,19003,MEDIUM,OTHER,1
169406600000,LEFT COVER PLATE,SRT 700SX (TOURINO),79860,8784,88644,MEDIUM,BODY,1
169426590010,SPROCKET INNER COVER ASSEMBLY,SRV 250 AMT,17120,1883,19003,FAST,BODY,1
169434640000,SEALING STRIP,AX 180  (VIENTO) ABS,5710,628,6338,FAST,FASTENER,1
169454590010,SPONGE SUPPORT,AX 180  (VIENTO) ABS,22820,2510,25330,MEDIUM,OTHER,1
169464590010,LEFT COVER AIR INLET SPONGE,AX 180  (VIENTO) ABS,5710,628,6338,MEDIUM,BODY,1
169496600000,LEFT COVER COMPONENTS,SRT 700SX (TOURINO),399270,43919,443189,MEDIUM,BODY,1
169516590000,RIGHT CAP CANNULA,SRV 250 AMT,5710,628,6338,MEDIUM,OTHER,1
16951690MM01,LEFT COVER,SRV 600 V,279490,30743,310233,MEDIUM,BODY,1
169526590000,WARNING PIPE,SRV 250 AMT,11410,1255,12665,MEDIUM,OTHER,1
169526900000,LEFT COVER GASKET,SRV 600 V,17120,1883,19003,FAST,BODY,1
169536900000,OUTLET PRESSURE PLATE,SRV 600 V,5710,628,6338,MEDIUM,OTHER,1
16962690BM00,SPROCKET COVER,SRV 600 V,228150,25096,253246,FAST,BODY,1
169656900000,INLET COVER DECORATE PLATE,SRV 600 V,11410,1255,12665,MEDIUM,BODY,1
17001305011X,BOLT M6×100,FORD 250,5710,628,6338,FAST,FASTENER,1
170015470000,PISTON RING ASMY,AX 180  (VIENTO) ABS,79860,8784,88644,MEDIUM,ENGINE,1
170016520000,PISTON RING ASMY,SRK 800 RR,96970,10666,107636,MEDIUM,ENGINE,1
170016590000,PISTON RING ASSEMBLY,SRV 250 AMT,91260,10038,101298,MEDIUM,ENGINE,1
170016590010,WOODRUFF KEY 4×6.5×16,SRV 250 AMT,5710,628,6338,MEDIUM,OTHER,1
170026860000,BALANCE SHAFT DRIVE GEAR ASSEMBLY,SRV 250 AL (LIBERO),547560,60231,607791,SLOW,ENGINE,1
170027040000,WOODRUFF KEY,FORT 250  ADVENTURE ABS,5710,628,6338,MEDIUM,OTHER,1
170034320000,GASKET,FORT 250  ADVENTURE ABS,11410,1255,12665,FAST,FASTENER,1
170034590000,PLAIN WASHERⅠ,AX 180  (VIENTO) ABS,11410,1255,12665,FAST,FASTENER,1
170035600000,BALANCE SHAFT DRIVEN GEAR ASSEMBLY,SRV 250 AL (LIBERO),370750,40782,411532,SLOW,ENGINE,1
170036700000,PRIMARY DRIVE GEAR,SRV 250 AMT,216750,23842,240592,MEDIUM,DRIVE,1
170044590000,PISTON RING ASSEMBLY,SRK 150 E (CITO),74150,8156,82306,MEDIUM,ENGINE,1
17004505011X,FLYWHEEL LOCK NUT M16×1,FORD 250,5710,628,6338,FAST,FASTENER,1
170045600000,PRIMARY DRIVE SUB-WHEEL,SRV 250 AL (LIBERO),91260,10038,101298,MEDIUM,OTHER,1
170046700000,PRIMARY DRIVE SUB-WHEEL,SRV 250 AMT,91260,10038,101298,MEDIUM,OTHER,1
170054590000,HEXAGON NUT M14×1.5,AX 180  (VIENTO) ABS,5710,628,6338,FAST,FASTENER,1
17005505001X,PLAIN WASHER,FORD 250,5710,628,6338,FAST,FASTENER,1
170055150010,LOCK WASHER,SRV 250 AL (LIBERO),5710,628,6338,FAST,FASTENER,1
170055600000,PRIMARY DRIVE GEAR,SRV 250 AL (LIBERO),211040,23214,234254,MEDIUM,DRIVE,1
170064590000,PLAIN WASHERⅡ,AX 180  (VIENTO) ABS,5710,628,6338,FAST,FASTENER,1
170065050000,KEY,FORD 250,5710,628,6338,MEDIUM,OTHER,1
170065150110,HEX THIN NUT,SRV 250 AL (LIBERO),17120,1883,19003,FAST,FASTENER,1
170066030100,FLYWHEEL SET-BOLT M12×40,SRV 600 V,17120,1883,19003,FAST,FASTENER,1
170066590000,PRIMARY DRIVE GEAR SPRING,SRV 250 AMT,5710,628,6338,MEDIUM,DRIVE,1
17007505002X,PLAIN WASHER,FORD 250,5710,628,6338,FAST,FASTENER,1
170076590000,HEX NUT M18×1.5,SRV 250 AMT,28520,3137,31657,FAST,FASTENER,1
17008505001X,LOCK NUT,FORD 250,5710,628,6338,FAST,FASTENER,1
170086590000,RIGHT CRANK OIL SEAL,SRV 250 AMT,17120,1883,19003,FAST,OIL_FLUID,1
170096590010,CLUTCH COVER NOZZLE,SRV 250 AMT,5710,628,6338,MEDIUM,ENGINE,1
170106030000,FLYWHEEL WASHERS,SRV 600 V,11410,1255,12665,FAST,FASTENER,1
170146590000,WATER PUMP DRIVES GEAR STOP WASHER,SRV 250 AMT,5710,628,6338,FAST,DRIVE,1
170176540000,ASEALING COVER 16,SRK 800 RR,5710,628,6338,FAST,BODY,1
170226090000,GASKET 6.5×12×1,SRV 250 AMT,5710,628,6338,FAST,FASTENER,1
170236590000,RIGHT CRANK OIL SEAL PLATE,SRV 250 AMT,5710,628,6338,FAST,OIL_FLUID,1
170274040000,KEY,SRK 800 RR,5710,628,6338,MEDIUM,OTHER,1
170336610000,PISTON RING ASMY,FORD 250,165410,18195,183605,MEDIUM,ENGINE,1
170336610001,PISTON RING ASSEMBLY,FORT 250  ADVENTURE ABS,91260,10038,101298,MEDIUM,ENGINE,1
179014720010,CRANKSHAFT CONNECTING ROD ASSEMBLY,SRK 150 E (CITO),815640,89720,905360,SLOW,ENGINE,1
179015450000,CRANK CONNECTING ROD ASSY,FORD 250,1665500,183205,1848705,MEDIUM,OTHER,1
179015470000,CRANK CONNECTING ROD ASSY,AX 180  (VIENTO) ABS,1380310,151834,1532144,MEDIUM,OTHER,1
179015530000,CRANKSHAFT ASSEMBLY,FORT 250  ADVENTURE ABS,2241580,246573,2488153,SLOW,ENGINE,1
179015600000,CRANKSHAFT CONNECTING ROD ASSEMBLY,SRV 250 AL (LIBERO),1368900,150579,1519479,SLOW,ENGINE,1
179016700000,CRANKSHAFT CONNECTING ROD ASSEMBLY,SRV 250 AMT,1562830,171911,1734741,SLOW,ENGINE,1
179016900000,CRANKSHAFT,SRV 600 V,2840470,312451,3152921,SLOW,ENGINE,1
179016920000,CRANKSHAFT,SRK 800 RR,3616180,397779,4013959,SLOW,ENGINE,1
179035480000,CONNECTING ROD ASSEMBLY,FORT 250  ADVENTURE ABS,827050,90975,918025,MEDIUM,OTHER,1
179036900000,CONNECTING ROD ASSEMBLY,SRV 600 V,758600,83446,842046,MEDIUM,OTHER,1
179036920010,CONNECTING ROD ASSEMBLY,SRK 800 RR,809940,89093,899033,MEDIUM,OTHER,1
179076520040,CONNECTING ROD BEARINGS(brown),SRK 800 RR,125490,13803,139293,FAST,SUSPENSION,1
179076520050,CONNECTING ROD BEARINGS(green),SRK 800 RR,125490,13803,139293,FAST,SUSPENSION,1
179076900000,CONNECTING ROD BEARINGS(YELLOW),SRV 600 V,119780,13175,132955,FAST,SUSPENSION,1
179076900010,CONNECTING ROD BEARINGS(GREEN),SRV 600 V,125490,13803,139293,FAST,SUSPENSION,1
179076900020,CONNECTING ROD BEARINGS(BLUE),SRV 600 V,125490,13803,139293,FAST,SUSPENSION,1
179077040010,CONNECTING ROD BEARING(YELLOW),FORT 250  ADVENTURE ABS,131190,14430,145620,FAST,SUSPENSION,1
179077040020,CONNECTING ROD BEARING(GREEN),FORT 250  ADVENTURE ABS,131190,14430,145620,FAST,SUSPENSION,1
179077040030,CONNECTING ROD BEARING(BROWN),FORT 250  ADVENTURE ABS,131190,14430,145620,FAST,SUSPENSION,1
179077040040,CONNECTING ROD BEARING(BLACK),FORT 250  ADVENTURE ABS,131190,14430,145620,FAST,SUSPENSION,1
179077040050,CONNECTING ROD BEARING(BLUE),FORT 250  ADVENTURE ABS,131190,14430,145620,FAST,SUSPENSION,1
179106590000,PUMP DRIVE GEAR,SRV 250 AMT,85560,9411,94971,MEDIUM,DRIVE,1
179134670010,PISTON,SRK 150 E (CITO),85560,9411,94971,MEDIUM,ENGINE,1
179135450000,PISTON,FORD 250,102670,11293,113963,MEDIUM,ENGINE,1
179135470000,PISTON,AX 180  (VIENTO) ABS,85560,9411,94971,MEDIUM,ENGINE,1
179135480000,THE PISTON,FORT 250  ADVENTURE ABS,125490,13803,139293,MEDIUM,ENGINE,1
179136590000,THE PISTON,SRV 250 AMT,68450,7529,75979,MEDIUM,ENGINE,1
179136680000,PISTON,SRK 800 RR,125490,13803,139293,MEDIUM,ENGINE,1
179136900000,PISTON,SRV 600 V,96970,10666,107636,MEDIUM,ENGINE,1
179142130000,PISTON PIN,AX 180  (VIENTO) ABS,5710,628,6338,MEDIUM,ENGINE,1
179144590000,PISTON PIN,SRK 150 E (CITO),11410,1255,12665,MEDIUM,ENGINE,1
179145210000,PISTON PIN,SRV 600 V,11410,1255,12665,MEDIUM,ENGINE,1
179146520000,PISTON PIN,SRK 800 RR,11410,1255,12665,MEDIUM,ENGINE,1
179146590000,THE PISTON PIN,SRV 250 AMT,11410,1255,12665,MEDIUM,ENGINE,1
179146610000,PISTON PIN,FORD 250,11410,1255,12665,MEDIUM,ENGINE,1
179153070000,PISTON PIN RETAINER,SRV 250 AMT,5710,628,6338,MEDIUM,ENGINE,1
179153090000,PISTON PIN STOP RING Φ14,SRK 150 E (CITO),5710,628,6338,MEDIUM,ENGINE,1
179155050000,CIRCLIP PISTON PIN,FORD 250,5710,628,6338,MEDIUM,ENGINE,1
179155140000,CIRCLIP PISTON PIN,SRV 600 V,5710,628,6338,MEDIUM,ENGINE,1
179155210000,PISTON RING ASMY,SRV 600 V,68450,7529,75979,MEDIUM,ENGINE,1
179245530000,BALANCE SHAFT ASSEMBLY,FORT 250  ADVENTURE ABS,1363200,149952,1513152,SLOW,OTHER,1
179245600000,BALANCE SHAFT ASSEMBLY,SRV 250 AL (LIBERO),473420,52076,525496,SLOW,OTHER,1
179306860000,COUNTERBALANCE,SRV 250 AL (LIBERO),62750,6902,69652,MEDIUM,OTHER,1
179306900000,CLUTCH ACTIVE GEAR,SRV 600 V,798530,87838,886368,MEDIUM,ENGINE,1
179336520000,BOLT M10×25,SRV 600 V,5710,628,6338,FAST,FASTENER,1
179336900000,SPROCKET,SRV 600 V,68450,7529,75979,FAST,DRIVE,1
200001050000,SEPARATION ROD OIL SEAL,SRV 600 V,5710,628,6338,FAST,OIL_FLUID,1
200014130000,WASHER,FORD 250,5710,628,6338,FAST,FASTENER,1
200025040000,SPLINE WASHER,SRV 250 AL (LIBERO),5710,628,6338,FAST,FASTENER,1
200046900000,JOYSTICK RETURN SPRING,SRV 600 V,5710,628,6338,MEDIUM,OTHER,1
200056030010,WASHER 12×22×0.8,SRV 600 V,5710,628,6338,FAST,FASTENER,1
200066280000,PUTTER,SRV 600 V,11410,1255,12665,MEDIUM,OTHER,1
200076590010,A SPRING CLAMP,SRV 250 AMT,17120,1883,19003,FAST,ELECTRICAL,1
200085090000,STRAP 23×1006,FORD 250,758600,83446,842046,MEDIUM,OTHER,1
200085530000,BELT,FORT 250  ADVENTURE ABS,661640,72780,734420,FAST,DRIVE,1
200086030000,LOCATING PIN Φ8×8,SRV 600 V,5710,628,6338,MEDIUM,OTHER,1
200086590010,SPRING GASKET,SRV 250 AMT,5710,628,6338,FAST,FASTENER,1
200096280010,JOYSTICK RIVETING ASSEMBLY,SRV 600 V,28520,3137,31657,MEDIUM,OTHER,1
200096590010,CLUTCH SPRING,SRV 250 AMT,11410,1255,12665,MEDIUM,ENGINE,1
200116680020,GROMMET 25×50×2,SRK 800 RR,5710,628,6338,MEDIUM,OTHER,1
200126590010,CLUTCH DRIVEN HUB,SRV 250 AMT,159710,17568,177278,MEDIUM,ENGINE,1
200126680020,LOAD ADJUSTMENT SPRING WASHER,SRK 800 RR,39930,4392,44322,FAST,FASTENER,1
200135150020,FRICTION PLATE,SRK 800 RR,154010,16941,170951,FAST,OTHER,1
200136680020,CLUTCH SPRING PRESSURE PLATE,SRK 800 RR,131190,14430,145620,MEDIUM,ENGINE,1
200146480010,CLUTCH PLATE,SRK 800 RR,17120,1883,19003,FAST,ENGINE,1
200146680020,CLUTCH SPRING PRESSURE PLATE,SRK 800 RR,11410,1255,12665,MEDIUM,ENGINE,1
200146810000,CLUTCH SPRING PRESSURE PLATE,SRK 800 RR,5710,628,6338,MEDIUM,ENGINE,1
200154050000,THE GASKET,SRV 250 AMT,5710,628,6338,FAST,FASTENER,1
200155090000,CLUTCH SUPPORT PLATE,FORD 250,5710,628,6338,MEDIUM,ENGINE,1
200155150070,CLUTCH PLATE,SRV 250 AL (LIBERO),142600,15686,158286,FAST,ENGINE,1
200166680020,CLUTCH DRIVEN HUB,SRK 800 RR,165410,18195,183605,MEDIUM,ENGINE,1
200175150000,LOCK WASHER,SRV 250 AL (LIBERO),5710,628,6338,FAST,FASTENER,1
200176030001,SHAFT SLEEVE,SRV 600 V,45630,5019,50649,SLOW,OTHER,1
200176680000,GROMMET 22×32×2,SRK 800 RR,5710,628,6338,MEDIUM,OTHER,1
200206680020,BOLT M6×30,SRK 800 RR,5710,628,6338,FAST,FASTENER,1
200216030010,CLUTCH PLATE,SRV 600 V,17120,1883,19003,FAST,ENGINE,1
200226030001,DISC SPRING,SRV 600 V,39930,4392,44322,MEDIUM,BRAKE,1
200226680020,CLUTCH PLATE,SRK 800 RR,17120,1883,19003,FAST,ENGINE,1
200236030001,WASHER,SRV 600 V,22820,2510,25330,FAST,FASTENER,1
200306680000,HEXAGON FLAT NUT,SRK 800 RR,17120,1883,19003,FAST,FASTENER,1
200315150000,NUT M18X1.0,SRV 250 AL (LIBERO),11410,1255,12665,FAST,FASTENER,1
200326280000,SHIM,SRV 600 V,5710,628,6338,MEDIUM,OTHER,1
200366030000,FRICTION PLATE I,SRV 600 V,154010,16941,170951,FAST,OTHER,1
200376030000,FRICTION PLATE Ⅱ,SRV 600 V,159710,17568,177278,FAST,OTHER,1
200446030000,WASHER 26×52×3,SRV 600 V,11410,1255,12665,FAST,FASTENER,1
200465150070,WASHER OF SPRING,SRV 250 AL (LIBERO),5710,628,6338,FAST,FASTENER,1
200476030000,NEEDLE BEARING 35×20,SRV 600 V,39930,4392,44322,FAST,SUSPENSION,1
200485150070,CLUTCH DISC Ⅱ,SRV 250 AL (LIBERO),17120,1883,19003,MEDIUM,ENGINE,1
200495150070,A SPRING CLAMP,SRV 250 AL (LIBERO),22820,2510,25330,FAST,ELECTRICAL,1
200505150070,LOAD ADJUSTMENT WASHER,SRK 800 RR,22820,2510,25330,FAST,FASTENER,1
200515150070,DISC SPRING,SRV 250 AL (LIBERO),39930,4392,44322,MEDIUM,BRAKE,1
200663070120,BOLT M6×42,FORD 250,5710,628,6338,FAST,FASTENER,1
209015450010,CLUTCH ASSEMBLY,FORD 250,2053350,225868,2279218,MEDIUM,ENGINE,1
209015600000,CLUTCH ASSEMBLY,SRV 250 AL (LIBERO),2840470,312451,3152921,MEDIUM,ENGINE,1
209016700020,CLUTCH ASSEMBLY,SRV 250 AMT,2344250,257867,2602117,MEDIUM,ENGINE,1
209016900000,CLUTCH ASSEMBLY,SRV 600 V,2834770,311824,3146594,MEDIUM,ENGINE,1
209016920000,CLUTCH ASSEMBLY,SRK 800 RR,3228330,355116,3583446,MEDIUM,ENGINE,1
209023870020,OUTTER HALF PULLEY,SRK 150 E (CITO),963940,106033,1069973,MEDIUM,DRIVE,1
209025390010,DRIVEN WHEEL COMBINATION,AX 180  (VIENTO) ABS,610310,67134,677444,MEDIUM,OTHER,1
209025530030,COMBINATION OF ACTIVE ROULETTE,FORT 250  ADVENTURE ABS,621710,68388,690098,MEDIUM,OTHER,1
209025600000,CLUTCH CENTRAL ASSEMBLY,SRV 250 AL (LIBERO),1836610,202027,2038637,MEDIUM,ENGINE,1
209026900000,CLUTCH ACTIVE HUB ASSEMBLY,SRV 600 V,958230,105405,1063635,MEDIUM,ENGINE,1
209033870010,INNER DRIVING HALF PULLEY,SRK 150 E (CITO),308010,33881,341891,MEDIUM,DRIVE,1
209035390010,COMBINATION OF ACTIVE ROULETTE,AX 180  (VIENTO) ABS,1038090,114189,1152279,MEDIUM,OTHER,1
209035530030,DIVEN WHEEL COMBINATION,FORT 250  ADVENTURE ABS,1494390,164382,1658772,MEDIUM,OTHER,1
209036590040,CLUTCH CENTRAL ASSEMBLY,SRV 250 AMT,1237720,136149,1373869,MEDIUM,ENGINE,1
209036920000,CLUTCH ACTIVE HUB,SRK 800 RR,1214900,133639,1348539,MEDIUM,ENGINE,1
209046920000,CLUTCH DRIVEN HUB ASSEMBLY,SRK 800 RR,1973500,217085,2190585,MEDIUM,ENGINE,1
209055530030,SLIDER PIECE,FORT 250  ADVENTURE ABS,17120,1883,19003,MEDIUM,OTHER,1
209065530030,ROLLER WEIGHT COMP,FORT 250  ADVENTURE ABS,17120,1883,19003,FAST,DRIVE,1
209076920000,CLUTCH PULL ROD,SRK 800 RR,39930,4392,44322,MEDIUM,ENGINE,1
209105390010,BALL,AX 180  (VIENTO) ABS,11410,1255,12665,MEDIUM,OTHER,1
209106590000,CLUTCH ACTIVE HUB ASSEMBLY,SRV 250 AMT,165410,18195,183605,MEDIUM,ENGINE,1
209115390010,GUIDE BLOCK,AX 180  (VIENTO) ABS,11410,1255,12665,MEDIUM,OTHER,1
209136590000,GASKET,SRV 250 AMT,5710,628,6338,FAST,FASTENER,1
209143870000,STARTING PAD,SRK 150 E (CITO),34230,3765,37995,MEDIUM,OTHER,1
209145600000,CLUTCH SPRING,SRV 250 AL (LIBERO),11410,1255,12665,MEDIUM,ENGINE,1
209146280030,CLUTCH HUB ASSEMBLY,SRV 600 V,193930,21332,215262,MEDIUM,ENGINE,1
209146590000,HEX NUT M16,SRV 250 AMT,11410,1255,12665,FAST,FASTENER,1
209153870000,SPLINE PAD,SRK 150 E (CITO),11410,1255,12665,MEDIUM,OTHER,1
209156280030,CLUTCH CENTRAL PRESSURE PLATE,SRV 600 V,96970,10666,107636,MEDIUM,ENGINE,1
209156590040,CLUTCH ACTIVE FRICTION PLATE l,SRV 250 AMT,165410,18195,183605,FAST,ENGINE,1
209166280030,CLUTCH SPRING PRESSURE PLATE,SRV 600 V,22820,2510,25330,MEDIUM,ENGINE,1
209166590010,CLUTCH DISC Ⅰ,SRV 250 AMT,17120,1883,19003,MEDIUM,ENGINE,1
209176280040,CLUTCH PLATE I,SRV 600 V,17120,1883,19003,FAST,ENGINE,1
209176590000,CLUTCH BIG HUB LINER,SRV 250 AMT,22820,2510,25330,MEDIUM,ENGINE,1
209176860000,CLUTCH BIG HUB LINER,SRV 250 AL (LIBERO),28520,3137,31657,MEDIUM,ENGINE,1
209186590000,PRIMARY DRIVEN GEAR GASKET,SRV 250 AMT,5710,628,6338,FAST,DRIVE,1
209186860000,PRIMARY DRIVEN GEAR GASKET,SRV 250 AL (LIBERO),5710,628,6338,FAST,DRIVE,1
209186900000,CLUTCH SPRING,SRV 600 V,5710,628,6338,MEDIUM,ENGINE,1
209196590010,CLUTCH DISENGAGES RACK,SRV 250 AMT,39930,4392,44322,MEDIUM,ENGINE,1
209197360000,CLUTCH DISENGAGES RACK,SRV 250 AL (LIBERO),39930,4392,44322,MEDIUM,ENGINE,1
209205450000,GUIDE BLOCK,FORD 250,11410,1255,12665,MEDIUM,OTHER,1
209206480010,CLUTCH DRIVEN HUB,SRV 250 AL (LIBERO),188230,20705,208935,MEDIUM,ENGINE,1
209206860020,CLUTCH FRICTION PLATE Ⅰ,SRV 250 AL (LIBERO),188230,20705,208935,FAST,ENGINE,1
209215450000,BALL,FORD 250,17120,1883,19003,MEDIUM,OTHER,1
209216590000,THRUST WASHER,SRV 250 AMT,5710,628,6338,FAST,FASTENER,1
209216860020,CLUTCH FRICTION PLATE Ⅱ,SRV 250 AL (LIBERO),193930,21332,215262,FAST,ENGINE,1
209226590010,CLUTCH PLATE,SRV 250 AMT,119780,13175,132955,FAST,ENGINE,1
209245600000,CLUTCH ACTIVE HUB ASSEMBLY,SRV 250 AL (LIBERO),941120,103523,1044643,MEDIUM,ENGINE,1
209247060000,CLUTCH ROCKER GEAR,SRV 250 AMT,51340,5647,56987,MEDIUM,ENGINE,1
209247360000,CLUTCH ROCKER GEAR,SRV 250 AL (LIBERO),51340,5647,56987,MEDIUM,ENGINE,1
209265390000,TOOTH V-BELT,AX 180  (VIENTO) ABS,439190,48310,487500,FAST,DRIVE,1
209286590010,CLUTCH ACTIVE FRICTION PLATE II,SRV 250 AMT,57040,6274,63314,FAST,ENGINE,1
209316590010,THE GASKET,SRV 250 AMT,22820,2510,25330,FAST,FASTENER,1
209316920000,OIL PUMP DRIVE SPROCKET,SRK 800 RR,57040,6274,63314,FAST,ENGINE,1
209326590010,BUTTERFLY SPRING,SRV 250 AMT,39930,4392,44322,MEDIUM,OTHER,1
209326680000,SHAFT SLEEVE,SRK 800 RR,131190,14430,145620,SLOW,OTHER,1
209386680000,NEEDLE BEARING,SRK 800 RR,68450,7529,75979,FAST,SUSPENSION,1
209406680000,CLUTCH PRESSURE PLATE ASSEMBLY,SRK 800 RR,131190,14430,145620,MEDIUM,ENGINE,1
210015150000,SPLINED BUSHING,SRV 250 AL (LIBERO),11410,1255,12665,MEDIUM,SUSPENSION,1
210026480000,3 &4 DRIVE GEAR,SRV 250 AL (LIBERO),125490,13803,139293,MEDIUM,DRIVE,1
210026590000,3 &4 DRIVE GEAR,SRV 250 AMT,125490,13803,139293,MEDIUM,DRIVE,1
210035150000,SPLINED GASKET,SRV 250 AL (LIBERO),5710,628,6338,FAST,FASTENER,1
210043050000,O-RINGS,SRV 250 AMT,5710,628,6338,MEDIUM,OTHER,1
210043060010,TIMING CHAIN,AX 180  (VIENTO) ABS,68450,7529,75979,FAST,DRIVE,1
210045150000,RETAINER RING,SRV 250 AL (LIBERO),5710,628,6338,MEDIUM,OTHER,1
210046860000,SHAFT RETAINER RING,SRV 250 AL (LIBERO),5710,628,6338,SLOW,OTHER,1
210054030000,THRUST WASHER Φ15,FORD 250,5710,628,6338,FAST,FASTENER,1
210055150000,SPLINED GASKET,SRV 250 AL (LIBERO),5710,628,6338,FAST,FASTENER,1
210063090010,LOCK NUT M16×1.5,SRV 250 AMT,17120,1883,19003,FAST,FASTENER,1
210063090100,LOCK NUT M16×1.5,SRV 250 AMT,5710,628,6338,FAST,FASTENER,1
210065150000,SHAFT RETAINER RING,SRV 250 AL (LIBERO),5710,628,6338,SLOW,OTHER,1
210073090000,OIL SEAL 27×40×6,SRV 250 AMT,11410,1255,12665,FAST,OIL_FLUID,1
210076590000,1 GEAR DRIVEN GEAR BEARING,SRV 250 AMT,28520,3137,31657,FAST,ENGINE,1
210086590000,CIRCLIP 20,SRV 250 AMT,5710,628,6338,MEDIUM,FASTENER,1
210096590000,3 BLOCK DRIVEN GEAR STOP WASHER,SRV 250 AMT,5710,628,6338,FAST,DRIVE,1
210105150000,BUSHING,SRV 250 AL (LIBERO),17120,1883,19003,MEDIUM,SUSPENSION,1
210106590000,COUNTERSHAFT GASKET 20×39.8×3,SRV 250 AMT,5710,628,6338,FAST,FASTENER,1
210116590000,COUNTERSHAFT RIGHT BEARING 15×21×15,SRV 250 AMT,22820,2510,25330,FAST,SUSPENSION,1
210125150000,GASKET,SRV 250 AL (LIBERO),5710,628,6338,FAST,FASTENER,1
210145150010,SPINDLE FORK,SRV 250 AL (LIBERO),39930,4392,44322,SLOW,SUSPENSION,1
210146590000,SPROCKET BUSHING,SRV 250 AMT,51340,5647,56987,FAST,DRIVE,1
210146900000,SPROCKET SLEEVE,SRV 600 V,51340,5647,56987,FAST,DRIVE,1
210155150010,SPINDLE FORK SHAFT,SRV 250 AL (LIBERO),11410,1255,12665,SLOW,SUSPENSION,1
210156030001,WASHER,SRV 600 V,5710,628,6338,FAST,FASTENER,1
210156590000,OUTPUT SPROCKET O-RING 19×2.4,SRV 250 AMT,5710,628,6338,FAST,DRIVE,1
210166030001,NUT,SRV 600 V,17120,1883,19003,FAST,FASTENER,1
210166590000,SPINDLE LEFT BUSHING,SRV 250 AMT,28520,3137,31657,MEDIUM,SUSPENSION,1
210175150010,FIFTH DEAR SHIFT OF COUNTERSHAFT,SRV 250 AL (LIBERO),39930,4392,44322,SLOW,OTHER,1
210176590000,1 GEAR DRIVEN GEAR STOP WASHER 15×27×1,SRV 250 AMT,5710,628,6338,FAST,ENGINE,1
210185150010,FIFTH GEAR FORK SHAFT,SRV 250 AL (LIBERO),11410,1255,12665,SLOW,DRIVE,1
210186590010,BEARING DAMPER,SRV 250 AMT,11410,1255,12665,FAST,SUSPENSION,1
210196590000,2 GEAR DRIVEN GEAR LEFT STOP WASHER 20.5×25×0.5,SRV 250 AMT,5710,628,6338,FAST,ENGINE,1
210196590010,2 GEAR DRIVEN GEAR WASHER 23.2×27×0.5,SRV 250 AMT,5710,628,6338,FAST,ENGINE,1
210205150010,SIXTH DEAR SHIFT OF COUNTERSHAFT,SRV 250 AL (LIBERO),39930,4392,44322,SLOW,OTHER,1
210206590000,BLOCK 1,SRV 250 AMT,5710,628,6338,MEDIUM,OTHER,1
210215150010,SIXTH GEAR FORK SHAFT OF COUNTERSHAFT,SRV 250 AL (LIBERO),11410,1255,12665,SLOW,DRIVE,1
210216570000,GASKET 14.2×29×0.8,SRK 800 RR,5710,628,6338,FAST,FASTENER,1
210216860000,GEAR SELECTOR DRUM,SRV 250 AL (LIBERO),159710,17568,177278,MEDIUM,DRIVE,1
210226590000,BLOCK 3,SRV 250 AL (LIBERO),5710,628,6338,MEDIUM,OTHER,1
210265150000,SEPARATION SEAT,SRV 250 AL (LIBERO),45630,5019,50649,MEDIUM,BODY,1
210266090000,CYLINDRICAL PIN 4×12.8,SRV 250 AL (LIBERO),5710,628,6338,MEDIUM,OTHER,1
210273090000,RIGHT CLICK,SRV 250 AMT,5710,628,6338,MEDIUM,OTHER,1
210275150000,SEPARATION SEAT ROLLER,SRV 250 AL (LIBERO),11410,1255,12665,FAST,BODY,1
210283090000,RATCHET SPRING,SRV 250 AMT,5710,628,6338,MEDIUM,OTHER,1
210293090000,LEFT CLICK,SRV 250 AMT,5710,628,6338,MEDIUM,OTHER,1
210296090000,STAR LOCATING PLATE FIXING PIN,SRV 250 AL (LIBERO),11410,1255,12665,MEDIUM,OTHER,1
210303070000,GASKET,SRK 800 RR,5710,628,6338,FAST,FASTENER,1
210303090000,RATCHET NEEDLE,SRV 250 AMT,5710,628,6338,MEDIUM,OTHER,1
210305150000,STAR WHEEL PRESSING PLATE,SRV 250 AL (LIBERO),22820,2510,25330,MEDIUM,OTHER,1
210313090000,CONTACT SPRING,SRV 600 V,5710,628,6338,MEDIUM,OTHER,1
210316090000,SEPARATION BIOCK,SRV 250 AL (LIBERO),5710,628,6338,MEDIUM,OTHER,1
210323090000,SHIFT CONVERSION CONTACTS,SRV 600 V,5710,628,6338,MEDIUM,OTHER,1
210326090000,RELEASE BLOCK PIN,SRV 250 AL (LIBERO),5710,628,6338,MEDIUM,OTHER,1
210336520000,SHIFT RETURN SPRING LIMIT SHAFT,SRK 800 RR,11410,1255,12665,SLOW,OTHER,1
210373090000,OIL SEAL,SRV 250 AMT,5710,628,6338,FAST,OIL_FLUID,1
210375150010,SHIFT STOPPER ASSY,SRV 250 AL (LIBERO),34230,3765,37995,MEDIUM,OTHER,1
210382140030,GASKET,AX 180  (VIENTO) ABS,5710,628,6338,FAST,FASTENER,1
21039214002X,GROMMENT,FORT 250  ADVENTURE ABS,5710,628,6338,MEDIUM,OTHER,1
210395150000,SHIFT POSITIONING ROLLER ARM SHAFT,SRV 250 AL (LIBERO),5710,628,6338,FAST,DRIVE,1
210415150000,RETURM SPRING,SRV 250 AL (LIBERO),5710,628,6338,MEDIUM,OTHER,1
210426090000,PAD,SRK 150 E (CITO),5710,628,6338,MEDIUM,OTHER,1
210475150000,RATCHET SPRING,SRV 250 AL (LIBERO),5710,628,6338,MEDIUM,OTHER,1
210556900000,PLUGS,SRV 600 V,5710,628,6338,FAST,OTHER,1
219016680000,GEAR SHIFTING SHAFT ASSEMBLY,SRK 800 RR,182520,20077,202597,SLOW,DRIVE,1
219016900000,SHIFTER ASSEMBLY,SRV 600 V,188230,20705,208935,MEDIUM,OTHER,1
219017060000,SHIFT SHAFT ASSEMBLY,SRV 250 AMT,85560,9411,94971,SLOW,OTHER,1
219017360010,SHIFT SHAFT ASSEMBLY,SRV 250 AL (LIBERO),74150,8156,82306,SLOW,OTHER,1
219047060000,SHIFT DRUM ASSEMBLY,SRV 250 AMT,142600,15686,158286,MEDIUM,OTHER,1
219047360000,GEARSHIFT DRUM,SRV 250 AL (LIBERO),154010,16941,170951,MEDIUM,DRIVE,1
219056680000,GEAR SHIFTING DRUM,SRK 800 RR,142600,15686,158286,MEDIUM,DRIVE,1
219056900000,GEAR SHIFT DRUM,SRV 600 V,131190,14430,145620,MEDIUM,DRIVE,1
219076610000,GEAR INDICATOR,SRK 800 RR,450600,49566,500166,MEDIUM,DRIVE,1
219083090000,FORK SHAFT (MIDDLE),SRV 250 AMT,11410,1255,12665,SLOW,SUSPENSION,1
219086520000,SHIFT RAIL,SRK 800 RR,39930,4392,44322,MEDIUM,OTHER,1
219086610000,FORK SHAFT,SRV 600 V,22820,2510,25330,SLOW,SUSPENSION,1
219093090000,FORK SHAFT,SRV 250 AMT,11410,1255,12665,SLOW,SUSPENSION,1
219106590000,SHIFT FORK I,SRV 250 AMT,39930,4392,44322,SLOW,SUSPENSION,1
219106610000,SPINDLE FORK,SRV 600 V,45630,5019,50649,SLOW,SUSPENSION,1
219106680000,SPINDLE FORK,SRK 800 RR,45630,5019,50649,SLOW,SUSPENSION,1
219116590000,SHIFTING FORK Ⅲ,SRV 250 AMT,39930,4392,44322,SLOW,SUSPENSION,1
219116610000,COUNTERSHAFT FORK,SRV 600 V,45630,5019,50649,SLOW,SUSPENSION,1
219116680000,AUXILIARY SHAFT FORK I,SRK 800 RR,45630,5019,50649,SLOW,SUSPENSION,1
219126590000,SHIFT FORK Ⅱ,SRV 250 AMT,39930,4392,44322,SLOW,SUSPENSION,1
219126680000,AUXILIARY SHAFT FORK Ⅱ,SRK 800 RR,45630,5019,50649,SLOW,SUSPENSION,1
219135600000,THE SPINDLE COMBINATION,SRV 250 AL (LIBERO),416380,45801,462181,MEDIUM,OTHER,1
219136590000,THE SPINDLE COMBINATION,SRV 250 AMT,695860,76544,772404,MEDIUM,OTHER,1
219136680000,SPINDLE ASSEMBLy,SRK 800 RR,1500090,165009,1665099,MEDIUM,OTHER,1
219136900000,SPINDLE ASSEMBLY,SRV 600 V,1032380,113561,1145941,MEDIUM,OTHER,1
219136900001,SPINDLE COMBINATION,SRV 600 V,330820,36390,367210,MEDIUM,OTHER,1
219145600000,THE SPINDLE,SRV 250 AL (LIBERO),125490,13803,139293,MEDIUM,OTHER,1
219146610000,SPINDLE,SRV 600 V,399270,43919,443189,MEDIUM,OTHER,1
219146680000,PRINCIPAL AXIS,SRK 800 RR,433490,47683,481173,MEDIUM,OTHER,1
219147060000,THE SPINDLE,SRV 250 AMT,11410,1255,12665,MEDIUM,OTHER,1
219166480000,SECOND GEAR DRIVE GEAR,SRV 250 AL (LIBERO),45630,5019,50649,MEDIUM,DRIVE,1
219166590000,SECOND GEAR DRIVE GEAR,SRV 250 AMT,85560,9411,94971,MEDIUM,DRIVE,1
219166610000,SPINDLE SECOND GEAR GEAR,SRV 600 V,74150,8156,82306,MEDIUM,DRIVE,1
219166680000,SPINDLE SECOND GEAR,SRK 800 RR,125490,13803,139293,MEDIUM,DRIVE,1
219176610000,SPINDLE THREE AND FOUR GEARS,SRV 600 V,182520,20077,202597,MEDIUM,DRIVE,1
219196480000,DRIVE GEAR 5,SRV 250 AL (LIBERO),57040,6274,63314,MEDIUM,DRIVE,1
219196590000,DRIVE GEAR 5,SRV 250 AMT,85560,9411,94971,MEDIUM,DRIVE,1
219196610000,SPINDLE FIVE GEARS,SRV 600 V,102670,11293,113963,MEDIUM,DRIVE,1
219196680000,SPINDLE FIFTH GEAR,SRK 800 RR,165410,18195,183605,MEDIUM,DRIVE,1
219206590000,6 DRIVE GEAR,SRV 250 AMT,85560,9411,94971,MEDIUM,DRIVE,1
219206610000,SPINDLE SIX-SPEED GEAR,SRV 600 V,136890,15057,151947,MEDIUM,DRIVE,1
219206680000,SPINDLE SIXTH GEAR,SRK 800 RR,176820,19450,196270,MEDIUM,DRIVE,1
219206860000,6 DRIVE GEAR,SRV 250 AL (LIBERO),51340,5647,56987,MEDIUM,DRIVE,1
219215670000,COMBINATION COUNTERSHAFT,SRV 250 AL (LIBERO),513340,56467,569807,SLOW,OTHER,1
219216610010,COUNTERSHAFT ASSEMBLY,SRV 600 V,1431650,157481,1589131,SLOW,OTHER,1
219216680000,AUXILIARy SHAFT ASSEMBLy,SRK 800 RR,2538170,279198,2817368,SLOW,OTHER,1
219217060000,COMBINATION COUNTERSHAFT,SRV 250 AMT,701570,77172,778742,SLOW,OTHER,1
219226610000,LAYSHAFT,SRV 600 V,148300,16313,164613,SLOW,OTHER,1
219226680000,COUNTERSHAFT,SRK 800 RR,382160,42037,424197,SLOW,OTHER,1
219226860000,AUXILIARY SHAFT,SRV 250 AL (LIBERO),171120,18823,189943,SLOW,OTHER,1
219227060000,AUXILIARY SHAFT,SRV 250 AMT,17120,1883,19003,SLOW,OTHER,1
219235150000,AUXILIARY SHAFT FIRST GEAR,SRV 250 AL (LIBERO),62750,6902,69652,SLOW,DRIVE,1
219236590000,AUXILIARY SHAFT FIRST GEAR,SRV 250 AMT,165410,18195,183605,SLOW,DRIVE,1
219236680000,FIRST GEAR OF COUNTERSHAFT,SRK 800 RR,285190,31370,316560,SLOW,DRIVE,1
219246590010,2 GEAR DRIVEN GEAR ASSEMBLY,SRV 250 AMT,85560,9411,94971,SLOW,ENGINE,1
219246610000,COUNTERSHAFT SECOND GEAR GEAR,SRV 600 V,165410,18195,183605,SLOW,DRIVE,1
219246680000,SECONDARy SHAFT SECOND GEAR,SRK 800 RR,245270,26979,272249,SLOW,DRIVE,1
219246860000,2 GEAR DRIVEN GEAR,SRV 250 AL (LIBERO),51340,5647,56987,SLOW,ENGINE,1
219255150000,3 DRIVE DRIVEN GEAR,SRV 250 AL (LIBERO),39930,4392,44322,MEDIUM,DRIVE,1
219256590000,3 DRIVE DRIVEN GEAR,SRV 250 AMT,302300,33253,335553,MEDIUM,DRIVE,1
219256610000,COUNTERSHAFT THREE-SPEED GEAR,SRV 600 V,165410,18195,183605,SLOW,DRIVE,1
219256680000,AUXILIARy SHAFT THIRD GEAR,SRK 800 RR,233860,25724,259584,SLOW,DRIVE,1
219265150000,4 DRIVE DRIVEN GEAR,SRV 250 AL (LIBERO),34230,3765,37995,MEDIUM,DRIVE,1
219266590000,4 DRIVE DRIVEN GEAR,SRV 250 AMT,302300,33253,335553,MEDIUM,DRIVE,1
219266610000,COUNTERSHAFT FOUR-SPEED GEAR,SRV 600 V,165410,18195,183605,SLOW,DRIVE,1
219266680000,AUXILIARy SHAFT FOURTH GEAR,SRK 800 RR,222450,24469,246919,SLOW,DRIVE,1
219275150000,5 GEAR DRIVEN GEAR,SRV 250 AL (LIBERO),45630,5019,50649,SLOW,ENGINE,1
219276590000,5 GEAR DRIVEN GEAR,SRV 250 AMT,85560,9411,94971,SLOW,ENGINE,1
219276610000,COUNTERSHAFT FIVE-SPEED GEAR,SRV 600 V,330820,36390,367210,SLOW,DRIVE,1
219276680000,AUXILIARy SHAFT FIFTH GEAR,SRK 800 RR,330820,36390,367210,SLOW,DRIVE,1
219286590010,6 DRIVE DRIVEN GEAR,SRV 250 AMT,530450,58349,588799,MEDIUM,DRIVE,1
219286610000,COUNTERSHAFT SIX-SPEED GEAR,SRV 600 V,330820,36390,367210,SLOW,DRIVE,1
219286680000,6TH GEAR OF COUNTERSHAFT,SRK 800 RR,330820,36390,367210,SLOW,DRIVE,1
219286860000,6 DRIVE DRIVEN GEAR,SRV 250 AL (LIBERO),57040,6274,63314,MEDIUM,DRIVE,1
219296680000,OUTPUT SPROCKET ASSEMBLY,SRK 800 RR,96970,10666,107636,FAST,DRIVE,1
219296900000,OUTPUT PULLEY,SRV 600 V,416380,45801,462181,MEDIUM,DRIVE,1
219316590000,STOP WASHER,SRV 250 AMT,5710,628,6338,FAST,FASTENER,1
219316590020,SPROCKET STOP WASHER,SRV 250 AMT,5710,628,6338,FAST,DRIVE,1
219326590000,SHIFT CAM POSITIONING PLATE COMBINATION,SRV 250 AMT,22820,2510,25330,MEDIUM,OTHER,1
219336680000,SPINDLE THIRD AND FOURTH GEAR,SRK 800 RR,330820,36390,367210,MEDIUM,DRIVE,1
219344410000,GASKET,SRK 800 RR,5710,628,6338,FAST,FASTENER,1
219356610000,STAR POSITIONING PLATE,SRV 600 V,39930,4392,44322,MEDIUM,OTHER,1
219356680000,POSITIONING WHEEL TORSION SPRING,SRK 800 RR,5710,628,6338,MEDIUM,OTHER,1
219366610000,SHIFT DRUM PRESSURE PLATE,SRV 600 V,11410,1255,12665,MEDIUM,OTHER,1
219386680000,POSITIONING WHEEL ASSEMBLY,SRK 800 RR,17120,1883,19003,MEDIUM,OTHER,1
219396590000,SHIFT CAM POSITIONING DISC,SRV 250 AMT,17120,1883,19003,MEDIUM,BRAKE,1
219407060000,WHEEL NUMBLE TEETH,SRV 250 AMT,34230,3765,37995,MEDIUM,OTHER,1
219407360000,WHEEL TOOTH,SRV 250 AL (LIBERO),79860,8784,88644,MEDIUM,OTHER,1
219416610000,WASHER 14.2×30×1.2,SRV 600 V,5710,628,6338,FAST,FASTENER,1
219426520000,GEAR INNER SLEEVE 25×28×12,SRK 800 RR,62750,6902,69652,MEDIUM,DRIVE,1
219436520000,SPLINE WASHER,SRK 800 RR,11410,1255,12665,FAST,FASTENER,1
219436610000,SHIFT POSITIONING WHEEL COMBINATION,SRV 600 V,28520,3137,31657,MEDIUM,OTHER,1
219446520000,RETAINING RING 25,SRK 800 RR,5710,628,6338,MEDIUM,OTHER,1
219456520000,SPLINE INNER SLEEVE 25×28×13,SRK 800 RR,62750,6902,69652,MEDIUM,OTHER,1
219466520000,SPLINE WASHER,SRK 800 RR,5710,628,6338,FAST,FASTENER,1
219476520000,LOCKING PLATE,SRK 800 RR,5710,628,6338,MEDIUM,OTHER,1
219476610000,ROCKER BUSHINGS,SRV 600 V,11410,1255,12665,MEDIUM,SUSPENSION,1
219486530000,COUNTERSUNK HEAD SCREW M6×16,SRK 150 E (CITO),5710,628,6338,FAST,FASTENER,1
219486610000,BRAKE ARM SPRING,SRV 600 V,5710,628,6338,FAST,BRAKE,1
219486680000,LOCKING WASHER,SRK 800 RR,5710,628,6338,FAST,FASTENER,1
219494320000,SPACER,SRK 800 RR,5710,628,6338,MEDIUM,OTHER,1
219496520000,WASHER,SRK 800 RR,5710,628,6338,FAST,FASTENER,1
219496590000,SHIFTER POSITIONING PLATE GASKET,SRV 250 AMT,5710,628,6338,FAST,FASTENER,1
219496610000,COUNTERSHAFT FIRST GEAR ASSEMBLY,SRV 600 V,165410,18195,183605,SLOW,ENGINE,1
219506520000,BOLT M10×22,SRK 800 RR,5710,628,6338,FAST,FASTENER,1
219506590000,SHIFT POSITIONING PLATE TENSION SPRING,SRV 250 AMT,5710,628,6338,MEDIUM,OTHER,1
219507060000,THE GASKET13.2*20*1.5,SRV 250 AMT,5710,628,6338,FAST,FASTENER,1
219516590000,SHIFT PLATE BOLTS,SRV 250 AMT,5710,628,6338,FAST,FASTENER,1
219516680000,BUSHING 30×33×11.2,SRK 800 RR,39930,4392,44322,MEDIUM,SUSPENSION,1
219517060000,SHIFT SENSOR,SRV 250 AMT,176820,19450,196270,MEDIUM,ELECTRICAL,1
219526680000,SPLINE WASHER,SRK 800 RR,5710,628,6338,FAST,FASTENER,1
219536590000,PULLEY,SRV 250 AMT,359340,39527,398867,MEDIUM,DRIVE,1
219536590010,OUTPUT PULLEY,SRV 250 AL (LIBERO),313710,34508,348218,MEDIUM,DRIVE,1
219536680000,RETAINING RING 30,SRK 800 RR,5710,628,6338,MEDIUM,OTHER,1
219546680000,THIRD AND FOURTH GEAR SHAFT,SRK 800 RR,11410,1255,12665,SLOW,DRIVE,1
219556680000,SPLINE WASHER,SRK 800 RR,5710,628,6338,FAST,FASTENER,1
219566680000,LOCKING PLATE,SRK 800 RR,5710,628,6338,MEDIUM,OTHER,1
219576610000,SPLINE WASHERS,SRV 600 V,11410,1255,12665,FAST,FASTENER,1
219576680000,WASHER 24.4×32×1,SRK 800 RR,5710,628,6338,FAST,FASTENER,1
219586610000,ELASTIC RETAINING RING 25,SRV 600 V,11410,1255,12665,MEDIUM,OTHER,1
219586680000,OUTPUT SPROCKET SPACER,SRK 800 RR,62750,6902,69652,FAST,DRIVE,1
219606610000,NEEDLE ROLLER BEARINGS 20×25×12.8,SRV 600 V,74150,8156,82306,FAST,DRIVE,1
219616590010,RETAINING RING 23,SRV 250 AMT,5710,628,6338,MEDIUM,OTHER,1
219616610000,WASHER 25.3×30×1,SRV 600 V,5710,628,6338,FAST,FASTENER,1
219616680000,NEEDLE ROLLER BEARING 24×28×10,SRK 800 RR,108380,11921,120301,FAST,DRIVE,1
219626590010,GASKET 20.5×25×0.5,SRV 250 AMT,5710,628,6338,FAST,FASTENER,1
219626610000,BUSHINGS 26×28×16.6,SRV 600 V,45630,5019,50649,MEDIUM,SUSPENSION,1
219636610000,WASHER 25.3×33×1,SRV 600 V,5710,628,6338,FAST,FASTENER,1
219646610000,WASHERS 20.5×31×1.5,SRV 600 V,5710,628,6338,FAST,FASTENER,1
219656610000,THREE AND FOUR GEAR BUSHINGS,SRV 600 V,17120,1883,19003,MEDIUM,DRIVE,1
219666680000,BEARING PRESSURE PLATE,SRK 800 RR,11410,1255,12665,FAST,SUSPENSION,1
219676680000,NEEDLE ROLLER BEARING ASSEMBLY,SRK 800 RR,211040,23214,234254,FAST,DRIVE,1
219686610000,WASHER,SRV 600 V,5710,628,6338,FAST,FASTENER,1
219696610000,NUT,SRV 600 V,17120,1883,19003,FAST,FASTENER,1
219706520000,STAR WHEEL ASSEMBLY,SRK 800 RR,45630,5019,50649,MEDIUM,OTHER,1
219706610000,BUSHING 25×28×10.4,SRV 600 V,17120,1883,19003,MEDIUM,SUSPENSION,1
219716610000,RETURN SPRING SCREW,SRV 600 V,11410,1255,12665,FAST,FASTENER,1
219726610000,ELASTIC RETAINING RING 20,SRV 600 V,5710,628,6338,MEDIUM,OTHER,1
219736520000,WASHER 25.3×32.5×1,SRK 800 RR,22820,2510,25330,FAST,FASTENER,1
219746610000,WASHER 20.5×30×1,SRV 600 V,5710,628,6338,FAST,FASTENER,1
219746680000,BEARING ASSEMBLy,SRK 800 RR,188230,20705,208935,FAST,SUSPENSION,1
219756610000,SLEEVE,SRV 600 V,57040,6274,63314,MEDIUM,OTHER,1
219766680000,WASHER 20.2×34×2,SRK 800 RR,5710,628,6338,FAST,FASTENER,1
219776610000,DEEP GROOVE BALL BEARINGS 6205N,SRV 600 V,171120,18823,189943,FAST,SUSPENSION,1
219816680000,GEAR SHIFTING DRUM BEARING PRESSURE PLATE,SRK 800 RR,5710,628,6338,FAST,DRIVE,1
219826680000,BEARING,SRK 800 RR,51340,5647,56987,FAST,SUSPENSION,1
219836680000,DEEP GROOVE BALL BEARING,SRK 800 RR,239560,26351,265911,FAST,SUSPENSION,1
219916600000,O ring,SRV 250 AMT,5710,628,6338,FAST,FASTENER,1
220032080000,BOLT OIL,FORD 250,5710,628,6338,FAST,OIL_FLUID,1
220042080000,O RING,FORD 250,5710,628,6338,FAST,FASTENER,1
220075090000,VENT CATHETER,FORT 250  ADVENTURE ABS,5710,628,6338,MEDIUM,OTHER,1
220093370000,TRANSMISSION CHANNELING AIR DUCT,AX 180  (VIENTO) ABS,11410,1255,12665,MEDIUM,OTHER,1
220115090000,ENTER THE AXIS,FORD 250,268080,29488,297568,MEDIUM,OTHER,1
220125450000,OUTPUT SHAFT,FORD 250,336530,37018,373548,SLOW,OTHER,1
220125530000,OUTPUT SHAFT,FORT 250  ADVENTURE ABS,279490,30743,310233,SLOW,OTHER,1
220136800000,OUTPUT GEARS,FORD 250,456300,50193,506493,MEDIUM,DRIVE,1
220145090000,BUTTERFLY WASHERS 25×59×0.5,FORD 250,11410,1255,12665,FAST,FASTENER,1
220155090000,WASHER 22×32×2.5,FORD 250,5710,628,6338,FAST,FASTENER,1
220165090000,INTERMEDIATE GEARS,FORD 250,165410,18195,183605,MEDIUM,DRIVE,1
220176800000,INTERMEDIATE GEAR SHAFT,FORD 250,154010,16941,170951,SLOW,DRIVE,1
220185090000,WASHER 15×40×1.5,FORD 250,5710,628,6338,FAST,FASTENER,1
220215090000,BUTTERFLY WASHERS  21×56.5×0.5,FORD 250,11410,1255,12665,FAST,FASTENER,1
220225090000,CLUTCH SPACER,FORD 250,85560,9411,94971,MEDIUM,ENGINE,1
220235090000,GEARBOX COVER PAPER PADS,FORD 250,22820,2510,25330,MEDIUM,BODY,1
220265090000,O-RING 25×2,FORD 250,5710,628,6338,MEDIUM,OTHER,1
229014640000,"SHAFT SET, POWER",AX 180  (VIENTO) ABS,205340,22587,227927,SLOW,OTHER,1
229014720000,CVT BELT,SRK 150 E (CITO),165410,18195,183605,FAST,DRIVE,1
229043870000,INPUT SHAFT,SRK 150 E (CITO),96970,10666,107636,SLOW,OTHER,1
229045470000,INPUT SHAFT,AX 180  (VIENTO) ABS,119780,13175,132955,SLOW,OTHER,1
229064590000,MID-GEAR SHAFT,AX 180  (VIENTO) ABS,51340,5647,56987,SLOW,DRIVE,1
229064720000,COUNTERSHAFT ASSEMBLY,SRK 150 E (CITO),108380,11921,120301,SLOW,OTHER,1
229074660000,INTERMEDIATE GEAR,AX 180  (VIENTO) ABS,79860,8784,88644,MEDIUM,DRIVE,1
229083870010,OUTPUT SHAFT,SRK 150 E (CITO),96970,10666,107636,SLOW,OTHER,1
229094720000,OUTPUT SHAFT GEAR,SRK 150 E (CITO),62750,6902,69652,SLOW,DRIVE,1
229103870010,TRANSMISSION COVER,SRK 150 E (CITO),188230,20705,208935,MEDIUM,BODY,1
229105090020,GEARBOX COVER,FORD 250,148300,16313,164613,MEDIUM,BODY,1
229106250000,COPPER GASKET,AX 180  (VIENTO) ABS,5710,628,6338,FAST,FASTENER,1
229113870000,TRANSMISSION GASKET,SRK 150 E (CITO),17120,1883,19003,FAST,FASTENER,1
229114590010,TRANSMISSION COVER,AX 180  (VIENTO) ABS,193930,21332,215262,MEDIUM,BODY,1
229144590000,SEAL WASHER,AX 180  (VIENTO) ABS,45630,5019,50649,FAST,FASTENER,1
229154590000,WASHER 12.2×29×2.5,AX 180  (VIENTO) ABS,5710,628,6338,FAST,FASTENER,1
229163870000,INPUT SHAFT OIL SEAL,SRK 150 E (CITO),108380,11921,120301,FAST,OIL_FLUID,1
229164590000,NUT M12,AX 180  (VIENTO) ABS,5710,628,6338,FAST,FASTENER,1
229174590000,OIL SEAL,AX 180  (VIENTO) ABS,11410,1255,12665,FAST,OIL_FLUID,1
229176250000,GROMMENT 14×22×1,FORT 250  ADVENTURE ABS,5710,628,6338,MEDIUM,OTHER,1
229183870000,OUTPUT SHAFT OIL SEAL,SRK 150 E (CITO),108380,11921,120301,FAST,OIL_FLUID,1
229193870000,BEARING CLAMP,SRK 150 E (CITO),5710,628,6338,FAST,ELECTRICAL,1
229266890011,BOLT M14,FORT 250  ADVENTURE ABS,11410,1255,12665,FAST,FASTENER,1
240013060110,NUT M12×1.25,SRV 250 AMT,5710,628,6338,FAST,FASTENER,1
240023090000,PIN,SRV 250 AMT,11410,1255,12665,MEDIUM,OTHER,1
240023370000,OVERRIDE CLUTCH SLEEVE,SRV 250 AMT,5710,628,6338,MEDIUM,ENGINE,1
240025050000,ELECTRIC START GEAR ASSEMBLY,FORD 250,45630,5019,50649,SLOW,ENGINE,1
240025140000,SCREW M8×15,SRV 250 AMT,5710,628,6338,FAST,FASTENER,1
240034050000,OIL SEAL 22×31×5,AX 180  (VIENTO) ABS,17120,1883,19003,FAST,OIL_FLUID,1
240435050000,CLOSE-ROW CLUTCH ASSEMBLY,FORD 250,222450,24469,246919,MEDIUM,ENGINE,1
249015050000,STARTER MOTOR ASSEMBLY,FORD 250,404970,44546,449516,MEDIUM,OTHER,1
249016590000,THE STARTER MOTOR,SRV 250 AMT,593190,65250,658440,MEDIUM,OTHER,1
24901668BG01,STARTING MOTOR ASSEMBLY,SRK 800 RR,655940,72153,728093,MEDIUM,OTHER,1
249016860000,THE STARTER MOTOR,SRV 250 AL (LIBERO),530450,58349,588799,MEDIUM,OTHER,1
24901690BY01,STARTER MOTOR,SRV 600 V,427790,47056,474846,MEDIUM,OTHER,1
249017040000,THE STARTER MOTOR,FORT 250  ADVENTURE ABS,655940,72153,728093,MEDIUM,OTHER,1
249046590000,ELECTRICALLY START IDLE GEAR,SRV 250 AMT,79860,8784,88644,MEDIUM,DRIVE,1
249046680000,STARTING IDLER,SRK 800 RR,79860,8784,88644,MEDIUM,OTHER,1
249046900000,STARTING IDLER 1,SRV 600 V,74150,8156,82306,MEDIUM,OTHER,1
249047040000,ELECTRICALLY START IDLE GEAR,FORT 250  ADVENTURE ABS,102670,11293,113963,MEDIUM,DRIVE,1
249056530000,START THE IDLER AXLE,SRV 600 V,11410,1255,12665,MEDIUM,OTHER,1
249056680000,STARTING IDLER SHAFT,SRK 800 RR,11410,1255,12665,SLOW,OTHER,1
249066590000,START IDLER BUSHING,SRV 250 AMT,11410,1255,12665,MEDIUM,SUSPENSION,1
249075050001,STARTER BIG GEAR ASSEMBLY,FORD 250,114080,12548,126628,SLOW,ENGINE,1
249076590000,START LARGE GEAR ASSEMBLY,SRV 250 AMT,148300,16313,164613,SLOW,ENGINE,1
249077040000,START LARGE GEAR ASSEMBLY,FORT 250  ADVENTURE ABS,228150,25096,253246,SLOW,ENGINE,1
249086680000,STARTING GEAR,SRK 800 RR,148300,16313,164613,MEDIUM,DRIVE,1
249086900000,START THE BIG GEAR,SRV 600 V,131190,14430,145620,MEDIUM,DRIVE,1
249106590000,OVERRUNNING CLUTCH ASSEMBLY,SRV 250 AMT,245270,26979,272249,MEDIUM,ENGINE,1
249106680000,OVERRUNNING CLUTCH ASSEMBLY,SRK 800 RR,370750,40782,411532,MEDIUM,ENGINE,1
249106900000,BEYOND CLUTCH COMPONENTS,SRV 600 V,410670,45173,455843,MEDIUM,ENGINE,1
249107040000,OVERRUNNING CLUTCH ASSEMBLY,FORT 250  ADVENTURE ABS,279490,30743,310233,MEDIUM,ENGINE,1
249146900000,STARTING IDLER 2,SRV 600 V,57040,6274,63314,MEDIUM,OTHER,1
249157040000,NUT M16×1,FORT 250  ADVENTURE ABS,5710,628,6338,FAST,FASTENER,1
249167040000,SHIM 16×31×3,FORT 250  ADVENTURE ABS,11410,1255,12665,MEDIUM,OTHER,1
249177040000,LIMIT PRESSURE PLATE,FORT 250  ADVENTURE ABS,5710,628,6338,MEDIUM,OTHER,1
249226680000,INTERMEDIATE GEAR ASSEMBLY,SRK 800 RR,193930,21332,215262,SLOW,ENGINE,1
249236680000,NEEDLE ROLLER BEARINGS 30×35×19.6,SRV 600 V,68450,7529,75979,FAST,DRIVE,1
249276680000,WASHER 22.2×42×3,SRV 600 V,5710,628,6338,FAST,FASTENER,1
249296680000,WASHER 10.7×31.8×4,SRV 600 V,11410,1255,12665,FAST,FASTENER,1
250033090000,RATCHET LOWER BAFFLE,SRV 250 AMT,5710,628,6338,MEDIUM,OTHER,1
250063090000,RATCHET ON THE BAFFLE,SRV 250 AMT,11410,1255,12665,MEDIUM,OTHER,1
250083090000,VARIABLE GEAR RATCHET ASSEMBLY,SRV 250 AMT,39930,4392,44322,MEDIUM,DRIVE,1
260021140000,THE POSITIONING PIN Ф8×Ф6.5×12,SRV 250 AMT,5710,628,6338,MEDIUM,OTHER,1
260023090000,OIL PUMP ROTOR,FORD 250,5710,628,6338,FAST,ENGINE,1
260033090000,OIL PUMP EXTERNAL ROTOR,FORD 250,5710,628,6338,FAST,ENGINE,1
260045050000,WASHER,FORD 250,5710,628,6338,FAST,FASTENER,1
260086590000,OIL DRAIN BOLT,SRV 250 AMT,11410,1255,12665,FAST,OIL_FLUID,1
260093070000,SEMICIRCLE KEY,AX 180  (VIENTO) ABS,5710,628,6338,MEDIUM,OTHER,1
260106030000,WASHER 5×20×1.5,SRV 600 V,5710,628,6338,FAST,FASTENER,1
260106590000,OIL FILTER,SRV 250 AMT/LIBERO,39930,4392,44322,FAST,ENGINE,1
260116590000,OIL FILTER JOINT,SRV 250 AMT,17120,1883,19003,FAST,ENGINE,1
260116900000,OIL PUMP SPROCKET,SRV 600 V,22820,2510,25330,FAST,ENGINE,1
260146090011,OIL FILTER,SRK 800 RR/FORT 250 ADV,51340,5647,56987,FAST,ENGINE,1
260146590000,OIL PUMP DRIVES GEAR GASKET,SRV 250 AMT,5710,628,6338,FAST,ENGINE,1
260156590000,OIL PUMP IDLER,SRV 250 AMT,17120,1883,19003,FAST,ENGINE,1
260166590000,OIL PUMP IDLER SHAFT,SRV 250 AMT,17120,1883,19003,FAST,ENGINE,1
260196590000,OIL PUMP IDLER WHEEL GASKET,SRV 250 AMT,5710,628,6338,FAST,ENGINE,1
260236030000,OIL PUMP GASKET,SRV 600 V,5710,628,6338,FAST,ENGINE,1
260266610000,RELIEF VALVE COVER,SRV 600 V,5710,628,6338,MEDIUM,ENGINE,1
269013870000,OIL PUMP GROUP,SRK 150 E (CITO),74150,8156,82306,FAST,ENGINE,1
269014590000,THE OIL PUMP POINTS ASSEMBLY,AX 180  (VIENTO) ABS,62750,6902,69652,FAST,ENGINE,1
269016160000,OIL PUMP ASSY,FORD 250,74150,8156,82306,FAST,ENGINE,1
269016680000,THE OIL PUMP POINTS ASSEMBLY,SRK 800 RR,262380,28861,291241,FAST,ENGINE,1
269016900000,OIL PUMP COMPONENTS,SRV 600 V,154010,16941,170951,FAST,ENGINE,1
269017040000,OIL PUMP ASSEMBLY,FORT 250  ADVENTURE ABS,273780,30115,303895,FAST,ENGINE,1
269023870000,OIL FILTER ASSEMBLY,SRK 150 E (CITO),11410,1255,12665,FAST,ENGINE,1
269047050000,EXTERNAL ROTOR,FORT 250  ADVENTURE ABS,22820,2510,25330,MEDIUM,OTHER,1
269056030010,OIL PUMP CHAIN,SRV 600 V,34230,3765,37995,FAST,ENGINE,1
269056680000,OIL PUMP CHAIN,SRK 800 RR,68450,7529,75979,FAST,ENGINE,1
269057040000,OIL PUMP BODY,FORT 250  ADVENTURE ABS,51340,5647,56987,FAST,ENGINE,1
269065050000,OIL PUMP GEAR,FORD 250,22820,2510,25330,FAST,ENGINE,1
269067040000,BAFFLE,FORT 250  ADVENTURE ABS,5710,628,6338,MEDIUM,OTHER,1
269083870000,OIL PUMP DRIVEN GEAR,SRK 150 E (CITO),22820,2510,25330,FAST,ENGINE,1
269085250000,ALLEN FLAT END SET SCREW,FORD 250,5710,628,6338,FAST,FASTENER,1
269086160000,OIL PUMP SHAFT,FORD 250,5710,628,6338,FAST,ENGINE,1
269096160000,OIL PUMP,FORD 250,11410,1255,12665,FAST,ENGINE,1
269103870000,OIL PUMP DRIVEN GEAR PIN,SRK 150 E (CITO),5710,628,6338,FAST,ENGINE,1
269105050000,OIL PUMP COVER,FORD 250,5710,628,6338,FAST,ENGINE,1
269113870000,OIL FILTER PLUG,SRK 150 E (CITO),5710,628,6338,FAST,ENGINE,1
269114590000,THE OIL PUMP SPROCKET,AX 180  (VIENTO) ABS,79860,8784,88644,FAST,ENGINE,1
269116900000,OIL PUMP DRIVE SPROCKET,SRV 600 V,216750,23842,240592,FAST,ENGINE,1
269117040000,COVER PLATE,FORT 250  ADVENTURE ABS,11410,1255,12665,MEDIUM,BODY,1
269126900000,CHAIN GUIDE PLATE ASSEMBLY,SRV 600 V,45630,5019,50649,FAST,DRIVE,1
269126920000,OIL PUMP DRIVEN SPROCKET,SRK 800 RR,22820,2510,25330,FAST,ENGINE,1
269127040000,INTERNAL ROTOR,FORT 250  ADVENTURE ABS,11410,1255,12665,MEDIUM,OTHER,1
269136460010,OIL PUMP CHAIN,FORT 250  ADVENTURE ABS,62750,6902,69652,FAST,ENGINE,1
269136680000,CHAIN GUIDE PLATE ASSEMBLY,SRK 800 RR,22820,2510,25330,FAST,DRIVE,1
269137040000,OIL PUMP COVER,FORT 250  ADVENTURE ABS,45630,5019,50649,FAST,ENGINE,1
269143870000,OIL FILTER COVER,SRK 150 E (CITO),11410,1255,12665,FAST,ENGINE,1
269146520000,BOLT GASKET COMBINATION,SRK 800 RR,5710,628,6338,FAST,FASTENER,1
269153870000,O-RING,SRK 150 E (CITO),39930,4392,44322,MEDIUM,OTHER,1
269157040000,EXTERNAL ROTOR,FORT 250  ADVENTURE ABS,22820,2510,25330,MEDIUM,OTHER,1
269166520000,SEAL RING,SRV 600 V,5710,628,6338,FAST,FASTENER,1
269176680000,RELIEF VALVE ASSEMBLY,SRK 800 RR,79860,8784,88644,MEDIUM,ENGINE,1
269176900000,COARSE OIL FILTER,SRV 600 V,34230,3765,37995,FAST,ENGINE,1
269177040000,OIL PUMP SHAFT,FORT 250  ADVENTURE ABS,28520,3137,31657,FAST,ENGINE,1
269187040000,INTERNAL ROTOR,FORT 250  ADVENTURE ABS,17120,1883,19003,MEDIUM,OTHER,1
269207040000,OIL PUMP CHAIN WHEEL,FORT 250  ADVENTURE ABS,34230,3765,37995,FAST,ENGINE,1
269247040000,PIN 8×26.4,FORT 250  ADVENTURE ABS,5710,628,6338,MEDIUM,OTHER,1
269256600000,OIL FILTER,SRV 600 V,51340,5647,56987,FAST,ENGINE,1
269257040000,PRESSURE RELIEF VALVE ASSEMBLY,FORT 250  ADVENTURE ABS,79860,8784,88644,MEDIUM,ENGINE,1
26926668BY01,OIL PAN,SRK 800 RR,336530,37018,373548,FAST,OIL_FLUID,1
269267040000,COMBINATION SCREW,FORT 250  ADVENTURE ABS,17120,1883,19003,FAST,FASTENER,1
269306680000,OIL COARSE FILTER,SRK 800 RR,79860,8784,88644,FAST,ENGINE,1
269346680000,OIL COOLER ASSEMBLY,SRK 800 RR,775710,85328,861038,FAST,OIL_FLUID,1
269366680000,OIL COOLER BOLTS,SRK 800 RR,79860,8784,88644,FAST,OIL_FLUID,1
269466680000,OXYGEN SENSOR BRACKET WELDMENT,SRK 800 RR,17120,1883,19003,MEDIUM,ELECTRICAL,1
270005470000,THERMOSTAT ASSEMBLY,AX 180  (VIENTO) ABS,85560,9411,94971,MEDIUM,COOLING,1
270014590000,WATER TEMPERATURE SENSOR,SRV 250 AMT,79860,8784,88644,MEDIUM,ELECTRICAL,1
270016320000,SEALING RING,AX 180  (VIENTO) ABS,5710,628,6338,FAST,FASTENER,1
27002305011X,HEXAGON NUT WITH FLANGE M12×1.25,AX 180  (VIENTO) ABS,5710,628,6338,FAST,FASTENER,1
270025050000,PIN SHAFT,FORD 250,5710,628,6338,SLOW,OTHER,1
270026320000,O-RING,AX 180  (VIENTO) ABS,5710,628,6338,MEDIUM,OTHER,1
270036030000,COMBINED GASKET,SRK 800 RR,5710,628,6338,FAST,FASTENER,1
27003690BG01,THERMOSTAT PUMP BODY,SRV 600 V,62750,6902,69652,MEDIUM,COOLING,1
270043870000,LOWER FAIRING,SRK 150 E (CITO),17120,1883,19003,MEDIUM,BODY,1
270053870000,CRANK HOLE PLUG,SRK 150 E (CITO),5710,628,6338,FAST,OTHER,1
27005690BG01,THERMOSTAT COVER,SRV 600 V,45630,5019,50649,MEDIUM,BODY,1
270066900000,SPILE,SRV 600 V,11410,1255,12665,MEDIUM,OTHER,1
27007208011X,HEXAGONAL FLANGE NUT M7×1,AX 180  (VIENTO) ABS,5710,628,6338,FAST,FASTENER,1
270075050000,WASHER,FORD 250,5710,628,6338,FAST,FASTENER,1
270125060020,STAINLESS STEEL CLAMP Φ 25,FORD 250,5710,628,6338,FAST,ELECTRICAL,1
270126900000,FROT CYLINDER OUTLET PIPE,SRV 600 V,17120,1883,19003,SLOW,ENGINE,1
270136900000,REAR CYLINDER OUTLET PIPE,SRV 600 V,17120,1883,19003,SLOW,ENGINE,1
270144410000,FAN,SRV 250 AMT,484820,53330,538150,MEDIUM,COOLING,1
270146060000,CLAMP Φ 17.8,FORT 250  ADVENTURE ABS,5710,628,6338,FAST,ELECTRICAL,1
270153160010,OIL SEAL 12×24×5,FORT 250  ADVENTURE ABS,17120,1883,19003,FAST,OIL_FLUID,1
270156900000,CLAMP 26,SRV 600 V,5710,628,6338,FAST,ELECTRICAL,1
270216030000,WATER SEAL ASSEMBLY,FORT 250  ADVENTURE ABS,136890,15057,151947,FAST,FASTENER,1
270226060000,FILLER CAP,FORD 250,51340,5647,56987,MEDIUM,OTHER,1
270265050000,FILLER CAP SUBASSEMBLY,SRV 250 AMT,51340,5647,56987,MEDIUM,OTHER,1
270345050000,GROMMENT,FORT 250  ADVENTURE ABS,5710,628,6338,MEDIUM,OTHER,1
27097505001X,BUSHING,FORD 250,5710,628,6338,MEDIUM,SUSPENSION,1
271005050010,PUMP GEAR SUBASSEMBLY,FORD 250,62750,6902,69652,MEDIUM,DRIVE,1
27149N510000,WATER FILLING PORT,FORD 250,11410,1255,12665,MEDIUM,OTHER,1
279023870010,COOLING FAN,SRK 150 E (CITO),57040,6274,63314,MEDIUM,COOLING,1
279026030042,FAN ASSEMBLY 2,SRK 800 RR,815640,89720,905360,MEDIUM,COOLING,1
279026350001,FAN ASSEMBLY 2,SRV 600 V,815640,89720,905360,MEDIUM,COOLING,1
279043870010,VOLUTE,SRK 150 E (CITO),62750,6902,69652,MEDIUM,OTHER,1
279073870000,UPPER HOOD ASSEMBLY,SRK 150 E (CITO),17120,1883,19003,MEDIUM,OTHER,1
279105470000,WATER PUMP ASSEMBLY,AX 180  (VIENTO) ABS,399270,43919,443189,MEDIUM,COOLING,1
279125430000,WATER TANK ASSEMBLY,FORD 250,1494390,164382,1658772,SLOW,BODY,1
279125530000,WATER TANK COMPONENTS,FORT 250  ADVENTURE ABS,1340390,147442,1487832,SLOW,BODY,1
279125600000,WATER TANK COMPONENTS,SRV 250 AL (LIBERO),1517200,166892,1684092,SLOW,BODY,1
279126590001,WATER TANK ASSEMBLY,SRV 250 AMT,1511500,166265,1677765,SLOW,BODY,1
279126680000,WATER TANK ASSEMBLY,SRK 800 RR,3165590,348214,3513804,SLOW,BODY,1
279126900000,WATER TANK COMPONENTS,SRV 600 V,2389880,262886,2652766,SLOW,BODY,1
279136590001,WATER TANK WELDING ASSEMBLY,SRV 250 AMT,1363200,149952,1513152,SLOW,BODY,1
279136680000,WELDING COMPONENTS OF WATER TANK,SRK 800 RR,1876540,206419,2082959,SLOW,BODY,1
279136860010,WELDING COMPONENTS OF WATER TANK,SRV 250 AL (LIBERO),2498250,274807,2773057,SLOW,BODY,1
279136900000,WELDING COMPONENTS OF WATER TANK,SRV 600 V,1711130,188224,1899354,SLOW,BODY,1
279156530000,WATER TEMPERATURE REGULATOR GROUP,SRV 600 V,119780,13175,132955,MEDIUM,OTHER,1
279166460000,THERMOSTAT,FORD 250,91260,10038,101298,MEDIUM,COOLING,1
279166590000,THERMOSTAT,SRV 250 AMT,102670,11293,113963,MEDIUM,COOLING,1
279175470000,WATER TANK COMPONENTS,AX 180  (VIENTO) ABS,484820,53330,538150,SLOW,BODY,1
279186030000,WATER INLET COMPONENT,FORT 250  ADVENTURE ABS,91260,10038,101298,MEDIUM,OTHER,1
279186590000,WATER INLET ASSEMBLY,SRV 250 AMT,51340,5647,56987,MEDIUM,OTHER,1
279186590010,WATER INLET SEAT COMPONENT,SRV 600 V,85560,9411,94971,MEDIUM,BODY,1
279205470000,OUTLET PIPE,AX 180  (VIENTO) ABS,22820,2510,25330,MEDIUM,OTHER,1
27921659001X,THE IMPELLER,SRV 250 AMT,28520,3137,31657,MEDIUM,OTHER,1
279225470000,THERMOSTAT WATER PIPE,AX 180  (VIENTO) ABS,17120,1883,19003,MEDIUM,COOLING,1
279226590000,WATER PUMP SHAFT,SRV 250 AMT,28520,3137,31657,SLOW,COOLING,1
279236900000,OUTLET PIPE,SRV 600 V,28520,3137,31657,MEDIUM,OTHER,1
279253870000,DEFLECTOR CUSHION,SRK 150 E (CITO),17120,1883,19003,MEDIUM,OTHER,1
279254660010,FIXED SEAT OF WATER TANK,AX 180  (VIENTO) ABS,142600,15686,158286,SLOW,BODY,1
279255450000,PUMP SUBASSEMBLY,FORD 250,382160,42037,424197,MEDIUM,OTHER,1
27925668BG01,PUMP ASSY WATER,SRK 800 RR,610310,67134,677444,MEDIUM,OTHER,1
279264660000,FAN ASSY,AX 180  (VIENTO) ABS,34230,3765,37995,MEDIUM,COOLING,1
279265530000,FAN,FORT 250  ADVENTURE ABS,815640,89720,905360,MEDIUM,COOLING,1
27929690BG00,PUMP ASSY WATER,SRV 600 V,547560,60231,607791,MEDIUM,OTHER,1
279305450000,AIR OUTLET PIPE,FORD 250,28520,3137,31657,MEDIUM,OTHER,1
279316590000,SEAL RING OF PUMP COVER,SRV 250 AMT,11410,1255,12665,FAST,BODY,1
279336060010,CLAMP 21,SRK 800 RR,5710,628,6338,FAST,ELECTRICAL,1
279336590000,IMPELLER GASKET,SRV 250 AMT,85560,9411,94971,FAST,FASTENER,1
279354590010,WATER TANK COVER ASSY,AX 180  (VIENTO) ABS,85560,9411,94971,SLOW,BODY,1
279356060010,CLAMP 17,FORT 250  ADVENTURE ABS,5710,628,6338,FAST,ELECTRICAL,1
279376590000,IMPELLER SEAL WASHER,SRV 250 AMT,22820,2510,25330,FAST,FASTENER,1
279376680000,CLAMP 29,SRK 800 RR,11410,1255,12665,FAST,ELECTRICAL,1
279386680000,CLAMP 31,SRK 800 RR,5710,628,6338,FAST,ELECTRICAL,1
279396590000,WATER SEAL,SRV 250 AMT,222450,24469,246919,FAST,FASTENER,1
279396680000,INLET PIPE ASSEMBLY,SRK 800 RR,74150,8156,82306,MEDIUM,OTHER,1
279406590000,OIL SEAL 10×22×5,SRV 250 AMT,11410,1255,12665,FAST,OIL_FLUID,1
279416680000,OUTLET PIPE ASSEMBLY,SRK 800 RR,79860,8784,88644,MEDIUM,OTHER,1
279424590000,CLAMPS,SRK 800 RR,5710,628,6338,FAST,ELECTRICAL,1
279446590000,GEAR PUMP,SRV 250 AMT,17120,1883,19003,MEDIUM,DRIVE,1
279464590000,CLAMP 24,AX 180  (VIENTO) ABS,5710,628,6338,FAST,ELECTRICAL,1
279466520000,THERMOSTAT ASSY,SRK 800 RR,136890,15057,151947,MEDIUM,COOLING,1
279496520000,O-RING 32.95×2.62,SRK 800 RR,5710,628,6338,MEDIUM,OTHER,1
279505430000,FAN,FORD 250,484820,53330,538150,MEDIUM,COOLING,1
279506520000,CLAMP 27,SRK 800 RR,5710,628,6338,FAST,ELECTRICAL,1
27952659BG00,HOUSING ASSEMBLY UNDER THERMOSTAT,SRV 250 AMT,96970,10666,107636,MEDIUM,COOLING,1
27953659BG00,THERMOSTAT COVER,SRV 250 AMT,34230,3765,37995,MEDIUM,BODY,1
279576590000,THERMOSTAT BYPASS HOSE,SRV 250 AMT,22820,2510,25330,MEDIUM,COOLING,1
279596590000,THERMOSTAT INLET PIPE,SRV 250 AMT,11410,1255,12665,MEDIUM,COOLING,1
279656590000,BUSHING 10×12×5,SRV 250 AMT,11410,1255,12665,MEDIUM,SUSPENSION,1
279706590000,PLATE CLAMP 14,SRV 250 AMT,5710,628,6338,FAST,ELECTRICAL,1
279716590000,WATER PUMP COVER PLUG,SRV 250 AMT,5710,628,6338,FAST,BODY,1
27972659MM01,PUMP COVER,SRV 250 AMT,96970,10666,107636,MEDIUM,BODY,1
27972659NB01,PUMP COVER,SRV 250 AL (LIBERO),79860,8784,88644,MEDIUM,BODY,1
280013320000,CYLINDER TEMPERATURE SENSOR,SRK 150 E (CITO),39930,4392,44322,SLOW,ENGINE,1
280016320000,BAFFLE,AX 180  (VIENTO) ABS,5710,628,6338,MEDIUM,OTHER,1
280023180000,WASHER,FORD 250,5710,628,6338,FAST,FASTENER,1
280023300000,THROTTLE POSITION SENSOR,FORD 250,279490,30743,310233,MEDIUM,ELECTRICAL,1
280024320000,STEPPER MOTOR,FORD 250,142600,15686,158286,MEDIUM,OTHER,1
280024320010,STEPPER MOTOR,AX 180  (VIENTO) ABS,154010,16941,170951,MEDIUM,OTHER,1
28002TAB0000,OXYGEN SENSOR,FORD 250,467710,51448,519158,MEDIUM,ELECTRICAL,1
280034320010,THREE-IN-ONE  SENSOR,AX 180  (VIENTO) ABS,285190,31370,316560,MEDIUM,ELECTRICAL,1
280036680000,OIL RAIL COMPONENT,SRK 800 RR,313710,34508,348218,FAST,OIL_FLUID,1
280036900000,STEPPING MOTOR,SRV 600 V,171120,18823,189943,MEDIUM,OTHER,1
280043870000,O-RING,SRK 150 E (CITO),5710,628,6338,MEDIUM,OTHER,1
280045140030,FUEL INJECTOR SEAT,SRK 150 E (CITO),28520,3137,31657,MEDIUM,BODY,1
280046280000,PLATE CLAMP Φ9,SRV 600 V,5710,628,6338,FAST,ELECTRICAL,1
280046680000,MOTOR SUPPORT,SRK 800 RR,39930,4392,44322,MEDIUM,OTHER,1
280046900000,STEPPER MOTOR PRESS PLATE,SRV 600 V,5710,628,6338,MEDIUM,OTHER,1
280067040000,ANCHOR SUPPORT,FORT 250  ADVENTURE ABS,22820,2510,25330,MEDIUM,OTHER,1
280077040000,OUTER SHIELD,FORT 250  ADVENTURE ABS,11410,1255,12665,MEDIUM,OTHER,1
280087040000,INNER SHIELD,FORT 250  ADVENTURE ABS,5710,628,6338,MEDIUM,OTHER,1
280096590000,INTAKE TEMPERATURE PRESSURE SENSOR,SRV 250 AMT,427790,47056,474846,MEDIUM,ELECTRICAL,1
280106610000,T JUNCTION,SRV 600 V,5710,628,6338,MEDIUM,OTHER,1
280116610000,STEPPER MOTOR,SRK 800 RR,296600,32626,329226,MEDIUM,OTHER,1
280126590000,STEPPER MOTOR PRESSURE PLATE,FORT 250  ADVENTURE ABS,5710,628,6338,MEDIUM,OTHER,1
280136680000,MOTOR CLAMP,SRK 800 RR,5710,628,6338,FAST,ELECTRICAL,1
280146900000,FRONT OIL RAIL,SRV 600 V,136890,15057,151947,FAST,OIL_FLUID,1
28014N590000,MAP TUBE,FORD 250,5710,628,6338,MEDIUM,OTHER,1
280156900000,REAR OIL RAIL,SRV 600 V,148300,16313,164613,FAST,OIL_FLUID,1
280166680000,SEALING RING,SRK 800 RR,5710,628,6338,FAST,FASTENER,1
280206900000,DESORPTION RUBBER HOSE Ⅰ,SRV 600 V,5710,628,6338,MEDIUM,OTHER,1
280216680000,SUPPLEMENTARY AIR PIPE,SRK 800 RR,5710,628,6338,MEDIUM,OTHER,1
280216900000,DESORPTION RUBBER HOSE Ⅱ,SRV 600 V,5710,628,6338,MEDIUM,OTHER,1
280226680000,SUPPLEMENTARY AIR PIPE CLAMP PLATE,SRK 800 RR,5710,628,6338,FAST,ELECTRICAL,1
280226900000,HIGH PRESSURE OIL PIPE ASSEMBLY,SRV 600 V,79860,8784,88644,FAST,OIL_FLUID,1
280236680000,O-RING,SRK 800 RR,5710,628,6338,MEDIUM,OTHER,1
280236900000,FUEL INJECTOR,SRV 600 V,330820,36390,367210,MEDIUM,OTHER,1
280246680010,PRESSURE SENSOR RUBBER HOSE Ⅱ,SRK 800 RR,5710,628,6338,MEDIUM,ELECTRICAL,1
280256680010,PRESSURE SENSOR SUPPORT Ⅱ,SRK 800 RR,5710,628,6338,MEDIUM,ELECTRICAL,1
280256900000,INTAKE PRESSURE SENSOR BRACKET,SRV 600 V,5710,628,6338,MEDIUM,ELECTRICAL,1
280266680000,RUBBER HOSE Ⅰ,SRK 800 RR,17120,1883,19003,MEDIUM,OTHER,1
280276680000,RUBBER HOSE Ⅱ,SRK 800 RR,11410,1255,12665,MEDIUM,OTHER,1
280306680000,DESORPTION RUBBER HOSE Ⅰ,SRK 800 RR,5710,628,6338,MEDIUM,OTHER,1
280316680000,DESORPTION RUBBER HOSE Ⅱ,SRK 800 RR,5710,628,6338,MEDIUM,OTHER,1
280336680000,DESORPTION RUBBER HOSE Ⅳ,SRK 800 RR,5710,628,6338,MEDIUM,OTHER,1
280346680000,DESORPTION RUBBER HOSE Ⅴ,SRK 800 RR,5710,628,6338,MEDIUM,OTHER,1
280346900000,CONNECTING PIPE BETWEEN THREE-WAY PIPE AND THROTTLE VALVE BODY Ⅱ,SRV 600 V,11410,1255,12665,MEDIUM,ENGINE,1
280586030000,OXYGEN SENSOR,SRV 250 AMT,598900,65879,664779,MEDIUM,ELECTRICAL,1
280596090000,WATER TEMPERATURE SENSOR,FORD 250,68450,7529,75979,MEDIUM,ELECTRICAL,1
289004670000,THROTTLE VALVE BODY GROUP,SRK 150 E (CITO),787120,86583,873703,MEDIUM,ENGINE,1
289005450000,THROTTLING VALVE BODY ASSEMBLY,FORD 250,764310,84074,848384,MEDIUM,ENGINE,1
289006590000,THROTTLING BODY ASSEMBLY,SRV 250 AMT,735790,80936,816726,MEDIUM,OTHER,1
289006590020,THROTTLE SET,SRV 250 AL (LIBERO),678750,74662,753412,MEDIUM,OTHER,1
289014660000,THROTTLE BODY ASSEMBLY,AX 180  (VIENTO) ABS,735790,80936,816726,MEDIUM,OTHER,1
289016590020,THROTTLE SET,SRV 250 AMT,3045810,335039,3380849,MEDIUM,OTHER,1
289016590030,THROTTLING BODY ASSEMBLY,SRV 250 AL (LIBERO),2315730,254730,2570460,MEDIUM,OTHER,1
289016680010,THROTTLE VALVE ASSEMBLY,SRK 800 RR,4409000,484990,4893990,MEDIUM,ENGINE,1
289016900000,THROTTLE VALVE COMPONENT,SRV 600 V,4294930,472442,4767372,MEDIUM,ENGINE,1
289017040000,THROTTLE BODY ASSEMBLY,FORT 250  ADVENTURE ABS,1020980,112307,1133287,MEDIUM,OTHER,1
289026590010,STEPPER MOTOR ASSEMBLY,SRV 250 AMT,444900,48939,493839,MEDIUM,OTHER,1
289026680000,AIR INTAKE PIPE,SRK 800 RR,28520,3137,31657,MEDIUM,OTHER,1
289035030000,OIL INJECTOR,SRK 150 E (CITO),285190,31370,316560,FAST,OIL_FLUID,1
289035210000,THE NOZZLE,SRV 250 AMT,370750,40782,411532,MEDIUM,OTHER,1
289036480000,INJECTOR,FORD 250,330820,36390,367210,MEDIUM,OTHER,1
289036610000,OIL INJECTOR,SRK 800 RR,370750,40782,411532,FAST,OIL_FLUID,1
289045320020,CABLE  BRACKET,AX 180  (VIENTO) ABS,11410,1255,12665,FAST,OTHER,1
289045450000,FUEL INJECTOR SEAT,FORD 250,34230,3765,37995,MEDIUM,BODY,1
289076590000,OIL PUMP ASSEMBLY,SRV 250 AMT,125490,13803,139293,FAST,ENGINE,1
289086590000,DRIVEN GEAR OF OIL PUMP,SRV 250 AMT,28520,3137,31657,FAST,ENGINE,1
289087040000,INTAKE MANIFOLD ASSAMBLY,FORT 250  ADVENTURE ABS,96970,10666,107636,MEDIUM,OTHER,1
289095470000,INTAKE-TUBE ASSEMBLY,AX 180  (VIENTO) ABS,91260,10038,101298,MEDIUM,OTHER,1
289097040000,HEAT INSULATED PAD,FORT 250  ADVENTURE ABS,5710,628,6338,MEDIUM,OTHER,1
289104670000,INTAKE PIPE ASSEMBLY,SRK 150 E (CITO),68450,7529,75979,MEDIUM,OTHER,1
289105450000,PIPE INTAKE,FORD 250,159710,17568,177278,MEDIUM,OTHER,1
289115470000,HEAT INSULATION PAD,AX 180  (VIENTO) ABS,5710,628,6338,MEDIUM,OTHER,1
289117040000,CONNECTING HOSE,FORT 250  ADVENTURE ABS,22820,2510,25330,MEDIUM,OTHER,1
289124670000,HEAT INSULATION PAD,SRK 150 E (CITO),5710,628,6338,MEDIUM,OTHER,1
289135450000,INSULATION PAD,FORD 250,5710,628,6338,MEDIUM,OTHER,1
289135470000,FUEL INJECTOR BASE ASSEMBLY,AX 180  (VIENTO) ABS,11410,1255,12665,MEDIUM,OTHER,1
289156590000,WIRE CLIP,SRV 250 AMT,5710,628,6338,MEDIUM,FASTENER,1
289176590000,AIR INTAKE PIPE BENDING,SRV 250 AMT,228150,25096,253246,MEDIUM,OTHER,1
289206590000,O-RING (FLANGED BODY),SRV 250 AMT,5710,628,6338,MEDIUM,OTHER,1
289216590000,THE NOZZLE CAP,SRV 250 AMT,5710,628,6338,MEDIUM,OTHER,1
289303870010,RUBBER SLEEVE,SRK 150 E (CITO),22820,2510,25330,MEDIUM,OTHER,1
289406590000,ANCHOR SUPPORT,SRV 250 AMT,11410,1255,12665,MEDIUM,OTHER,1
289466590000,CARD HOLDER,SRV 250 AMT,5710,628,6338,MEDIUM,OTHER,1
289516900000,AIR INTAKE PIPE,SRV 600 V,28520,3137,31657,MEDIUM,OTHER,1
289993060000,TUBE JOINTER,FORD 250,5710,628,6338,MEDIUM,OTHER,1
29001307001X,SCREW,FORD 250,5710,628,6338,FAST,FASTENER,1
290026090000,WASHER Φ 6,FORD 250,5710,628,6338,FAST,FASTENER,1
299024590000,GENERATOR ROTOR,AX 180  (VIENTO) ABS,462010,50821,512831,MEDIUM,OTHER,1
299025450000,FLYWHEEL ASSEMBLY,FORD 250,832750,91602,924352,MEDIUM,OTHER,1
299026030000,FLYWHEEL COMBINATION,SRV 600 V,929720,102269,1031989,MEDIUM,OTHER,1
299026590000,THE FLYWHEEL COMBINATION,SRV 250 AMT,365040,40154,405194,MEDIUM,OTHER,1
299026680000,FLYWHEEL ASSEMBLY,SRK 800 RR,872680,95994,968674,MEDIUM,OTHER,1
299027040000,THE FLYWHEEL COMBINATION,FORT 250  ADVENTURE ABS,370750,40782,411532,MEDIUM,OTHER,1
299034590010,STATOR COIL ASSEMBLY,AX 180  (VIENTO) ABS,712970,78426,791396,FAST,ELECTRICAL,1
299034590011,STATOR ASSEMBLY,SRK 150 E (CITO),707270,77799,785069,MEDIUM,OTHER,1
299035110020,STATOR ASSEMBLY,FORD 250,342230,37645,379875,MEDIUM,OTHER,1
299036030030,STATOR ASSEMBLY,SRV 600 V,342230,37645,379875,MEDIUM,OTHER,1
299036590000,COMBINATION OF THE STATOR,SRV 250 AMT,764310,84074,848384,MEDIUM,OTHER,1
299036680000,STATOR  ASSEMBLY,SRK 800 RR,901200,99132,1000332,MEDIUM,OTHER,1
299037040000,COMBINATION OF THE STATOR,FORT 250  ADVENTURE ABS,610310,67134,677444,MEDIUM,OTHER,1
299066570000,RECTIFIER,FORD 250,416380,45801,462181,MEDIUM,OTHER,1
29906N490000,RECTIFIER,SRV 250 AMT,290900,31999,322899,MEDIUM,OTHER,1
299073090002,SPARK PLUG,SRK 150 E (CITO),34230,3765,37995,FAST,ELECTRICAL,1
299073160000,SPARK PLUG,SRV 250 AL (LIBERO),102670,11293,113963,FAST,ELECTRICAL,1
299074660000,SPARK PLUG,AX 180  (VIENTO) ABS,285190,31370,316560,FAST,ELECTRICAL,1
299086680000,WASHER 10.6×27×34,SRK 800 RR,11410,1255,12665,FAST,FASTENER,1
299096680000,BOLT M10×39,SRK 800 RR,11410,1255,12665,FAST,FASTENER,1
2990NGK00001,SPARK PLUG CR8E,SRV 250 AMT/LIBERO,28520,3137,31657,FAST,ELECTRICAL,1
2990NGK00002,SPARK PLUG LMAR8A-9,SRK 800 RR,106370,11700,118070,FAST,ELECTRICAL,1
299426680000,CLAMP BAFFLE,SRK 800 RR,11410,1255,12665,FAST,ELECTRICAL,1
310013870011,VEHICLE SPEED SENSOR,SRV 250 AMT,159710,17568,177278,MEDIUM,ELECTRICAL,1
310013870012,VEHICLE SPEED SENSOR,SRV 250 AMT,159710,17568,177278,MEDIUM,ELECTRICAL,1
310014640000,SPEED SENSOR,AX 180  (VIENTO) CBS,125490,13803,139293,MEDIUM,ELECTRICAL,1
310015040000,INTAKE AIR TEMPERATURE SENSOR,FORD 250,62750,6902,69652,MEDIUM,ELECTRICAL,1
310016680000,OIL PRESSURE SWITCH,SRK 800 RR,68450,7529,75979,FAST,ELECTRICAL,1
3350501K0010,CLAMP 7.5,SRK 800 RR,5710,628,6338,FAST,ELECTRICAL,1
379017060000,CLUTCH ACTUATOR ASSEMBLY,SRV 250 AMT,5167600,568436,5736036,MEDIUM,ENGINE,1
379027060000,SHIFT ACTUATOR ASSEMBLY,SRV 250 AMT,4323450,475579,4799029,MEDIUM,OTHER,1
379107060000,CLUTCH SPLINE SLEEVE,SRV 250 AMT,28520,3137,31657,MEDIUM,ENGINE,1
379117060000,SHIFT SPLINE SLEEVE,SRV 250 AMT,22820,2510,25330,MEDIUM,OTHER,1
379117360000,SHIFT SPLINE SLEEVE,SRV 250 AL (LIBERO),22820,2510,25330,MEDIUM,OTHER,1
40001K740000,LEFT HANDLEBAR SLEEVE,SRV 250 AMT,22820,2510,25330,MEDIUM,OTHER,1
40001M550000,LEFT DIRECTION COVER,AX 180  (VIENTO) ABS,22820,2510,25330,MEDIUM,BODY,1
40001N510000,LEFT HANDLE COVER,FORD 250,34230,3765,37995,MEDIUM,BODY,1
40001PC20000,LEFT DIRECTION HANDLE SLEEVE,SRV 600 V,17120,1883,19003,MEDIUM,OTHER,1
40001TAB0000,LEFT DIRECTION COVER,SRK 150 E (CITO),17120,1883,19003,MEDIUM,BODY,1
40011P950000,REAR VIEW MIRROR BASE BUFFER RUBBER,SRK 800 RR,5710,628,6338,MEDIUM,OTHER,1
40012M550000,DIRECTIONAL PLUG,AX 180  (VIENTO) ABS,5710,628,6338,FAST,OTHER,1
40012P130000,REAR VIEW MIRROR RUBBER PLUG,SRK 800 RR,5710,628,6338,FAST,OTHER,1
40013P130000,RELEASE HANDLE PLUG,SRK 800 RR,5710,628,6338,FAST,OTHER,1
40022N050002,CLAMP,SRK 800 RR,5710,628,6338,FAST,ELECTRICAL,1
40023P250000,CLAMP THE CORD IN THE DIRECTION,FORD 250,5710,628,6338,FAST,ELECTRICAL,1
40024T800100,STEERING HANDLE FIXING SLEEVE I,FORT 250  ADVENTURE ABS,11410,1255,12665,MEDIUM,OTHER,1
40028T800100,STEERING HANDLE FIXING SLEEVE II,FORT 250  ADVENTURE ABS,11410,1255,12665,MEDIUM,OTHER,1
40031N510001,LEFT BALANCE WEIGHT,FORD 250,34230,3765,37995,MEDIUM,OTHER,1
40031P130003,BALANCE BLOCK,SRV 250 AMT,45630,5019,50649,MEDIUM,OTHER,1
40031P320000,COUNTERWEIGHT,FORT 250  ADVENTURE ABS,39930,4392,44322,MEDIUM,OTHER,1
40031S010000,BALANCE BLOCK,SRV 600 V,11410,1255,12665,MEDIUM,OTHER,1
40031T030100,HANDLE BASE PRESSURE BLOCK,FORD 250,5710,628,6338,MEDIUM,OTHER,1
40032P250000,BALANCE BLOCK INSTALLATION SEAT,SRV 250 AMT,17120,1883,19003,MEDIUM,BODY,1
40040P130000,BUFFER LINER,SRV 250 AMT,11410,1255,12665,MEDIUM,OTHER,1
40041N510000,RIGHT BALANCE WEIGHT,FORD 250,34230,3765,37995,MEDIUM,OTHER,1
40046N510000,SHOCKPROOF RUBBER FOR STEERING HANDLE,FORD 250,5710,628,6338,MEDIUM,OTHER,1
40047B470100,BUSHING,SRK 800 RR,5710,628,6338,MEDIUM,SUSPENSION,1
40047N510000,SHOCKPROOF RUBBER MOUNTING GASKET,FORD 250,5710,628,6338,FAST,FASTENER,1
40080P410100,HANDLE AS-LH,SRK 800 RR,193930,21332,215262,MEDIUM,OTHER,1
40080PBD0000,LEFT HANDLE ASSEMBLY,SRV 600 V,684450,75289,759739,MEDIUM,OTHER,1
40083P250000,LEFT HANDLE BASE SCREW,SRK 800 RR,5710,628,6338,FAST,FASTENER,1
40084PBD0000,CLUTCH HANDLE,SRV 600 V,467710,51448,519158,MEDIUM,ENGINE,1
40086P010000,HANDLE POSITIONING DOUBLE END STUDS,SRV 600 V,11410,1255,12665,MEDIUM,OTHER,1
40086P010102,HANDLE POSITIONING STUD,SRV 250 AMT,17120,1883,19003,MEDIUM,OTHER,1
40087PBD0000,LEFT HANDLE CONNECTING PIN,SRV 600 V,17120,1883,19003,MEDIUM,OTHER,1
40089P010100,HANDLE POSITIONING GASKET,SRV 250 AMT,5710,628,6338,FAST,FASTENER,1
40098B450000,BINDING TAPE,SRV 250 AMT,5710,628,6338,MEDIUM,OTHER,1
40100M790000,DIRECTION WELDING COMPONENTS,AX 180  (VIENTO) ABS,148300,16313,164613,MEDIUM,OTHER,1
40100N590001,STEERING HANDLE WELDING ASSEMBLY,FORD 250,353640,38900,392540,MEDIUM,OTHER,1
40101L79CM02,STEERING HANDLE,FORT 250  ADVENTURE ABS,245270,26979,272249,MEDIUM,OTHER,1
40101PBD0001,DIRECTIONAL HANDLE,SRV 250 AL (LIBERO),330820,36390,367210,MEDIUM,OTHER,1
40101PC20000,DIRECTIONAL HANDLE,SRV 600 V,325120,35763,360883,MEDIUM,OTHER,1
40101PDM0000,DIRECTIONAL HANDLE,SRV 250 AMT,279490,30743,310233,MEDIUM,OTHER,1
40110P950001,LEFT STEERING HANDLE ASSEMBLY,SRK 800 RR,382160,42037,424197,MEDIUM,OTHER,1
40110U570000,TURN THE COMPONENT TO THE LEFT,SRK 150 E (CITO),285190,31370,316560,MEDIUM,OTHER,1
40120P950001,RIGHT STEERING HANDLE ASSEMBLY,SRK 800 RR,382160,42037,424197,MEDIUM,OTHER,1
40120U570000,TURN THE COMPONENT TO THE RIGHT,SRK 150 E (CITO),285190,31370,316560,MEDIUM,OTHER,1
40190L790000,WELDING ASSEMBLY OF FIXED SEAT OF STEERING HANDLE,FORT 250  ADVENTURE ABS,193930,21332,215262,MEDIUM,BODY,1
40190N510000,STEERING HANDLE MOUNTING BASE WELDING ASSEMBLY,FORD 250,268080,29488,297568,MEDIUM,OTHER,1
40210M550000,THROTTLE GRIP ASSEMBLY,AX 180  (VIENTO) ABS,22820,2510,25330,MEDIUM,OTHER,1
40210N510000,RIGHT GRIP ASSEMBLY,FORD 250,28520,3137,31657,MEDIUM,OTHER,1
40210P280000,RIGHT GRIP COMPONENT,SRV 250 AMT,17120,1883,19003,MEDIUM,OTHER,1
40210PC20000,RIGHT GRIP COMPONENT,SRV 600 V,17120,1883,19003,MEDIUM,OTHER,1
40210TAB0000,RIGHT GRIP COMPONENT,SRK 150 E (CITO),17120,1883,19003,MEDIUM,OTHER,1
40273P250000,UPPER SPRING PIN,SRK 800 RR,5710,628,6338,MEDIUM,OTHER,1
40283S010000,JOINT M6,SRK 800 RR,28520,3137,31657,MEDIUM,OTHER,1
40300M550000,THROTTLE CABLE COMPONENT,AX 180  (VIENTO) ABS,131190,14430,145620,FAST,OTHER,1
40300N590000,THROTTLE LINE ASSEMBLY I,FORD 250,125490,13803,139293,MEDIUM,OTHER,1
40300NT30000,THROTTLE CABLE ASSEMBLY I,FORT 250  ADVENTURE ABS,68450,7529,75979,FAST,OTHER,1
40300P160003,ACCELERATOR CABLE ASSEMBLY I,SRV 250 AL (LIBERO),91260,10038,101298,FAST,OTHER,1
40300P950000,THROTTLE CABLE ASSEMBLY I,SRK 800 RR,79860,8784,88644,FAST,OTHER,1
40300PBS0000,ACCELERATOR CABLE ASSEMBLY I,SRV 250 AMT,91260,10038,101298,FAST,OTHER,1
40300PC20000,ACCELERATOR CABLE ASSEMBLY,SRV 600 V,182520,20077,202597,FAST,OTHER,1
40300U570000,THROTTLE CABLE COMPONENT,SRK 150 E (CITO),125490,13803,139293,FAST,OTHER,1
40320PA20000,VALVE LINE MOUNTING SEAT,FORD 250,22820,2510,25330,MEDIUM,ENGINE,1
40330N590000,THROTTLE CABLE ASSEMBLY II,FORD 250,125490,13803,139293,FAST,OTHER,1
40330NT30000,THROTTLE CABLE ASSEMBLY Ⅱ,FORT 250  ADVENTURE ABS,68450,7529,75979,FAST,OTHER,1
40330P160003,ACCELERATOR CABLE ASSEMBLY II,SRV 250 AL (LIBERO),96970,10666,107636,FAST,OTHER,1
40330P950000,THROTTLE CABLE ASSEMBLY II,SRK 800 RR,79860,8784,88644,FAST,OTHER,1
40330PBS0000,ACCELERATOR CABLE ASSEMBLY II,SRV 250 AMT,91260,10038,101298,FAST,OTHER,1
40400P950000,CLUTCH CABLE ASSEMBLY,SRK 800 RR,102670,11293,113963,FAST,ENGINE,1
40400PC20000,CLUTCH CABLE ASSEMBLY,SRV 600 V,102670,11293,113963,FAST,ENGINE,1
40440M550000,REARVIEW MIRROR ASSEMBLY,AX 180  (VIENTO) ABS,114080,12548,126628,MEDIUM,OTHER,1
40440N490010,MIRROR ASSEMBLY,SRK 800 RR,330820,36390,367210,MEDIUM,OTHER,1
40440N510001,LEFT AND RIGHT REARVIEW MIRROR ASSEMBLY,FORD 250,285190,31370,316560,MEDIUM,OTHER,1
40440P180004,MIRROR ASSEMBLY,SRV 250 AMT,188230,20705,208935,MEDIUM,OTHER,1
40440P490000,REARVIEW MIRROR ASSEMBLY,FORT 250  ADVENTURE ABS,102670,11293,113963,MEDIUM,OTHER,1
40440P530000,REAR VIEW MIRROR COMBINATION,SRK 150 E (CITO),598900,65879,664779,MEDIUM,OTHER,1
40440PBP0001,MIRROR ASSEMBLY,SRV 600 V,319410,35135,354545,MEDIUM,OTHER,1
40440PBP0011,MIRROR ASSEMBLY,SRV 250 AL (LIBERO),279490,30743,310233,MEDIUM,OTHER,1
40450M550000,LEFT MIRROR,AX 180  (VIENTO) ABS,34230,3765,37995,MEDIUM,OTHER,1
40450N490010,LEFT REARVIEW MIRROR ASSEMBLY,SRK 800 RR,165410,18195,183605,MEDIUM,OTHER,1
40450N510001,LEFT REARVIEW MIRROR ASSEMBLY,FORD 250,205340,22587,227927,MEDIUM,OTHER,1
40450P180004,LEFT REARVIEW MIRROR ASSEMBLY,SRV 250 AMT,96970,10666,107636,MEDIUM,OTHER,1
40450P490000,LEFT REARVIEW MIRROR ASSEMBLY,FORT 250  ADVENTURE ABS,45630,5019,50649,MEDIUM,OTHER,1
40450P530000,LEFT REARVIEW MIRROR ASSEMBLY,SRK 150 E (CITO),302300,33253,335553,MEDIUM,OTHER,1
40450PBP0001,LEFT REARVIEW MIRROR ASSEMBLY,SRV 600 V,159710,17568,177278,MEDIUM,OTHER,1
40450PBP0011,LEFT REARVIEW MIRROR ASSEMBLY,SRV 250 AL (LIBERO),142600,15686,158286,MEDIUM,OTHER,1
40480M550000,RIGHT MIRROR,AX 180  (VIENTO) ABS,34230,3765,37995,MEDIUM,OTHER,1
40480N490010,RIGHT REARVIEW MIRROR ASSEMBLY,SRK 800 RR,165410,18195,183605,MEDIUM,OTHER,1
40480N510001,RIGHT REAR-VIEW MIRROR ASSEMBLY,FORD 250,205340,22587,227927,MEDIUM,OTHER,1
40480P180004,RIGHT REARVIEW MIRROR ASSEMBLY,SRV 250 AMT,96970,10666,107636,MEDIUM,OTHER,1
40480P490000,RIGHT REARVIEW MIRROR ASSEMBLY,FORT 250  ADVENTURE ABS,45630,5019,50649,MEDIUM,OTHER,1
40480P530000,RIGHT REARVIEW MIRROR ASSEMBLY,SRK 150 E (CITO),302300,33253,335553,MEDIUM,OTHER,1
40480PBP0001,RIGHT REARVIEW MIRROR ASSEMBLY,SRV 600 V,159710,17568,177278,MEDIUM,OTHER,1
40480PBP0011,RIGHT REARVIEW MIRROR ASSEMBLY,SRV 250 AL (LIBERO),142600,15686,158286,MEDIUM,OTHER,1
40500KTE0000,LEFT COMBINATION SWITCH,AX 180  (VIENTO) ABS,125490,13803,139293,MEDIUM,ELECTRICAL,1
40500KTL0010,LEFT COMBINATION SWITCH,FORD 250,273780,30115,303895,MEDIUM,ELECTRICAL,1
40500P530000,LEFT COMBINATION SWITCH,SRV 600 V,855570,94112,949682,MEDIUM,ELECTRICAL,1
40500P540000,LEFT COMBINATION SWITCH,SRV 250 AMT,302300,33253,335553,MEDIUM,ELECTRICAL,1
40500PCD0000,LEFT COMBINATION SWITCH,SRK 800 RR,558970,61486,620456,MEDIUM,ELECTRICAL,1
40600KTE0001,RIGHT COMBINATION SWITCH,AX 180  (VIENTO) ABS,108380,11921,120301,MEDIUM,ELECTRICAL,1
40600KTL0012,RIGHT COMBINATION SWITCH,FORT 250  ADVENTURE ABS,211040,23214,234254,MEDIUM,ELECTRICAL,1
40600KTL0015,RIGHT COMBINATION SWITCH,FORD 250,211040,23214,234254,MEDIUM,ELECTRICAL,1
40600KTL0017,RIGHT COMBINATION SWITCH,SRK 150 E (CITO),182520,20077,202597,MEDIUM,ELECTRICAL,1
40600P530001,RIGHT COMBINATION SWITCH,SRV 600 V,855570,94112,949682,MEDIUM,ELECTRICAL,1
40600P540001,RIGHT COMBINATION SWITCH,SRV 250 AMT,216750,23842,240592,MEDIUM,ELECTRICAL,1
40600PCD0001,RIGHT COMBINATION SWITCH,SRK 800 RR,444900,48939,493839,MEDIUM,ELECTRICAL,1
40680M550000,SEAT CUSHION CABLE ASSEMBLY,AX 180  (VIENTO) ABS,17120,1883,19003,FAST,BODY,1
40690L790000,TANK LID LOCK CABLE,FORT 250  ADVENTURE ABS,22820,2510,25330,FAST,BODY,1
40690M550000,FUEL TANK CAP CABLE ASSEMBLY,AX 180  (VIENTO) ABS,17120,1883,19003,FAST,BODY,1
40702P250000,BRAKE PEDAL RETURN SPRING,SRK 800 RR,5710,628,6338,FAST,BRAKE,1
40702P370000,BRAKE TORSION SPRING,SRV 600 V,5710,628,6338,FAST,BRAKE,1
40704H010100,FLAT CUSHION,AX 180  (VIENTO) ABS,5710,628,6338,MEDIUM,OTHER,1
40706S040000,M6 LEFT JOINT HEAD,SRV 600 V,34230,3765,37995,MEDIUM,OTHER,1
40710P95000Z,BRAKE PEDAL ASSEMBLY,SRK 800 RR,222450,24469,246919,FAST,BRAKE,1
40710PC20000,BRAKE PEDAL ASSEMBLY,SRV 600 V,268080,29488,297568,FAST,BRAKE,1
40712P100101,REAR HYDRAULIC BRAKE PEDAL,SRK 800 RR,34230,3765,37995,FAST,BRAKE,1
41080P410100,CLUTCH HANDLE ASSEMBLY,SRK 800 RR,119780,13175,132955,MEDIUM,ENGINE,1
417007360000,SHIFT ACTUATOR ASSEMBLY,SRV 250 AL (LIBERO),3479290,382721,3862011,MEDIUM,OTHER,1
43001H390000,UPPER BEARING UPPER STEEL BOWL,FORT 250  ADVENTURE ABS,11410,1255,12665,FAST,SUSPENSION,1
43001N510000,UPPER BEARING UPPER STEEL BOWL,FORD 250,17120,1883,19003,FAST,SUSPENSION,1
43002H390000,UPPER BEARING LOWER STEEL BOWL,FORT 250  ADVENTURE ABS,11410,1255,12665,FAST,SUSPENSION,1
43002KTJ0001,UPPER BEARING AND LOWER STEEL BOWL,AX 180  (VIENTO) ABS,17120,1883,19003,FAST,SUSPENSION,1
43002N510000,UPPER BEARING LOWER STEEL BOWL,FORD 250,17120,1883,19003,FAST,SUSPENSION,1
43003H390000,LOWER BEARING UPPER STEEL BOWL,FORT 250  ADVENTURE ABS,11410,1255,12665,FAST,SUSPENSION,1
43003KTJ0001,STEEL BOWL ON LOWER BEARING,AX 180  (VIENTO) ABS,17120,1883,19003,FAST,SUSPENSION,1
43003N510000,UPPER STEEL BOWL OF LOWER BEARING,FORD 250,17120,1883,19003,FAST,SUSPENSION,1
43004H390000,LOWER BEARING LOWER STEEL BOWL,FORT 250  ADVENTURE ABS,17120,1883,19003,FAST,SUSPENSION,1
43004KTJ0001,LOWER BEARING AND LOWER GEAR,AX 180  (VIENTO) ABS,17120,1883,19003,FAST,DRIVE,1
43004N510000,LOWER BEARING LOWER STEEL BOWL,FORD 250,17120,1883,19003,FAST,SUSPENSION,1
43005L750000,DUST COVER,FORD 250,11410,1255,12665,MEDIUM,BODY,1
43005L79000Z,DUST COVER ASSEMBLY,FORT 250  ADVENTURE ABS,17120,1883,19003,SLOW,BODY,1
43005S010000,DUST RING (LOWER),FORD 250,5710,628,6338,MEDIUM,OTHER,1
43005U570000,DUST RING,SRK 150 E (CITO),5710,628,6338,MEDIUM,OTHER,1
43006U570000,DUST COVER,SRK 150 E (CITO),5710,628,6338,MEDIUM,BODY,1
43007T090100,TAB WASHER,FORD 250,5710,628,6338,FAST,FASTENER,1
43008L790000,LOCK NUT,SRK 150 E (CITO),17120,1883,19003,FAST,FASTENER,1
43008S010010,FASTENING NUT OF UPPER CONNECTING PLATE,SRV 250 AMT,17120,1883,19003,FAST,FASTENER,1
43008S010100,UPPER CONNECTING PLATE FASTENING NUT,SRV 600 V,22820,2510,25330,FAST,FASTENER,1
43009G120020,LOCK NUT,FORD 250,5710,628,6338,FAST,FASTENER,1
43009P260000,COMPRESSION NUT,SRV 250 AMT,68450,7529,75979,FAST,FASTENER,1
43009S010000,NUT,SRK 800 RR,96970,10666,107636,FAST,FASTENER,1
43009S010100,NUT,SRV 600 V,96970,10666,107636,FAST,FASTENER,1
43010KTJ000Z,COMBINATION OF UPPER STEEL BOWL AND COMPRESSION NUT,AX 180  (VIENTO) ABS,28520,3137,31657,FAST,FASTENER,1
43010L79CM01,FIXED LOWER PRESSING BLOCK ASSEMBLY OF STEERING HANDLE,FORT 250  ADVENTURE ABS,91260,10038,101298,MEDIUM,OTHER,1
43010N510000,COMPRESSION NUT ASSEMBLY,FORD 250,28520,3137,31657,FAST,FASTENER,1
43011P540000,UPPER CONNECTING PLATE,SRV 250 AMT,673050,74035,747085,MEDIUM,OTHER,1
43011P950100,UPPER CONNECTING PLATE,SRK 800 RR,501930,55212,557142,MEDIUM,OTHER,1
43011PBD0001,UPPER CONNECTING PLATE,SRV 250 AL (LIBERO),695860,76544,772404,MEDIUM,OTHER,1
43011PC20000,UPPER CONNECTING PLATE,SRV 600 V,604600,66506,671106,MEDIUM,OTHER,1
43011U570000,UPPER BOARD,SRK 150 E (CITO),182520,20077,202597,MEDIUM,OTHER,1
43013PBD0000,LOWER SEAT OF STEERING HANDLE,SRV 250 AL (LIBERO),342230,37645,379875,MEDIUM,BODY,1
43013PC20000,LOWER SEAT OF STEERING HANDLE,SRV 600 V,302300,33253,335553,MEDIUM,BODY,1
43014L79CM00,FIXED UPPER PRESSING BLOCK OF STEERING HANDLE,FORT 250  ADVENTURE ABS,68450,7529,75979,MEDIUM,OTHER,1
43014P010100,LOWER HANDLE LOCATOR,SRV 250 AMT,45630,5019,50649,MEDIUM,OTHER,1
43014P540001,PRESS THE HANDLE ON THE BLOCK,SRV 250 AMT,102670,11293,113963,MEDIUM,OTHER,1
43014PBD0000,STEERING HANDLE UPPER SEAT,SRV 250 AL (LIBERO),154010,16941,170951,MEDIUM,BODY,1
43014PC20000,UPPER SEAT OF STEERING HANDLE,SRV 600 V,159710,17568,177278,MEDIUM,BODY,1
43015L790000,BUFFER RUBBER ON STEERING HANDLE,FORT 250  ADVENTURE ABS,5710,628,6338,MEDIUM,OTHER,1
43016L790000,STEERING HANDLE LOWER BUFFER RUBBER,FORT 250  ADVENTURE ABS,5710,628,6338,MEDIUM,OTHER,1
43016PBD0000,STEERING HANDLE LOWER SEAT CUSHION,SRV 600 V,5710,628,6338,MEDIUM,BODY,1
43018G120100,LOWER CONNECTING PLATE STRUT WASHER,FORT 250  ADVENTURE ABS,5710,628,6338,FAST,FASTENER,1
43020KTJ0000,DUST RING COMPONENT,AX 180  (VIENTO) ABS,11410,1255,12665,MEDIUM,OTHER,1
43021L800000,FRONT FLUID BRAKE CABLE CLAMP,AX 180  (VIENTO) ABS,5710,628,6338,FAST,BRAKE,1
43021P540000,INSTRUMENT CLAMP,SRV 250 AMT,5710,628,6338,FAST,ELECTRICAL,1
43021P650000,CLAMP,SRK 150 E (CITO),5710,628,6338,FAST,ELECTRICAL,1
43024L820000,CAP NUT,SRK 150 E (CITO),17120,1883,19003,FAST,FASTENER,1
43028G120000,DUST RING,FORT 250  ADVENTURE ABS,5710,628,6338,MEDIUM,OTHER,1
43029P950000,POWER LOCK INSTALLATION SLEEVE,SRK 800 RR,11410,1255,12665,MEDIUM,OTHER,1
43034P560000,METER MOUNTING RUBBER PAD,SRK 150 E (CITO),5710,628,6338,MEDIUM,ELECTRICAL,1
43035J040000,ODOMETER CABLE CLAMP,SRV 250 AMT,5710,628,6338,FAST,ELECTRICAL,1
43035P420000,HYDRAULIC BRAKE PIPE CLAMP,SRV 250 AMT,5710,628,6338,FAST,BRAKE,1
43038P250000,FRONT STEERING LAMP BRACKET RUBBER SLEEVE,FORD 250,5710,628,6338,FAST,ELECTRICAL,1
43043L790000,STEERING HANDLE UPPER GASKET,FORT 250  ADVENTURE ABS,5710,628,6338,FAST,FASTENER,1
43047PCZ0000,FRONT LEFT TURN SIGNAL BRACKET,SRV 250 AL (LIBERO),34230,3765,37995,MEDIUM,OTHER,1
43048PCZ0000,FRONT RIGHT TURN SIGNAL BRACKET,SRV 250 AL (LIBERO),34230,3765,37995,MEDIUM,OTHER,1
43049P800000,UPPER CONNECTING PLATE FASTENING SCREW,SRV 250 AMT,68450,7529,75979,FAST,FASTENER,1
43049P800100,UPPER CONNECTING PLATE FASTENING SCREWS,SRV 600 V,68450,7529,75979,FAST,FASTENER,1
43053PCZ001Z,"LEFT FRONT SHOCK ABSORBER GUARD,BLACK BL,WITH STICKER",SRV 250 AL (LIBERO),239560,26351,265911,SLOW,BODY,1
43053PCZ002Z,"LEFT FRONT SHOCK ABSORBER GUARD,BLACK NJ,WITH STICKER",SRV 250 AL (LIBERO),205340,22587,227927,SLOW,BODY,1
43053PCZ003Z,"LEFT FRONT SHOCK ABSORBER GUARD,GRAY JE,WITH STICKER",SRV 250 AL (LIBERO),239560,26351,265911,SLOW,BODY,1
43054PCZ001Z,"RIGHT FRONT SHOCK ABSORBER GUARD,BLACK BL,WITH STICKER",SRV 250 AL (LIBERO),239560,26351,265911,SLOW,BODY,1
43054PCZ002Z,"RIGHT FRONT SHOCK ABSORBER GUARD,BLACK NJ,WITH STICKER",SRV 250 AL (LIBERO),205340,22587,227927,SLOW,BODY,1
43054PCZ003Z,"RIGHT FRONT SHOCK ABSORBER GUARD,GRAY JE,WITH STICKER",SRV 250 AL (LIBERO),239560,26351,265911,SLOW,BODY,1
43057TA70000,LIQUID BRAKE CLAMP,AX 180  (VIENTO) CBS,11410,1255,12665,FAST,BRAKE,1
43057TAB0000,DOUBLE HEADED BUCKLE PIPELINE CLAMPⅡ,AX 180  (VIENTO) CBS,5710,628,6338,FAST,ELECTRICAL,1
43058P810000,RUBBER PLUG ON THE UPPER SEAT OF THE STEERING HANDLE,SRV 600 V,57040,6274,63314,FAST,BODY,1
43058PBD0000,SHOCK ABSORBER DECORATIVE COVER,SRV 250 AL (LIBERO),28520,3137,31657,SLOW,BODY,1
43058PCZ0000,INNER LINING PANEL OF LEFT FRONT SHOCK ABSORBER GUARD,SRV 250 AL (LIBERO),68450,7529,75979,SLOW,BODY,1
43059PCZ0000,INNER LINING PANEL OF RIGHT FRONT SHOCK ABSORBER GUARD,SRV 250 AL (LIBERO),68450,7529,75979,SLOW,BODY,1
43070D010020,ODOMETER CLAMP ASSEMBLY 2,SRK 800 RR,5710,628,6338,FAST,ELECTRICAL,1
43070J670010,CLUTCH WIRE CLAMP ASSEMBLY,SRK 150 E (CITO),5710,628,6338,FAST,ENGINE,1
43070J670020,CLUTCH WIRE CLAMP ASSEMBLY,FORT 250  ADVENTURE ABS,5710,628,6338,FAST,ENGINE,1
43100KT9000Z,LOWER CONNECTING PLATE WELDING ASSEMBLY,FORT 250  ADVENTURE ABS,376450,41409,417859,MEDIUM,OTHER,1
43100M55000Z,LOWER BOARD COMPONENT,AX 180  (VIENTO) ABS,382160,42037,424197,MEDIUM,OTHER,1
43100N25010Z,LOWER LINK BOARD COMPONENT,SRV 250 AMT,981050,107915,1088965,MEDIUM,OTHER,1
43100N51000Z,LOWER YOKE PLATE WELDING ASSEMBLY,FORD 250,912600,100386,1012986,MEDIUM,OTHER,1
43100P95000Z,LOWER YOKE ASSEMBLY,SRK 800 RR,912600,100386,1012986,MEDIUM,OTHER,1
43100PBD000Z,LOWER YOKE PLATE ASSEMBLY,SRV 250 AL (LIBERO),901200,99132,1000332,MEDIUM,OTHER,1
43100PC2000Z,LOWER LINK BOARD COMPONENT,SRV 600 V,918310,101014,1019324,MEDIUM,OTHER,1
43100U570000,LOWER BOARD COMPONENT,SRK 150 E (CITO),507640,55840,563480,MEDIUM,OTHER,1
43101P25000Z,DIRECTION COLUMN ANTI LOOSENING RING COMBINATION,SRV 600 V,245270,26979,272249,MEDIUM,OTHER,1
43101P95000Z,DIRECTION COLUMN ANTI LOOSENING RING COMBINATION,SRK 800 RR,216750,23842,240592,MEDIUM,OTHER,1
43102PBD0000,LOWER COUPLING PLATE,SRV 250 AL (LIBERO),564680,62114,626794,MEDIUM,OTHER,1
43130KTJ0001,UPPER BEARING COMPONENT,AX 180  (VIENTO) ABS,5710,628,6338,FAST,SUSPENSION,1
43130L260000,UPPER STEEL BALL ASSEMBLY,FORT 250  ADVENTURE ABS,11410,1255,12665,MEDIUM,OTHER,1
43130N510000,UPPER STEEL BALL ASSEMBLY,FORD 250,11410,1255,12665,MEDIUM,OTHER,1
43130S010000,STEERING BEARING,SRV 250 AMT,39930,4392,44322,FAST,SUSPENSION,1
43140KTJ0001,LOWER BEARING COMPONENT,AX 180  (VIENTO) ABS,11410,1255,12665,FAST,SUSPENSION,1
43140L260000,LOWER STEEL BALL ASSEMBLY,FORT 250  ADVENTURE ABS,11410,1255,12665,MEDIUM,OTHER,1
43140N510000,LOWER BALL ASSEMBLY,FORD 250,11410,1255,12665,MEDIUM,OTHER,1
43200L790006,FRONT LEFT SHOCK ABSORBER ASSEMBLY,FORT 250  ADVENTURE ABS,1174980,129247,1304227,SLOW,SUSPENSION,1
43200M550000,FRONT LEFT SHOCK ABSORBER COMPONENT,AX 180  (VIENTO) ABS,404970,44546,449516,SLOW,SUSPENSION,1
43200N220006,FRONT LEFT SHOCK ABSORBER ASSEMBLY,SRV 250 AMT,1551420,170656,1722076,SLOW,SUSPENSION,1
43200N590000,FRONT LEFT SHOCK ABSORBER ASSEMBLY,FORD 250,963940,106033,1069973,SLOW,SUSPENSION,1
43200NTK0000,FRONT LEFT SHOCK ABSORBER ASSEMBLY,FORT 250  ADVENTURE ABS,587490,64623,652113,SLOW,SUSPENSION,1
43200P950000,FRONT LEFT SHOCK ABSORBER ASSEMBLY,SRK 800 RR,2829060,311196,3140256,SLOW,SUSPENSION,1
43200PBD0000,FRONT LEFT SHOCK ABSORBER ASSEMBLY,SRV 250 AL (LIBERO),1768170,194498,1962668,SLOW,SUSPENSION,1
43200PC20000,FRONT LEFT SHOCK ABSORBER ASSEMBLY,SRV 600 V,2720690,299275,3019965,SLOW,SUSPENSION,1
43200U570000,FRONT LEFT SHOCK ABSORBER COMPONENT,SRK 150 E (CITO),1283350,141168,1424518,SLOW,SUSPENSION,1
43204L790006,END CAP BODY,FORT 250  ADVENTURE ABS,85560,9411,94971,MEDIUM,OTHER,1
43204N510000,FRONT FORK BOLT CAP,FORD 250,11410,1255,12665,FAST,SUSPENSION,1
43204P540000,LEFT BOLT,SRV 250 AMT,96970,10666,107636,FAST,FASTENER,1
43204TAJ0000,END CAP BOLT,AX 180  (VIENTO) ABS,5710,628,6338,FAST,FASTENER,1
43250P950000,BOLT ASSEMBLY,SRK 800 RR,102670,11293,113963,FAST,FASTENER,1
43260J410000,OIL SEAL,SRK 150 E (CITO),17120,1883,19003,FAST,OIL_FLUID,1
43260K990000,OIL SEAL,SRV 250 AMT,34230,3765,37995,FAST,OIL_FLUID,1
43260M550000,OIL SEAL,AX 180  (VIENTO) ABS,11410,1255,12665,FAST,OIL_FLUID,1
43260N220010,OIL SEAL,SRV 600 V,34230,3765,37995,FAST,OIL_FLUID,1
43260N510000,OIL SEAL,FORD 250,22820,2510,25330,FAST,OIL_FLUID,1
43260P100004,OIL SEAL,FORT 250  ADVENTURE ABS,34230,3765,37995,FAST,OIL_FLUID,1
43261N510000,SEAL RING,FORD 250,17120,1883,19003,FAST,FASTENER,1
43283P100010,SHIM,SRV 250 AMT,5710,628,6338,MEDIUM,OTHER,1
43290N100000,DUST RING ASSEMBLY,SRV 250 AMT,11410,1255,12665,MEDIUM,OTHER,1
43290N220001,DUST RING ASSEMBLY,SRV 600 V,28520,3137,31657,MEDIUM,OTHER,1
43290N510000,DUST RING,FORD 250,17120,1883,19003,MEDIUM,OTHER,1
43290P100004,DUST SEAL,FORT 250  ADVENTURE ABS,28520,3137,31657,FAST,FASTENER,1
43290T820000,DUST SEAL,SRK 150 E (CITO),11410,1255,12665,FAST,FASTENER,1
43290TAJ0000,DUST SEAL,AX 180  (VIENTO) ABS,11410,1255,12665,FAST,FASTENER,1
43300L790006,FRONT RIGHT SHOCK ABSORBER ASSEMBLY,FORT 250  ADVENTURE ABS,1174980,129247,1304227,SLOW,SUSPENSION,1
43300M550000,FRONT RIGHT SHOCK ABSORBER COMPONENT,AX 180  (VIENTO) ABS,404970,44546,449516,SLOW,SUSPENSION,1
43300M550001,FRONT RIGHT SHOCK ABSORBER COMPONENT,AX 180  (VIENTO) CBS,404970,44546,449516,SLOW,SUSPENSION,1
43300N220006,FRONT RIGHT SHOCK ABSORBER ASSEMBLY,SRV 250 AMT,1551420,170656,1722076,SLOW,SUSPENSION,1
43300N590000,FRONT RIGHT SHOCK ABSORBER ASSEMBLY,FORD 250,975350,107288,1082638,SLOW,SUSPENSION,1
43300NTK0000,FRONT RIGHT SHOCK ABSORBER ASSEMBLY,FORT 250  ADVENTURE ABS,1562830,171911,1734741,SLOW,SUSPENSION,1
43300P950000,FRONT RIGHT SHOCK ABSORBER ASSEMBLY,SRK 800 RR,2817660,309942,3127602,SLOW,SUSPENSION,1
43300PBD0000,FRONT RIGHT SHOCK ABSORBER ASSEMBLY,SRV 250 AL (LIBERO),1716830,188851,1905681,SLOW,SUSPENSION,1
43300PC20000,FRONT RIGHT SHOCK ABSORBER ASSEMBLY,SRV 600 V,2709290,298021,3007311,SLOW,SUSPENSION,1
43300U570000,FRONT RIGHT SHOCK ABSORBER COMPONENT,SRK 150 E (CITO),1283350,141168,1424518,SLOW,SUSPENSION,1
43304PC20000,BOLT,SRV 600 V,85560,9411,94971,FAST,FASTENER,1
44004H030100,FRONT WHEEL AXLE,FORT 250  ADVENTURE ABS,22820,2510,25330,MEDIUM,OTHER,1
44004M290000,FRONT AXLE,FORT 250  ADVENTURE ABS,34230,3765,37995,MEDIUM,OTHER,1
44004N510000,FRONT AXLE,FORD 250,74150,8156,82306,MEDIUM,OTHER,1
44004P060001,FRONT AXLE,SRV 250 AMT,142600,15686,158286,MEDIUM,OTHER,1
44004P530000,FRONT WHEEL AXLE,SRV 600 V,142600,15686,158286,MEDIUM,OTHER,1
44004P950000,FRONT AXLE,SRK 800 RR,159710,17568,177278,MEDIUM,OTHER,1
44004T030100,FRONT WHEEL AXLE,SRK 150 E (CITO),22820,2510,25330,MEDIUM,OTHER,1
44004T090201,FRONT AXLE,AX 180  (VIENTO) ABS,28520,3137,31657,MEDIUM,OTHER,1
44004U570000,REAR WHEEL AXLE,SRK 150 E (CITO),22820,2510,25330,MEDIUM,OTHER,1
44005J000201,FRONT LEFT LINER,SRK 150 E (CITO),11410,1255,12665,MEDIUM,OTHER,1
44005L790000,FRONT WHEEL SLEEVE,AX 180  (VIENTO) ABS,17120,1883,19003,MEDIUM,OTHER,1
44005N510000,FRONT LEFT AXLE SLEEVE,FORD 250,17120,1883,19003,MEDIUM,OTHER,1
44005P100100,LEFT FRONT WHEEL BUSHING,SRV 250 AMT,17120,1883,19003,MEDIUM,SUSPENSION,1
44005P160100,FRONT WHEEL LEFT LINER,SRV 600 V,22820,2510,25330,MEDIUM,OTHER,1
44005PAK0000,FRONT LEFT SPACER I,SRK 800 RR,28520,3137,31657,MEDIUM,OTHER,1
44006M510000,FRONT WHEEL MIDDLE AXLE SLEEVE,AX 180  (VIENTO) ABS,11410,1255,12665,MEDIUM,OTHER,1
44006N510000,FRONT WHEEL INTERMEDIATE SHAFT SLEEVE,FORD 250,22820,2510,25330,SLOW,OTHER,1
44006P100100,FRONT MIDDLE SHAFT SLEEVE,SRV 250 AMT,22820,2510,25330,SLOW,OTHER,1
44006P530000,FRONT WHEEL INTERMEDIATE SHAFT SLEEVE,SRV 600 V,17120,1883,19003,SLOW,OTHER,1
44016J820200,FRONT WHEEL SHAFT SLEEVE,FORT 250  ADVENTURE ABS,11410,1255,12665,SLOW,OTHER,1
44016N510000,FRONT RIGHT AXLE SLEEVE,FORD 250,17120,1883,19003,MEDIUM,OTHER,1
44016P100100,RIGHT FRONT WHEEL BUSHING,SRV 250 AMT,17120,1883,19003,MEDIUM,SUSPENSION,1
44016V030100,FRONTWHEEL SHAFT SLEEVE,SRK 150 E (CITO),17120,1883,19003,SLOW,OTHER,1
44017W200000,DUST RING,AX 180  (VIENTO) ABS,5710,628,6338,MEDIUM,OTHER,1
44072PAK0000,FRONT LEFT SPACER II,SRK 800 RR,17120,1883,19003,MEDIUM,OTHER,1
44091P290000,5G DYNAMIC BALANCE WEIGHT,SRV 250 AMT,5710,628,6338,MEDIUM,OTHER,1
44100L79000Z,FRONT WHEEL RIM ASSEMBLY,FORT 250  ADVENTURE CBS,929720,102269,1031989,SLOW,OTHER,1
44100L79002Z,FRONT WHEEL RIM ASSEMBLY,FORT 250  ADVENTURE ABS,3399440,373938,3773378,SLOW,OTHER,1
44100M550000,FRONT WHEEL RIM ASSEMBLY,AX 180  (VIENTO) ABS,730080,80308,810388,SLOW,OTHER,1
44100M550001,FRONT WHEEL RIM ASSEMBLY,AX 180  (VIENTO) CBS,730080,80308,810388,SLOW,OTHER,1
44100M55RG00,FRONT WHEEL RIM ASSEMBLY,AX 180  (VIENTO) ABS,752900,82819,835719,SLOW,OTHER,1
44100M55RG01,FRONT WHEEL RIM ASSEMBLY,AX 180  (VIENTO) CBS,752900,82819,835719,SLOW,OTHER,1
44100N51000Z,FRONT WHEEL RIM,FORD 250,1100830,121091,1221921,SLOW,OTHER,1
44100P54001Z,FRONT WHEEL RIM ASSEMBLY,SRV 250 AMT,1083720,119209,1202929,SLOW,OTHER,1
44100P95000Z,FRONT WHEEL RING ASSEMBLY,SRK 800 RR,1568540,172539,1741079,MEDIUM,OTHER,1
44100PBD000Z,FRONT WHEEL RIM ASSEMBLY,SRV 250 AL (LIBERO),1163570,127992,1291562,SLOW,OTHER,1
44100PC2000Z,FRONT WHEEL RIM ASSEMBLY,SRV 600 V,1334680,146814,1481494,SLOW,OTHER,1
44100TB9000Z,FRONT WHEEL RIM ASSEMBLY,SRK 150 E (CITO),610310,67134,677444,SLOW,OTHER,1
44101L790000,FRONT WHEEL RIM,FORT 250  ADVENTURE CBS,878380,96621,975001,SLOW,OTHER,1
44200NTK0000,SPEED SENSOR,FORT 250  ADVENTURE ABS,188230,20705,208935,MEDIUM,ELECTRICAL,1
44300B910000,OIL SEAL,FORD 250,5710,628,6338,FAST,OIL_FLUID,1
44300J000000,OIL SEAL,AX 180  (VIENTO) ABS,5710,628,6338,FAST,OIL_FLUID,1
44300L790000,FRONT WHEEL OIL SEAL ASSEMBLY,FORT 250  ADVENTURE ABS,5710,628,6338,FAST,OIL_FLUID,1
44600P950000,FRONT WHEEL INTERMEDIATE SPACER ASSEMBLY,SRK 800 RR,34230,3765,37995,MEDIUM,OTHER,1
44601L790000,FRONT WHEEL INTERMEDIATE SHAFT SLEEVE,FORT 250  ADVENTURE ABS,17120,1883,19003,SLOW,OTHER,1
45011PBD0000,OIL CUP GASKET,SRV 600 V,5710,628,6338,FAST,OIL_FLUID,1
45013PBD0000,OIL CUP GASKET,SRV 600 V,5710,628,6338,FAST,OIL_FLUID,1
45014K140000,UPPER SLIDING SHAFT,FORT 250  ADVENTURE ABS,11410,1255,12665,SLOW,OTHER,1
45014N510001,GUIDE PILLAR 1,FORD 250,17120,1883,19003,MEDIUM,OTHER,1
45014P180100,UPPER SLIDING SHAFT,SRV 600 V,11410,1255,12665,SLOW,OTHER,1
45015P180000,UPPER SLIDING SHAFT DUST COVER,SRV 250 AMT,5710,628,6338,SLOW,BODY,1
45017N510001,GUIDE PILLAR 2,FORD 250,11410,1255,12665,MEDIUM,OTHER,1
45017P180100,LOWER SLIDING SHAFT,SRV 600 V,5710,628,6338,SLOW,OTHER,1
45018P180000,LOWER SLIDING SHAFT SLEEVE,SRV 600 V,5710,628,6338,SLOW,OTHER,1
45019N100100,AIR RELEASE NOZZLE,SRV 250 AMT,5710,628,6338,MEDIUM,OTHER,1
45019N510001,VENT NOZZLE,FORD 250,5710,628,6338,MEDIUM,OTHER,1
45019P180000,DEFLATING VALVE,AX 180  (VIENTO) ABS,5710,628,6338,MEDIUM,ENGINE,1
45019P180100,AIR RELEASE NOZZLE,SRV 250 AMT,5710,628,6338,MEDIUM,OTHER,1
45020L810000,RIGHT HANDLE COMPONENT,SRV 250 AMT,142600,15686,158286,MEDIUM,OTHER,1
45020N510002,RIGHT HANDLE,FORD 250,193930,21332,215262,MEDIUM,OTHER,1
45020P380000,FRONT HANDLE ASSEMBLY / BREMBO,SRK 800 RR,1414530,155598,1570128,MEDIUM,OTHER,1
45021B510000,DUST COVER FOR AIR VENT NOZZLE,SRV 250 AMT,5710,628,6338,MEDIUM,BODY,1
45021P180000,DUST COVER FOR AIR VENT NOZZLE,SRV 250 AMT,5710,628,6338,MEDIUM,BODY,1
45022L790000,RIGHT HANDLE,FORT 250  ADVENTURE CBS,34230,3765,37995,MEDIUM,OTHER,1
45022M550000,FRONT HYDRAULIC BRAKE LEVER,AX 180  (VIENTO) ABS,45630,5019,50649,FAST,BRAKE,1
45022M790000,RIGHT HANDLE,AX 180  (VIENTO) CBS,45630,5019,50649,MEDIUM,OTHER,1
45022PC20001,FRONT HYDRAULIC BRAKE HANDLE,SRV 600 V,262380,28861,291241,FAST,BRAKE,1
45022U570000,RIGHT HANDLE COVE,SRK 150 E (CITO),45630,5019,50649,MEDIUM,OTHER,1
45023P250000,HANDLE FIXING COVER,SRK 800 RR,11410,1255,12665,MEDIUM,BODY,1
45023PBD0000,HANDLE FIXING COVER,SRV 600 V,51340,5647,56987,MEDIUM,BODY,1
45030L790000,FRONT BRAKE DISC ASSEMBLY,FORT 250  ADVENTURE ABS,216750,23842,240592,FAST,BRAKE,1
45030N510000,FRONT BRAKE DISC ASSEMBLY,FORD 250,513340,56467,569807,FAST,BRAKE,1
45030P530000,FRONT BRAKE DISC ASSEMBLY,SRV 600 V,798530,87838,886368,FAST,BRAKE,1
45030P540000,FRONT BRAKE DISC ASSEMBLY,SRV 250 AMT,712970,78426,791396,FAST,BRAKE,1
45030P620000,FRONT BRAKE DISC ASSEMBLY,SRK 800 RR,2378470,261631,2640101,FAST,BRAKE,1
45030PBD0000,FRONT BRAKE DISC ASSEMBLY,SRV 250 AL (LIBERO),752900,82819,835719,FAST,BRAKE,1
45030TAJ0001,FRONT BRAKE DISC,SRK 150 E (CITO),182520,20077,202597,FAST,BRAKE,1
45033M550000,FRONT BRAKE DISC,AX 180  (VIENTO) ABS,159710,17568,177278,FAST,BRAKE,1
45036P520100,BOLT M8×14,FORD 250,5710,628,6338,FAST,FASTENER,1
45037J000000,FASTENING BOLT,FORT 250  ADVENTURE CBS,5710,628,6338,FAST,FASTENER,1
45037J000200,COUPLING BOLT/THREAD M10×1.25,FORD 250,5710,628,6338,FAST,FASTENER,1
45037P150000,BRAKE HOSE BANJO BOLT,FORT 250  ADVENTURE CBS,11410,1255,12665,FAST,BRAKE,1
45037P150101,OIL PIPE INSTALLATION BOLTS,SRV 600 V,11410,1255,12665,FAST,OIL_FLUID,1
45037P300200,OIL PIPE INSTALLATION BOLTS,SRV 250 AMT,11410,1255,12665,FAST,OIL_FLUID,1
45037P360100,OIL PIPE INSTALLATION BOLTS,SRV 600 V,11410,1255,12665,FAST,OIL_FLUID,1
45038M550000,FRONT FLUID BRAKE OIL PIPELINE CLAMP I,AX 180  (VIENTO) ABS,11410,1255,12665,FAST,BRAKE,1
45038P150100,BRAKE HOSE BANJO BOLT,AX 180  (VIENTO) CBS,11410,1255,12665,FAST,BRAKE,1
45044M550000,FRONT FLUID BRAKE OIL PIPELINE CLAMP II,AX 180  (VIENTO) ABS,5710,628,6338,FAST,BRAKE,1
45044N510000,FRONT HYDRAULIC BRAKE PIPELINE CLAMP I,FORD 250,5710,628,6338,FAST,BRAKE,1
45044NTK0000,OIL PIPE CLAMP,FORT 250  ADVENTURE CBS,17120,1883,19003,FAST,ELECTRICAL,1
45044T430100,FRONT HYDRAULIC BRAKE PIPELINE CLAMP I,AX 180  (VIENTO) ABS,5710,628,6338,FAST,BRAKE,1
45045L790000,FRONT HYDRAULIC BRAKE CLAMP III,FORT 250  ADVENTURE ABS,11410,1255,12665,FAST,BRAKE,1
45074J800001,GUIDE SHAFT,SRV 250 AL (LIBERO),5710,628,6338,SLOW,OTHER,1
45078P440001,WASHERS,FORD 250,5710,628,6338,FAST,FASTENER,1
45094P100000,ABS CONNECTION BLOCK,SRV 250 AMT,17120,1883,19003,MEDIUM,OTHER,1
45096PBD0000,RIGHT HANDLE CONNECTING PIN,SRV 600 V,17120,1883,19003,MEDIUM,OTHER,1
45110K140010,THE FRICTION PLATE,FORT 250  ADVENTURE ABS,45630,5019,50649,FAST,OTHER,1
45110M550000,FRICTION PAD COMPONENT,AX 180  (VIENTO) ABS,51340,5647,56987,FAST,OTHER,1
45110N510001,THE FRICTION PLATE (FRONT),FORD 250,216750,23842,240592,FAST,OTHER,1
45110NA70000,PAD ASSY BRAKE FR,Tourino 250 DX,68450,7529,75979,FAST,BRAKE,1
45110P100001,FRONT FRICTION PLATE ASSEMBLY,SRV 250 AL (LIBERO),211040,23214,234254,FAST,OTHER,1
45110T400000,THE FRICTION PLATE,AX 180  (VIENTO) ABS,17120,1883,19003,FAST,OTHER,1
45110T800000,FRONT BRAKE BADS ASSY,FORT 250  ADVENTURE CBS,34230,3765,37995,FAST,BRAKE,1
45110T970000,FRONT BRAKE PADS ASSY,AX 180  (VIENTO) CBS,45630,5019,50649,FAST,BRAKE,1
45120P100000,BRAKE SHOE ASSEMBLY,SRV 250 AMT,501930,55212,557142,FAST,BRAKE,1
45120P280000,FRONT HYDRAULIC BRAKE PAD / BREMBO,SRK 800 RR,2002020,220222,2222242,FAST,BRAKE,1
45120S010011,BRAKE SHOE ASSEMBLY,SRV 600 V,1682610,185087,1867697,FAST,BRAKE,1
45180J000000,WASHER,FORT 250  ADVENTURE CBS,5710,628,6338,FAST,FASTENER,1
45180J000100,SEALING GASKET,SRV 250 AMT,5710,628,6338,FAST,FASTENER,1
45200M79000C,CBS FRONT BRAKE HOSE,AX 180  (VIENTO) CBS,68450,7529,75979,FAST,BRAKE,1
45200NTK0000,CBS FRONT BRAKE HOSE,FORT 250  ADVENTURE CBS,182520,20077,202597,FAST,BRAKE,1
45201K140000,FRONT HYDRAULIC BRAKE OIL PIPE RUBBER SLEEVE,FORD 250,5710,628,6338,FAST,BRAKE,1
45240L810001,FRONT HYDRAULIC BRAKE OIL PIPE ASSEMBLY I,FORT 250  ADVENTURE ABS,142600,15686,158286,FAST,BRAKE,1
45240M550000,FRONT FLUID BRAKE INLET PIPE ASSEMBLY,AX 180  (VIENTO) ABS,68450,7529,75979,FAST,BRAKE,1
45240N510001,FRONT BRAKE OIL PIPE ASSEMBLY,FORD 250,165410,18195,183605,FAST,BRAKE,1
45240P540001,FRONT HYDRAULIC BRAKE OIL PIPE ASSEMBLY I,SRV 250 AMT,216750,23842,240592,FAST,BRAKE,1
45240P950000,FRONT BRAKE OIL INLET PIPE ASSEMBLY,SRK 800 RR,296600,32626,329226,FAST,BRAKE,1
45240PC20000,FRONT HYDRAULIC BRAKE OIL PIPE ASSEMBLY I,SRV 600 V,308010,33881,341891,FAST,BRAKE,1
45240U570000,FRONT BRAKE OIL PIPE GROUP,SRK 150 E (CITO),131190,14430,145620,FAST,BRAKE,1
45250P950000,FRONT LEFT AND RIGHT PUMP CONNECTING PIPE COMPONENTS,SRK 800 RR,154010,16941,170951,MEDIUM,OTHER,1
45250PC20000,FRONT HYDRAULIC BRAKE OIL PIPE ASSEMBLY III,SRV 600 V,154010,16941,170951,FAST,BRAKE,1
45270KT90000,FRONT HYDRAULIC BRAKE OIL PIPE ASSEMBLY II,FORT 250  ADVENTURE ABS,171120,18823,189943,FAST,BRAKE,1
45270M550000,FRONT FLUID BRAKE OUTLET PIPE ASSEMBLY,AX 180  (VIENTO) ABS,119780,13175,132955,FAST,BRAKE,1
45270N510001,FRONT BRAKE OIL PIPE,FORD 250,279490,30743,310233,FAST,BRAKE,1
45270NTK0000,CBS BRAKE HOSE ASSY.II,FORT 250  ADVENTURE CBS,182520,20077,202597,FAST,BRAKE,1
45270P540001,FRONT HYDRAULIC BRAKE OIL PIPE ASSEMBLY II,SRV 250 AMT,262380,28861,291241,FAST,BRAKE,1
45270P950000,FRONT BRAKE OIL OUTLET PIPE ASSEMBLY,SRK 800 RR,416380,45801,462181,FAST,BRAKE,1
45270PC20000,FRONT HYDRAULIC BRAKE OIL PIPE ASSEMBLY II,SRV 600 V,330820,36390,367210,FAST,BRAKE,1
45270U570000,FRONT BRAKE OIL OUTLET PIPE COMPONENT,SRK 150 E (CITO),245270,26979,272249,FAST,BRAKE,1
45300J000010,FRONT BRAKE SWITCH ASSEMBLY,AX 180  (VIENTO) CBS,11410,1255,12665,FAST,BRAKE,1
45300L810000,FRONT BRAKE SWITCH ASSEMBLY,SRV 250 AMT,39930,4392,44322,FAST,BRAKE,1
45300M550000,FRONT BRAKE SWITCH ASSEMBLY,AX 180  (VIENTO) ABS,28520,3137,31657,FAST,BRAKE,1
45300N510002,HYDRAULIC BRAKE SWITCH,FORD 250,11410,1255,12665,FAST,BRAKE,1
45300P380000,FRONT BRAKE SWITCH ASSEMBLY,SRK 800 RR,467710,51448,519158,FAST,BRAKE,1
45300U570000,FRONT BRAKE SWITCH,SRK 150 E (CITO),11410,1255,12665,FAST,BRAKE,1
45350KT90000,REAR HYDRAULIC BRAKE CLAMP III,FORT 250  ADVENTURE ABS,17120,1883,19003,FAST,BRAKE,1
45350NTK0000,REAR HYDRAULIC BRAKE CLAMP III,FORT 250  ADVENTURE ABS,22820,2510,25330,FAST,BRAKE,1
45400L810010,FRONT OIL PUMP BODY ASSEMBLY,SRV 250 AMT,359340,39527,398867,FAST,ENGINE,1
45400L810014,FRONT BRAKE MASTER CYLINDER ASSY.,FORT 250  ADVENTURE CBS,376450,41409,417859,FAST,BRAKE,1
45400M550000,FRONT FLUID BRAKE UPPER PUMP COMPONENT,AX 180  (VIENTO) ABS,216750,23842,240592,FAST,BRAKE,1
45400M790000,FRONT BRAKE MASTER CYLINDER ASSY.,AX 180  (VIENTO) CBS,216750,23842,240592,FAST,BRAKE,1
45400N510004,FRONT OIL PUMP BODY ASSEMBLY,FORD 250,530450,58349,588799,FAST,ENGINE,1
45400P380200,FRONT OIL PUMP BODY ASSEMBLY,SRK 800 RR,3684630,405309,4089939,FAST,ENGINE,1
45400PC20000,FRONT OIL PUMP BODY ASSEMBLY,SRV 600 V,1152160,126737,1278897,FAST,ENGINE,1
45400U570010,FRONT OIL PUMP BODY ASSEMBLY,SRK 150 E (CITO),205340,22587,227927,FAST,ENGINE,1
45500J800015,FRONT LEFT BRAKE CYLINDER ASSEMBLY,SRV 250 AMT,827050,90975,918025,FAST,ENGINE,1
45500KT90000,FRONT BRAKE CYLINDER ASSEMBLY,FORT 250  ADVENTURE ABS,496230,54585,550815,FAST,ENGINE,1
45500M550000,FRONT BRAKE CYLINDER ASSEMBLY,AX 180  (VIENTO) ABS,228150,25096,253246,FAST,ENGINE,1
45500N510001,FRONT BRAKE CYLINDER ASSEMBLY,FORD 250,832750,91602,924352,FAST,ENGINE,1
45500NTK0000,FRONT LEFT BRAKE CALIPER ASSY.,FORT 250  ADVENTURE CBS,530450,58349,588799,FAST,BRAKE,1
45500P280000,FRONT LEFT BRAKE CYLINDER ASSEMBLY / BREMBO,SRK 800 RR,2857580,314333,3171913,FAST,ENGINE,1
45500P41BG00,FRONT LEFT BRAKE CYLINDER ASSEMBLY,SRV 600 V,1739650,191361,1931011,FAST,ENGINE,1
45500TAJ0014,FRONT BRAKE CYLINDER ASSEMBLY,SRK 150 E (CITO),302300,33253,335553,FAST,ENGINE,1
45600M790000,FRONT LEFT BRAKE CALIPER ASSY.,AX 180  (VIENTO) CBS,467710,51448,519158,FAST,BRAKE,1
45600P280000,FRONT RIGHT BRAKE CYLINDER ASSEMBLY / BREMBO,SRK 800 RR,2857580,314333,3171913,FAST,ENGINE,1
45600P41BG00,FRONT RIGHT BRAKE CYLINDER ASSEMBLY,SRV 600 V,1745350,191988,1937338,FAST,ENGINE,1
45700M790000,DUAL CHANNEL ABS COMPONENT,AX 180  (VIENTO) ABS,2338540,257239,2595779,MEDIUM,OTHER,1
45700N470002,DUAL CHANNEL ABS ASSEMBLY,SRV 250 AMT,2903210,319353,3222563,MEDIUM,OTHER,1
45700N590000,DUAL CHANNEL ABS ASSEMBLY,FORD 250,2754920,303041,3057961,MEDIUM,OTHER,1
45700N700020,DUAL CHANNEL ABS COMPONENT,SRV 250 AL (LIBERO),2783430,306177,3089607,MEDIUM,OTHER,1
45700NT30000,DUAL CHANNEL ABS ASSEMBLY,FORT 250  ADVENTURE ABS,2675060,294256,2969316,MEDIUM,OTHER,1
45700P950000,ABS GP-DUAL CHANNEL,SRK 800 RR,5903390,649372,6552762,MEDIUM,OTHER,1
45700P990003,DUAL CHANNEL ABS ASSEMBLY,SRT 700SX (TOURINO),4437520,488127,4925647,MEDIUM,OTHER,1
45700PC20000,DUAL CHANNEL ABS ASSEMBLY,SRV 600 V,3148470,346331,3494801,MEDIUM,OTHER,1
45700U570000,DUAL CHANNEL ABS,SRK 150 E (CITO),2338540,257239,2595779,MEDIUM,OTHER,1
45702M550000,FRONT WHEEL SPEED RING GEAR,AX 180  (VIENTO) ABS,51340,5647,56987,MEDIUM,DRIVE,1
45702N510000,FRONT WHEEL SPEED RING GEAR,FORD 250,51340,5647,56987,MEDIUM,DRIVE,1
45702P100000,FRONT WHEEL SPEED RING GEAR,SRV 250 AMT,51340,5647,56987,MEDIUM,DRIVE,1
45702P160000,FRONT WHEEL SPEED GEAR RING,SRV 600 V,57040,6274,63314,MEDIUM,DRIVE,1
45702P250000,ABS FRONT WHEEL GEAR RING,SRK 800 RR,62750,6902,69652,MEDIUM,DRIVE,1
45710L790000,FRONT WHEEL SPEED SENSOR,FORT 250  ADVENTURE ABS,125490,13803,139293,MEDIUM,ELECTRICAL,1
45710M550000,ABS FRONT WHEEL SPEED SENSOR,AX 180  (VIENTO) ABS,119780,13175,132955,MEDIUM,ELECTRICAL,1
45710N510000,ABS WHEEL SPEED SENSOR,SRV 250 AMT,142600,15686,158286,MEDIUM,ELECTRICAL,1
45710P100000,FRONT WHEEL SPEED SENSOR,FORD 250,159710,17568,177278,MEDIUM,ELECTRICAL,1
45710P370000,FRONT AND REAR WHEEL SPEED SENSOR I,SRK 800 RR,216750,23842,240592,MEDIUM,ELECTRICAL,1
45710P370001,FRONT AND REAR WHEEL SPEED SENSOR II,SRK 800 RR,205340,22587,227927,MEDIUM,ELECTRICAL,1
45718M550000,FRONT WHEEL SPEED CLAMP,AX 180  (VIENTO) ABS,5710,628,6338,FAST,ELECTRICAL,1
45719P930000,WHEEL SPEED SENSOR CABLE CLAMP RUBBER,SRK 800 RR,5710,628,6338,FAST,ELECTRICAL,1
45730P620000,6D SENSOR,SRK 800 RR,2692170,296138,2988308,MEDIUM,ELECTRICAL,1
47000PCL003Z,SILENCER ASSEMBLY,SRV 250 AL (LIBERO),4523080,497538,5020618,MEDIUM,OTHER,1
47013P950001,INSULATION TIN FOIL PAPER I,SRK 800 RR,34230,3765,37995,FAST,OIL_FLUID,1
47014P950000,INSULATION TIN FOIL II,SRK 800 RR,28520,3137,31657,FAST,OIL_FLUID,1
47015P010010,SILENCING PLUG,SRV 250 AMT,11410,1255,12665,FAST,OTHER,1
47015U570000,UPPER CONNECTING PLATE CUSHIONING RUBBER,SRK 150 E (CITO),5710,628,6338,MEDIUM,OTHER,1
47016P250000,INSULATION GASKET II,FORD 250,5710,628,6338,FAST,FASTENER,1
47016P830000,INSULATION GASKET,FORT 250  ADVENTURE ABS,5710,628,6338,FAST,FASTENER,1
47020P54NK00,COVER AS-TRIM,SRV 250 AMT,176820,19450,196270,MEDIUM,BODY,1
47021N290000,MUFFLER BUFFER BUSHING,SRK 800 RR,17120,1883,19003,SLOW,SUSPENSION,1
47022N290010,MUFFLER BUFFER WASHER,SRK 800 RR,5710,628,6338,FAST,FASTENER,1
47023N590000,MUFFLER GUARD,FORD 250,981050,107915,1088965,SLOW,BODY,1
47023NTH0000,DECORATIVE COVER,FORT 250  ADVENTURE ABS,39930,4392,44322,MEDIUM,BODY,1
47024P54MM00,DECORATIVE COVER III,SRV 250 AMT,39930,4392,44322,MEDIUM,BODY,1
47024PBDNK00,"DECORATIVE COVER III,BACK NK",SRV 250 AL (LIBERO),45630,5019,50649,MEDIUM,BODY,1
47026PAK0000,MUFFLER BUFFER RUBBER,SRK 800 RR,28520,3137,31657,SLOW,OTHER,1
47028H390000,MUFFLER RUBBER SLEEVE,SRK 800 RR,5710,628,6338,SLOW,OTHER,1
47028P080000,RUBBER SLEEVE,SRK 800 RR,5710,628,6338,MEDIUM,OTHER,1
47028P380000,RUBBER SLEEVE Φ 9×5,SRV 600 V,5710,628,6338,MEDIUM,OTHER,1
47028TAB0000,RUBBER SLEEVE,FORT 250  ADVENTURE ABS,5710,628,6338,MEDIUM,OTHER,1
47035N590000,GRAPHITE WASHER,FORD 250,11410,1255,12665,FAST,FASTENER,1
47036P830000,GRAPHITE WASHER,SRV 600 V,17120,1883,19003,FAST,FASTENER,1
47036PT70000,GRAPHITE LINING RING,FORT 250  ADVENTURE ABS,11410,1255,12665,MEDIUM,OTHER,1
47039J690100,CYLINDER INSTALLATION LINER,SRK 150 E (CITO),11410,1255,12665,SLOW,ENGINE,1
47039PC20001,SHIELD BUSHING,SRV 250 AMT,11410,1255,12665,MEDIUM,SUSPENSION,1
47040N510000,EXHAUST PIPE SIDE COVER WELDING ASSEMBLY,FORD 250,62750,6902,69652,SLOW,BODY,1
47041KT80000,HANGING BOARD PROTECTIVE COVER,AX 180  (VIENTO) ABS,11410,1255,12665,MEDIUM,BODY,1
47041N730000,INSULATED TIN FOIL PAPER,Tourino 250 DX,39930,4392,44322,FAST,OIL_FLUID,1
47041P540000,DECORATIVE COVER THERMAL INSULATION TIN FOIL PAPER I,SRV 250 AMT,39930,4392,44322,FAST,BODY,1
47041P950000,SILENCER HEAT SHIELD,SRK 800 RR,17120,1883,19003,MEDIUM,OTHER,1
47041PAK0000,MUFFLER MOUNTING BUSH,SRK 800 RR,17120,1883,19003,SLOW,OTHER,1
47042P540000,DECORATIVE COVER THERMAL INSULATION TIN FOIL PAPER II,SRV 250 AMT,51340,5647,56987,FAST,BODY,1
47044PC20000,DECORATIVE COVER INSULATION TINFOIL PAPER,SRV 600 V,22820,2510,25330,FAST,BODY,1
47050N510000,MUFFLER BUFFER BUSHING I,FORD 250,22820,2510,25330,SLOW,SUSPENSION,1
47050P090001,EXHAUST SEALING RING COMPONENT,FORT 250  ADVENTURE ABS,17120,1883,19003,FAST,FASTENER,1
47053KTM0000,INNER METAL SLEEVE,SRK 150 E (CITO),5710,628,6338,MEDIUM,OTHER,1
47054KTM0000,RUBBER BUSHING,SRK 150 E (CITO),5710,628,6338,MEDIUM,SUSPENSION,1
47055KTM0000,SHIM,SRK 150 E (CITO),5710,628,6338,MEDIUM,OTHER,1
47060N510000,MUFFLER BUFFER BUSHING II,FORD 250,22820,2510,25330,SLOW,SUSPENSION,1
47100M79000Z,SILENCER ASSEMBLY,AX 180  (VIENTO) ABS,2024840,222732,2247572,MEDIUM,OTHER,1
47100N59040Z,SILENCER ASSEMBLY,FORD 250,4688490,515733,5204223,MEDIUM,OTHER,1
47100P54019Z,MUFFLER AS-FRONT,SRV 250 AMT,1848020,203282,2051302,SLOW,OTHER,1
47100U57000Z,SILENCER WELDING COMPONENTS,SRK 150 E (CITO),1174980,129247,1304227,MEDIUM,OTHER,1
47128P380000,T-SHAPED BUSHING Φ7×Φ9×6,SRK 800 RR,5710,628,6338,MEDIUM,SUSPENSION,1
47200N590040,CYLINDER ASSEMBLY,FORD 250,2692170,296138,2988308,SLOW,ENGINE,1
47200NTH000Z,CYLINDER COMPONENTS,FORT 250  ADVENTURE ABS,2509650,276061,2785711,SLOW,ENGINE,1
47200P950001,MAIN CYLINDER ASSEMBLY,SRK 800 RR,5909090,649999,6559089,SLOW,ENGINE,1
47200PC2000Z,CYLINDER ASSEMBLY II,SRV 600 V,2794840,307432,3102272,SLOW,ENGINE,1
47355L810001,TAIL DECORATIVE COVER,AX 180  (VIENTO) ABS,28520,3137,31657,MEDIUM,BODY,1
47490P540000,GASKET AS-GASKET,SRV 250 AMT,11410,1255,12665,FAST,FASTENER,1
47490PC20000,SEALING GASKET ASSEMBLY,SRV 600 V,11410,1255,12665,FAST,FASTENER,1
47500N590000,EXHAUST PIPE ASSEMBLY,FORD 250,330820,36390,367210,SLOW,OTHER,1
47500NTH0000,EXHAUST PIPE COMPONENTS,FORT 250  ADVENTURE ABS,245270,26979,272249,SLOW,OTHER,1
47500PC2001Z,RIGHT EXHAUST PIPE ASSEMBLY,SRV 600 V,564680,62114,626794,SLOW,OTHER,1
47600N51000Z,MUFFLER HANGING PLATE ASSY,FORD 250,787120,86583,873703,SLOW,OTHER,1
47600PCL0000,SILENCER FIXING BRACKET ASSEMBLY,SRV 250 AL (LIBERO),228150,25096,253246,MEDIUM,OTHER,1
47601M550000,SILENCER HANGING PLATE COMPONENT,AX 180  (VIENTO) ABS,610310,67134,677444,MEDIUM,OTHER,1
47760P54NK00,DECORATIVE COVER COMPONENT/BRIGHT BLACK (NK),SRV 250 AMT,268080,29488,297568,MEDIUM,BODY,1
47761L810000,DECORATIVE COVER I,AX 180  (VIENTO) ABS,57040,6274,63314,MEDIUM,BODY,1
47761N730000,REAR DECORATIVE COVER,Tourino 250 DX,39930,4392,44322,MEDIUM,BODY,1
47761NTH0000,DECORATIVE COVER,FORT 250  ADVENTURE ABS,34230,3765,37995,MEDIUM,BODY,1
47761P950001,DECORATIVE COVER I,SRK 800 RR,39930,4392,44322,MEDIUM,BODY,1
47761PCL0002,TAIL DECORATIVE COVER,SRV 250 AL (LIBERO),119780,13175,132955,MEDIUM,BODY,1
47761U570000,DECORATIVE COVER,SRK 150 E (CITO),28520,3137,31657,MEDIUM,BODY,1
47764PC20000,RIGHT OUTER DECORATIVE COVER,SRV 600 V,22820,2510,25330,MEDIUM,BODY,1
47771L810000,DECORATIVE COVER II,AX 180  (VIENTO) ABS,28520,3137,31657,MEDIUM,BODY,1
47771L81CH00,SILENCER DECORATIVE COVER/LIQUID METAL SILVER (CH),AX 180  (VIENTO) ABS,51340,5647,56987,MEDIUM,BODY,1
47780P950000,DECORATIVE COVER COMPONENT II,SRK 800 RR,62750,6902,69652,MEDIUM,BODY,1
47800G120000,EXHAUST PIPE GASKET,SRK 150 E (CITO),5710,628,6338,FAST,FASTENER,1
47800J060000,GRAPHITE WINDING PAD,FORD 250,5710,628,6338,MEDIUM,OTHER,1
47800P950000,GASKET AS-EXHAUST PIPE,SRK 800 RR,11410,1255,12665,FAST,FASTENER,1
47800PC20000,GRAPHITE WOUND GASKET ASSEMBLY,SRV 600 V,5710,628,6338,FAST,FASTENER,1
47830P130000,CLAMP AS-EXHAUST,FORD 250,34230,3765,37995,FAST,ELECTRICAL,1
47841P540000,EXHAUST MANIFOLD I,SRV 250 AMT,136890,15057,151947,SLOW,OTHER,1
47841PC20000,EXHAUST MANIFOLD I,SRV 600 V,290900,31999,322899,SLOW,OTHER,1
47842PC20000,EXHAUST MANIFOLD II,SRV 600 V,342230,37645,379875,SLOW,OTHER,1
47936S010000,GREY NYLON,SRV 250 AMT,5710,628,6338,MEDIUM,OTHER,1
47A00PC2001Z,REAR RIGHT EXHAUST PIPE ASSEMBLY,SRV 600 V,564680,62114,626794,SLOW,OTHER,1
48020P54MM00,COVER AS-TRIM,SRV 250 AMT,193930,21332,215262,MEDIUM,BODY,1
48041P540000,DECORATIVE COVER THERMAL INSULATION TIN FOIL PAPER I,SRV 250 AMT,45630,5019,50649,FAST,BODY,1
48042P540000,DECORATIVE COVER THERMAL INSULATION TIN FOIL PAPER II,SRV 250 AMT,28520,3137,31657,FAST,BODY,1
48044PC20000,DECORATIVE COVER INSULATION TINFOIL PAPER,SRV 600 V,22820,2510,25330,FAST,BODY,1
48100P54019Z,MUFFLER AS-REAR,SRV 250 AMT,1848020,203282,2051302,SLOW,OTHER,1
48200P950001,CYLINDER ASSEMBLY II,SRK 800 RR,1157870,127365,1285235,SLOW,ENGINE,1
48200PC2000Z,CYLINDER ASSEMBLY I,SRV 600 V,2794840,307432,3102272,SLOW,ENGINE,1
48500PC2001Z,LEFT EXHAUST PIPE ASSEMBLY,SRV 600 V,758600,83446,842046,SLOW,OTHER,1
48617PC20000,RUBBER SLEEVE II,SRV 250 AMT,5710,628,6338,MEDIUM,OTHER,1
48760P54MM00,COVER AS-TRIM,SRV 250 AMT,211040,23214,234254,MEDIUM,BODY,1
48764PC20000,LEFT OUTER DECORATIVE COVER,SRV 600 V,17120,1883,19003,MEDIUM,BODY,1
48830P180000,CLAMP AS,SRK 800 RR,34230,3765,37995,FAST,ELECTRICAL,1
48830P180100,CLAMP AS,SRV 600 V,39930,4392,44322,FAST,ELECTRICAL,1
48841P540000,EXHAUST MANIFOLD II,SRV 250 AMT,136890,15057,151947,SLOW,OTHER,1
48841PC20000,EXHAUST MANIFOLD III,SRV 600 V,302300,33253,335553,SLOW,OTHER,1
48842PC20000,EXHAUST MANIFOLD IV,SRV 600 V,290900,31999,322899,SLOW,OTHER,1
48A00PC2001Z,LEFT REAR EXHAUST PIPE ASSEMBLY,SRV 600 V,558970,61486,620456,SLOW,OTHER,1
49011J040000,OIL PLUG,FORD 250,5710,628,6338,FAST,OIL_FLUID,1
49016B350300,PLATE CLAMP φ8.5×8×0.6,FORD 250,5710,628,6338,FAST,ELECTRICAL,1
49016L800000,PLATE CLAMP ΦELEVEN,SRV 250 AMT,5710,628,6338,FAST,ELECTRICAL,1
49016N070000,STAINLESS STEEL CLAMP 50,AX 180  (VIENTO) ABS,5710,628,6338,FAST,ELECTRICAL,1
49016N250200,PLATE CLAMP Φ15.5×10×1,SRV 600 V,5710,628,6338,FAST,ELECTRICAL,1
49016T970000,PLATE CLAMP/ Φ12×8×0.7,SRK 800 RR,5710,628,6338,FAST,ELECTRICAL,1
49019P950000,LEFT AIR INLET ELBOW,SRK 800 RR,74150,8156,82306,MEDIUM,OTHER,1
49020MT20000,EXHAUST PIPE COMPONENTS,AX 180  (VIENTO) ABS,17120,1883,19003,SLOW,OTHER,1
49020N590002,EXHAUST GAS RECOVERY PIPE ASSEMBLY,FORD 250,22820,2510,25330,SLOW,BODY,1
49020P950000,AIR FILTER SCREW M5,SRV 600 V,5710,628,6338,FAST,ENGINE,1
49023S010000,RUBBER LINING OF AIR FILTER,SRV 600 V,5710,628,6338,FAST,ENGINE,1
49025NT30001,EXHAUST GAS RECOVERY PIPE,FORT 250  ADVENTURE ABS,28520,3137,31657,SLOW,BODY,1
49025P540000,WASTE GAS RECOVERY PIPE,SRV 250 AMT,17120,1883,19003,MEDIUM,BODY,1
49025PC20000,CRANKCASE EXHAUST PIPE,SRV 600 V,17120,1883,19003,SLOW,ENGINE,1
49027P950000,RIGHT INTAKE ELBOW,SRK 800 RR,74150,8156,82306,MEDIUM,OTHER,1
49032PCZ0000,AIR FILTER GUARD PLATE,SRV 250 AL (LIBERO),17120,1883,19003,FAST,ENGINE,1
49100MT20000,AIR FILTER COMPONENT,AX 180  (VIENTO) ABS,222450,24469,246919,FAST,ENGINE,1
49100N590000,AIR FILTER ASSEMBLY,FORD 250,319410,35135,354545,FAST,ENGINE,1
49100NT30000,AIR FILTER ASSEMBLY,FORT 250  ADVENTURE ABS,262380,28861,291241,FAST,ENGINE,1
49100P540004,AIR FILTER ASSEMBLY,SRV 250 AMT,228150,25096,253246,FAST,ENGINE,1
49100P950010,AIR FILTER ASSEMBLY,SRK 800 RR,370750,40782,411532,FAST,ENGINE,1
49100PC20000,AIR FILTER ASSEMBLY,SRV 600 V,319410,35135,354545,FAST,ENGINE,1
49100PCL0001,AIR FILTER ASSEMBLY,SRV 250 AL (LIBERO),815640,89720,905360,FAST,ENGINE,1
49100U570000,AIR FILTER COMPONENT,SRK 150 E (CITO),273780,30115,303895,FAST,ENGINE,1
49200K140000,FILTER ELEMENT COMPONENT,SRK 150 E (CITO),68450,7529,75979,FAST,ENGINE,1
49200L790000,FILTER ELEMENT COMPONENT,AX 180  (VIENTO) ABS,45630,5019,50649,FAST,ENGINE,1
49200N510000,FILTER ELEMENT,FORD 250,57040,6274,63314,FAST,ENGINE,1
49200P540000,FILTER ELEMENT ASSEMBLY,SRV 250 AMT,62750,6902,69652,FAST,ENGINE,1
49200P950000,FILTER ELEMENT ASSEMBLY,SRK 800 RR,102670,11293,113963,FAST,ENGINE,1
49200PC20000,FILTER ELEMENT ASSEMBLY,SRV 600 V,85560,9411,94971,FAST,ENGINE,1
49200PCL0000,FILTER ELEMENT ASSEMBLY,SRV 250 AL (LIBERO),205340,22587,227927,FAST,ENGINE,1
49315N590000,"PIPE,AIR",FORD 250,5710,628,6338,MEDIUM,OTHER,1
49350L350000,CLAMP ASSEMBLY 37-58,FORD 250,5710,628,6338,FAST,ELECTRICAL,1
49350T800000,CLAMP ASSEMBLY 32-44,FORD 250,5710,628,6338,FAST,ELECTRICAL,1
49361TAN0000,AIR FILTER BRACKET,SRK 150 E (CITO),5710,628,6338,FAST,ENGINE,1
49371T620000,SHUTOFF VALVE FLEXIBLE CLAMP,SRV 600 V,5710,628,6338,FAST,ENGINE,1
49371T620001,STOP VALVE CORD CLAMP,SRV 250 AMT,5710,628,6338,FAST,ENGINE,1
49613B720000,SPONGE FOR INTAKE PIPE,FORD 250,5710,628,6338,MEDIUM,OTHER,1
49650S010000,CLAMP 033.1-706R,SRV 600 V,5710,628,6338,FAST,ELECTRICAL,1
49710L790000,CANISTER SOLENOID VALVE,SRK 800 RR,136890,15057,151947,MEDIUM,ENGINE,1
49710N070000,CARBON CANISTER SOLENOID VALVE,SRV 600 V,119780,13175,132955,MEDIUM,ENGINE,1
49710P600000,CARBON CANISTER SOLENOID VALVE,AX 180  (VIENTO) ABS,165410,18195,183605,MEDIUM,ENGINE,1
49760P090000,ELECTRIC CONTROL AIR REPLENISHMENT VALVE,FORD 250,216750,23842,240592,MEDIUM,ENGINE,1
49760P830000,ELECTRIC AIR MAKE-UP VALVE,SRK 800 RR,245270,26979,272249,MEDIUM,ENGINE,1
49804J000400,PLATE CLAMP Φ 17.5×10×1,FORD 250,5710,628,6338,FAST,ELECTRICAL,1
49805B570200,HEAT RESISTANT PIPE CLAMP/ Φ19.3×10×1,SRK 800 RR,5710,628,6338,FAST,ELECTRICAL,1
49805G120400,PLATE CLAMP Φ14.5×12×0.8,FORD 250,5710,628,6338,FAST,ELECTRICAL,1
49806J000400,PLATE CLAMP Φ7×7×0.6,FORD 250,5710,628,6338,FAST,ELECTRICAL,1
49808P950000,CONNECTING PIPE BETWEEN ELECTRIC CONTROL AIR MAKE-UP VALVE AND CYLINDER HEAD,SRK 800 RR,11410,1255,12665,SLOW,ENGINE,1
49810N590000,AIR REPLENISHMENT VALVE AND CYLINDER HEAD CONNECTING PIPE ASSEMBLY,FORD 250,28520,3137,31657,SLOW,ENGINE,1
49810P950000,LEFT CONNECTING PIPE ASSEMBLY OF ELECTRIC AIR MAKE-UP VALVE AND AIR FILTER,SRK 800 RR,22820,2510,25330,FAST,ENGINE,1
49830P540000,UNIDIRECTIONAL VALVE BRACKET ASSEMBLY,SRV 250 AL (LIBERO),22820,2510,25330,MEDIUM,ENGINE,1
49840P950000,RIGHT CONNECTING PIPE ASSEMBLY OF ELECTRIC AIR MAKE-UP VALVE AND AIR FILTER,SRK 800 RR,22820,2510,25330,FAST,ENGINE,1
49851N590000,CONNECTION PIPE BETWEEN AIR REPLENISHMENT VALVE AND SMALL AIR FILTER,FORD 250,11410,1255,12665,FAST,ENGINE,1
49854N59000Z,CHECK VALVE AND OIL TANK CONNECTING PIPE ASSEMBLY II,FORD 250,17120,1883,19003,FAST,ENGINE,1
49855J000400,PLATE CLAMP Φ16.5×10×1,SRV 600 V,5710,628,6338,FAST,ELECTRICAL,1
49855N590000,CONNECTION PIPE III BETWEEN ONE-WAY VALVE AND OIL TANK,FORD 250,5710,628,6338,FAST,ENGINE,1
49859N590000,SMALL AIR FILTER INTAKE PIPE,FORD 250,5710,628,6338,FAST,ENGINE,1
49870K980000,SMALL AIR FILTER ASSEMBLY,FORD 250,17120,1883,19003,FAST,ENGINE,1
49901L750000,VENTILATION DUCTS,AX 180  (VIENTO) ABS,5710,628,6338,MEDIUM,OTHER,1
49902N59000Z,CARBON CANISTER AND ONE-WAY VALVE CONNECTING PIPE ASSEMBLY,FORD 250,5710,628,6338,MEDIUM,ENGINE,1
49902NT30000,POURING VALVE AND CARBON CANISTER CONNECTING PIPE,FORT 250  ADVENTURE ABS,5710,628,6338,MEDIUM,ENGINE,1
49902P540000,CONNECTING PIPE BETWEEN CARBON CANISTER AND DUMP VALVE,SRV 250 AMT,17120,1883,19003,MEDIUM,ENGINE,1
49902P950000,CONNECTING PIPE BETWEEN DUMP VALVE AND CARBON CANISTER,SRK 800 RR,5710,628,6338,MEDIUM,ENGINE,1
49903N59000Z,CARBON TANK CONNECTS TO THROTTLE TUBE ASSEMBLY,FORD 250,17120,1883,19003,SLOW,BODY,1
49903PC20000,CARBON CANISTER SOLENOID VALVE AND THREE-WAY PIPE CONNECTION PIPE,SRV 600 V,11410,1255,12665,MEDIUM,ENGINE,1
49903U570000,THREE WAY PIPE AND TILTING VALVE CONNECTING PIPE,SRK 150 E (CITO),5710,628,6338,MEDIUM,ENGINE,1
49904NT30000,CARBON CANISTER SOLENOID VALVE AND CARBON CANISTER CONNECTING PIPE,FORT 250  ADVENTURE ABS,5710,628,6338,MEDIUM,ENGINE,1
49904PC20000,TEE AND TEE CONNECTION PIPE I,SRV 600 V,5710,628,6338,MEDIUM,OTHER,1
49904U570000,BREATHING VALVE AND THREE-WAY PIPE CONNECTION PIPE,SRK 150 E (CITO),5710,628,6338,MEDIUM,ENGINE,1
49905M550000,FUEL TANK AND THREE-WAY CONNECTING PIPE,AX 180  (VIENTO) ABS,5710,628,6338,SLOW,BODY,1
49905N59000Z,COMPONENT I OF ONE-WAY VALVE AND OIL TANK CONNECTING PIPE,FORD 250,22820,2510,25330,FAST,ENGINE,1
49905NT30000,CONNECTING PIPE BETWEEN FUEL TANK AND CARBON CANISTER,FORT 250  ADVENTURE ABS,11410,1255,12665,SLOW,BODY,1
49905P540000,CONNECTING PIPE BETWEEN DUMP VALVE AND OIL TANK,SRV 250 AMT,5710,628,6338,FAST,ENGINE,1
49905P950000,CONNECTING PIPE BETWEEN OIL FUEL TANK AND DUMP VALVE,SRK 800 RR,5710,628,6338,FAST,ENGINE,1
49905PC20000,TEE AND TEE CONNECTION PIPE II,SRV 600 V,11410,1255,12665,MEDIUM,OTHER,1
49905U570000,POURING VALVE AND CARBON CANISTER CONNECTING PIPE,SRK 150 E (CITO),5710,628,6338,MEDIUM,ENGINE,1
49906L790000,CARBON CANISTER OVERFLOW PIPE,FORT 250  ADVENTURE ABS,5710,628,6338,MEDIUM,OTHER,1
49906M550000,CARBON CANISTER OVERFLOW PIPE,AX 180  (VIENTO) ABS,5710,628,6338,MEDIUM,OTHER,1
49906P950000,CARBON CANISTER OVERFLOW PIPE,SRK 800 RR,11410,1255,12665,MEDIUM,OTHER,1
49906U570000,CONNECTING PIPE BETWEEN FUEL TANK AND THREE-WAY PIPE,SRK 150 E (CITO),11410,1255,12665,SLOW,BODY,1
49907M550000,THREE WAY CONNECTING PIPE AND CARBON CANISTER,AX 180  (VIENTO) ABS,5710,628,6338,MEDIUM,OTHER,1
49907N590000,THREE-WAY PIPE,FORD 250,11410,1255,12665,MEDIUM,OTHER,1
49907U570000,CARBON CANISTER AND ONE-WAY VALVE CONNECTING PIPE,SRK 150 E (CITO),5710,628,6338,MEDIUM,ENGINE,1
49908J860200,PLATE CLAMP Φ9.5×8×0.6,FORD 250,5710,628,6338,FAST,ELECTRICAL,1
49908M550000,BREATHING VALVE AND THREE-WAY CONNECTING PIPE,AX 180  (VIENTO) ABS,5710,628,6338,MEDIUM,ENGINE,1
49908U570000,CONNECTING PIPE BETWEEN ONE-WAY VALVE AND THROTTLE BODY,SRK 150 E (CITO),11410,1255,12665,MEDIUM,ENGINE,1
49909U570000,LEAKAGE PIPE,SRK 150 E (CITO),17120,1883,19003,MEDIUM,OTHER,1
49910J480005,CARBON CANISTER ASSEMBLY,SRV 250 AMT,74150,8156,82306,MEDIUM,OTHER,1
49910T760000,CARBON CANISTER COMPONENTS,AX 180  (VIENTO) ABS,45630,5019,50649,MEDIUM,OTHER,1
49910V300010,CANISTER ASSEMBLY,FORD 250,68450,7529,75979,MEDIUM,OTHER,1
49912K670000,CARBON CANISTER COMBINATION,SRV 600 V,96970,10666,107636,MEDIUM,OTHER,1
49912K670070,CARBON CANISTER COMBINATION,SRK 800 RR,57040,6274,63314,MEDIUM,OTHER,1
49920M550000,CARBON CANISTER SOLENOID VALVE AND THROTTLE VALVE CONNECTING PIPE ASSEMBLY,AX 180  (VIENTO) ABS,11410,1255,12665,MEDIUM,ENGINE,1
49921P250000,CONNECTING PIPE BETWEEN ONE-WAY VALVE AND CARBON CANISTER,SRV 600 V,5710,628,6338,MEDIUM,ENGINE,1
49922KT00000,CARBON CANISTER SOLENOID VALVE AND INTAKE PIPE CONNECTION PIPE,SRV 250 AL (LIBERO),11410,1255,12665,MEDIUM,ENGINE,1
49922M550000,CARBON CANISTER SOLENOID VALVE AND CARBON CANISTER CONNECTING PIPE,AX 180  (VIENTO) ABS,5710,628,6338,MEDIUM,ENGINE,1
49922P250000,CARBON CANISTER AND SOLENOID VALVE CONNECTING PIPE,SRV 600 V,5710,628,6338,MEDIUM,ENGINE,1
49922P950000,CONNECTING PIPE BETWEEN CARBON CANISTER AND SOLENOID VALVE,SRK 800 RR,5710,628,6338,MEDIUM,ENGINE,1
49923NT30000,CARBON CANISTER SOLENOID VALVE AND THROTTLE VALVE CONNECTING PIPE ASSEMBLY,FORT 250  ADVENTURE ABS,5710,628,6338,MEDIUM,ENGINE,1
49923P950000,CARBON CANISTER SOLENOID VALVE AND THROTTLE VALVE CONNECTING PIPE,SRK 800 RR,5710,628,6338,MEDIUM,ENGINE,1
49923PC20000,CONNECTING PIPE BETWEEN THREE-WAY PIPE AND THROTTLE VALVE BODY Ⅰ,SRV 600 V,5710,628,6338,MEDIUM,ENGINE,1
49924P540000,CONNECTING PIPE BETWEEN CARBON CANISTER AND INTAKE PIPE,SRV 250 AMT,22820,2510,25330,MEDIUM,OTHER,1
49930G410000,CHECK VALVE ASSEMBLY,SRV 600 V,22820,2510,25330,MEDIUM,ENGINE,1
49930L750000,BIDIRECTIONAL SAFETY VALVE,FORD 250,57040,6274,63314,MEDIUM,ENGINE,1
49930L750001,UNIDIRECTIONAL VALVE COMPONENT,SRK 150 E (CITO),45630,5019,50649,MEDIUM,ENGINE,1
50002K020000,SENSOR RUBBER PAD,SRV 250 AMT,22820,2510,25330,MEDIUM,ELECTRICAL,1
50005J000000,CUSHION,SRV 250 AMT,5710,628,6338,MEDIUM,OTHER,1
50005P250000,OIL TANK FRONT MOUNTING PAD,SRV 250 AMT,5710,628,6338,FAST,BODY,1
50006J000001,FUEL TANK PAD,SRV 600 V,11410,1255,12665,SLOW,BODY,1
50007J410000,FUEL TANK INSTALLATION PAD,SRK 800 RR,5710,628,6338,SLOW,BODY,1
50007P600010,FUEL TANK BUFFER RUBBER,SRV 600 V,5710,628,6338,SLOW,BODY,1
50007P950000,FUEL TANK BUFFER RUBBER,SRK 800 RR,5710,628,6338,SLOW,BODY,1
50008B420000,THREE-WAY PIPE,FORD 250,5710,628,6338,MEDIUM,OTHER,1
50008K670000,TWO WAY PIPE,SRV 600 V,5710,628,6338,MEDIUM,OTHER,1
50011N510000,WATERPROOF PAD,FORD 250,28520,3137,31657,MEDIUM,OTHER,1
50012H350000,WATERPROOF PAD CONNECTING PIPE,FORD 250,5710,628,6338,MEDIUM,OTHER,1
50012L790000,WATERPROOF PAD CONNECTED TO WATER PIPE,FORT 250  ADVENTURE ABS,11410,1255,12665,MEDIUM,OTHER,1
50013L790000,LEAKAGE PIPE OF BATTERY BOX,FORT 250  ADVENTURE ABS,5710,628,6338,MEDIUM,OTHER,1
50014J900100,RUBBER CUSHION LINING PIPE,SRV 600 V,5710,628,6338,MEDIUM,OTHER,1
50014PDM0000,RUBBER LINER,SRV 250 AMT,11410,1255,12665,MEDIUM,OTHER,1
50015P95BL00,"LEFT FUEL TANK GUARD,BLACK BG",SRK 800 RR,296600,32626,329226,SLOW,BODY,1
50015P95FB00,"LEFT FUEL TANK GUARD,RED FB",SRK 800 RR,296600,32626,329226,SLOW,BODY,1
50015P95RG00,"LEFT FUEL TANK GUARD,RED 2 # RG",SRK 800 RR,296600,32626,329226,SLOW,BODY,1
50015P95X900,"LEFT FUEL TANK GUARD,WHITE X9",SRK 800 RR,245270,26979,272249,SLOW,BODY,1
50015PC2VM01,LEFT FUEL TANK TRIM PANEL,SRV 600 V,165410,18195,183605,SLOW,BODY,1
50016P95BL00,"RIGHT FUEL TANK GUARD,BLACK BL",SRK 800 RR,296600,32626,329226,SLOW,BODY,1
50016P95FB00,"RIGHT FUEL TANK GUARD,RED FB",SRK 800 RR,296600,32626,329226,SLOW,BODY,1
50016P95RG00,"RIGHT FUEL TANK GUARD,RED 2 # RG",SRK 800 RR,296600,32626,329226,SLOW,BODY,1
50016P95X900,"RIGHT FUEL TANK GUARD,WHITE X9",SRK 800 RR,245270,26979,272249,SLOW,BODY,1
50016PC2VM01,FUEL TANK RIGHT TRIM PANEL,SRV 600 V,159710,17568,177278,SLOW,BODY,1
50018L420000,FUEL TANK RUBBER SLEEVE,SRV 600 V,5710,628,6338,SLOW,BODY,1
50020P950000,FUEL TANK FRONT MOUNTING PLATE,SRK 800 RR,22820,2510,25330,SLOW,BODY,1
50023N510000,OIL TANK COVER SPONGE PAD,FORD 250,5710,628,6338,FAST,BODY,1
50026N510000,FUEL TANK CAP LEFT SPRING,FORD 250,5710,628,6338,SLOW,BODY,1
50026P950000,OIL FUEL TANK REAR MOUNTING SHAFT,SRK 800 RR,17120,1883,19003,FAST,BODY,1
50026PCD0000,OIL FUEL TANK INSULATION SPONGE,SRK 800 RR,290900,31999,322899,FAST,BODY,1
50026TA70000,OIL PUMP PRESSING PLATE,FORD 250,11410,1255,12665,FAST,ENGINE,1
50027N510000,FUEL TANK CAP RIGHT SPRING,FORD 250,5710,628,6338,SLOW,BODY,1
50027P540001,TANK MOUNTING PLATE,SRV 250 AMT,22820,2510,25330,SLOW,BODY,1
50027PBD0000,TANK MOUNTING PLATE,SRV 250 AL (LIBERO),22820,2510,25330,SLOW,BODY,1
50028N510000,FUEL TANK COVER SHEATH,FORD 250,17120,1883,19003,SLOW,BODY,1
50028P950000,FUEL TANK INSTALLATION PAD,SRK 800 RR,11410,1255,12665,SLOW,BODY,1
50029PC20000,FUEL TANK INSULATION TINFOIL PAPER,SRV 600 V,68450,7529,75979,FAST,BODY,1
50030P950000,FUEL TANK RUBBER LEFT MOUNTING BASE,SRK 800 RR,17120,1883,19003,SLOW,BODY,1
50040P950000,FUEL TANK RUBBER RIGHT MOUNTING BASE,SRK 800 RR,17120,1883,19003,SLOW,BODY,1
50070M550000,HIGH PRESSURE OIL PIPE COMPONENT,AX 180  (VIENTO) ABS,74150,8156,82306,FAST,OIL_FLUID,1
50070N590000,HIGH PRESSURE OIL PIPE ASSEMBLY I,FORD 250,165410,18195,183605,FAST,OIL_FLUID,1
50070NT30000,HIGH PRESSURE OIL PIPE COMPONENT,FORT 250  ADVENTURE ABS,96970,10666,107636,FAST,OIL_FLUID,1
50070P540000,HIGH PRESSURE OIL PIPE ASSEMBLY,SRV 250 AMT,125490,13803,139293,FAST,OIL_FLUID,1
50070P950000,TUBING ASSEMBLY,SRK 800 RR,114080,12548,126628,MEDIUM,OTHER,1
50070PC20000,HIGH PRESSURE OIL PIPE ASSEMBLY,SRV 600 V,114080,12548,126628,FAST,OIL_FLUID,1
50070U570000,HIGH PRESSURE OIL PIPE COMPONENT,SRK 150 E (CITO),119780,13175,132955,FAST,OIL_FLUID,1
50100M550000,FUEL TANK BODY COMPONENTS,AX 180  (VIENTO) ABS,285190,31370,316560,SLOW,BODY,1
50100N590000,TANK BODY ASSEMBLY,FORD 250,347930,38272,386202,SLOW,BODY,1
50100NT30003,FUEL TANK BODY COMPONENTS,FORT 250  ADVENTURE ABS,616010,67761,683771,SLOW,BODY,1
50100P54069Z,"TANK WELDING ASSEMBLY,BLACK BG,WITH STICKER",SRV 250 AMT,1973500,217085,2190585,SLOW,BODY,1
50100P54070Z,"TANK WELDING ASSEMBLY,SILVERY S6,WITH STICKER",SRV 250 AMT,1973500,217085,2190585,SLOW,BODY,1
50100P54071Z,"TANK WELDING ASSEMBLY,WHITE X9,WITH STICKER",SRV 250 AMT,1973500,217085,2190585,SLOW,BODY,1
50100P95024Z,"FUEL TANK ASSEMBLY, RED 2 # RG,WITH STICKER",SRK 800 RR,2047650,225241,2272891,SLOW,BODY,1
50100P95025Z,"FUEL TANK ASSEMBLY, BLACK BL STICKERS,WITH STICKER",SRK 800 RR,2047650,225241,2272891,SLOW,BODY,1
50100P95026Z,"FUEL TANK ASSEMBLY, WHITE X9 STICKERS,WITH STICKER",SRK 800 RR,2047650,225241,2272891,SLOW,BODY,1
50100P95027Z,"FUEL TANK COMPONENTS, RED FB STICKERS,WITH STICKER",SRK 800 RR,2047650,225241,2272891,SLOW,BODY,1
50100PC2001Z,"TANK ASSEMBLY,BLACK BL,WITH STICKER",SRV 600 V,2926030,321863,3247893,SLOW,BODY,1
50100PC2006Z,"TANK ASSEMBLY,SILVERY S6,WITH STICKER",SRV 600 V,2583800,284218,2868018,SLOW,BODY,1
50100PC2007Z,"TANK ASSEMBLY,BLACK NJ,WITH STICKER",SRV 600 V,2583800,284218,2868018,SLOW,BODY,1
50100PCZ015Z,"TANK BODY ASSEMBLY，BLACK BL,WITH STICKER",SRV 250 AL (LIBERO),2156020,237162,2393182,SLOW,BODY,1
50100PCZ016Z,"TANK BODY ASSEMBLY，BLACK NJ,WITH STICKER",SRV 250 AL (LIBERO),2156020,237162,2393182,SLOW,BODY,1
50100PCZ017Z,"TANK BODY ASSEMBLY，GRAY JE,WITH STICKER",SRV 250 AL (LIBERO),2156020,237162,2393182,SLOW,BODY,1
50100PCZ025Z,"TANK BODY ASSEMBLY，BLACK BL,WITH STICKER",SRV 250 AL (LIBERO),2190240,240926,2431166,SLOW,BODY,1
50100PCZ026Z,"TANK BODY ASSEMBLY，BLACK NJ,WITH STICKER",SRV 250 AL (LIBERO),2190240,240926,2431166,SLOW,BODY,1
50100PCZ027Z,"TANK BODY ASSEMBLY，GRAY JE,WITH STICKER",SRV 250 AL (LIBERO),2190240,240926,2431166,SLOW,BODY,1
50100U570000,FUEL TANK BODY COMPONENTS,SRK 150 E (CITO),353640,38900,392540,SLOW,BODY,1
50106P540002,INSTALLATION PLATE BEHIND THE FUEL TANK,SRV 250 AL (LIBERO),22820,2510,25330,SLOW,BODY,1
50138K980000,FRONT MOUNTING SEAT OF SEAT CUSHION,SRV 600 V,5710,628,6338,MEDIUM,BODY,1
50170PC20000,OIL TANK REAR MOUNTING PLATE ASSEMBLY,SRV 600 V,22820,2510,25330,FAST,BODY,1
50200N510000,CAP AS-FUEL TANK,FORD 250,57040,6274,63314,SLOW,BODY,1
50200NT30003,FUEL TANK CAP ASSEMBLY,FORT 250  ADVENTURE ABS,28520,3137,31657,SLOW,BODY,1
50200TA20000,FUEL TANK CAP ASSEMBLY,AX 180  (VIENTO) ABS,28520,3137,31657,SLOW,BODY,1
50213N510000,LEFT ROCKER ARM OF FUEL TANK COVER,FORD 250,11410,1255,12665,SLOW,BODY,1
50214N510000,RIGHT ROCKER ARM OF FUEL TANK COVER,FORD 250,11410,1255,12665,SLOW,BODY,1
50215N510000,ROCKER ARM PRESSING PLATE OF OIL TANK COVER,FORD 250,5710,628,6338,FAST,BODY,1
50221J000101,SUPPORT SLEEVE,SRV 600 V,5710,628,6338,MEDIUM,OTHER,1
50222J000001,RUBBER SLEEVE,SRV 600 V,5710,628,6338,MEDIUM,OTHER,1
50230N510000,LOCK AS-TANK CAP,FORD 250,74150,8156,82306,SLOW,BODY,1
50235N510000,FUEL TANK CAP LATCH,FORD 250,11410,1255,12665,SLOW,BODY,1
50240L790001,BRACKET AS-TANK CAP LOCK,FORT 250  ADVENTURE ABS,39930,4392,44322,SLOW,BODY,1
50240N510000,OILER ASSEMBLY,FORD 250,108380,11921,120301,FAST,OIL_FLUID,1
50260T730000,DUMP VALVE,FORD 250,22820,2510,25330,MEDIUM,ENGINE,1
50260T730003,VALVE AS-DUMP,SRV 250 AMT,22820,2510,25330,MEDIUM,ENGINE,1
50302N510000,CONNECTING PIPE BETWEEN OIL TANK AND FILLER,FORD 250,22820,2510,25330,FAST,BODY,1
50305M550000,LEAK OIL PIPE,AX 180  (VIENTO) ABS,5710,628,6338,FAST,OIL_FLUID,1
50306J690000,CLAMP 13.3-706R,SRV 600 V,5710,628,6338,FAST,ELECTRICAL,1
50306T450300,PLATE CLAMP Ф8,FORD 250,5710,628,6338,FAST,ELECTRICAL,1
50307J140300,PLATE CLAMP,SRV 250 AMT,5710,628,6338,FAST,ELECTRICAL,1
50307J140302,PLATE CLAMP φ10,FORD 250,5710,628,6338,FAST,ELECTRICAL,1
50400KTE0000,FUEL PUMP,AX 180  (VIENTO) ABS,513340,56467,569807,MEDIUM,OTHER,1
50400N510000,FUEL PUMP,FORD 250,627420,69016,696436,MEDIUM,OTHER,1
50400P540000,FUEL PUMP,SRV 250 AMT,581790,63996,645786,MEDIUM,OTHER,1
50400P950000,FUEL PUMP,SRK 800 RR,616010,67761,683771,MEDIUM,OTHER,1
50400PC20000,OIL PUMP ASSEMBLY,SRV 600 V,536160,58977,595137,FAST,ENGINE,1
50400PCZ0000,FUEL PUMP,SRV 250 AL (LIBERO),507640,55840,563480,MEDIUM,OTHER,1
50400U570000,FUEL PUMP COMPONENTS,SRK 150 E (CITO),513340,56467,569807,MEDIUM,OTHER,1
50411P790000,FUEL PUMP PRESSURE PLATE,SRK 800 RR,17120,1883,19003,MEDIUM,OTHER,1
50800M790000,FUEL LEVEL SENSOR,AX 180  (VIENTO) ABS,96970,10666,107636,MEDIUM,ELECTRICAL,1
50800NT30000,OIL LEVEL SENSOR,FORT 250  ADVENTURE ABS,416380,45801,462181,FAST,ELECTRICAL,1
50800P540001,OIL LEVEL SENSOR,SRV 250 AMT,119780,13175,132955,FAST,ELECTRICAL,1
50800PC20000,OIL LEVEL SENSOR,SRV 600 V,114080,12548,126628,FAST,ELECTRICAL,1
50800PCZ0000,OIL LEVEL SENSOR,SRV 250 AL (LIBERO),108380,11921,120301,FAST,ELECTRICAL,1
50811T820000,SENSOR RUBBER PAD,AX 180  (VIENTO) ABS,5710,628,6338,MEDIUM,ELECTRICAL,1
50920S070000,SENSOR CABLE LATCHES,FORD 250,5710,628,6338,FAST,ELECTRICAL,1
50921TAJ0000,WHEEL SPEED LINE FIXING BUCKLE,AX 180  (VIENTO) ABS,5710,628,6338,MEDIUM,OTHER,1
51004L790001,HELMET BARREL,FORT 250  ADVENTURE ABS,193930,21332,215262,MEDIUM,OTHER,1
51004M790000,HELMET BUCKET,AX 180  (VIENTO) ABS,233860,25724,259584,MEDIUM,OTHER,1
51004N510000,HELMET BARREL,FORD 250,250970,27606,278576,MEDIUM,OTHER,1
51007M790000,HELMET BUCKET DECORATIVE PANEL,AX 180  (VIENTO) ABS,17120,1883,19003,MEDIUM,BODY,1
51009N510000,HELMET BARREL TAIL COVER,FORD 250,5710,628,6338,MEDIUM,BODY,1
51018N510000,HELMET BARREL PARTITION,FORD 250,11410,1255,12665,MEDIUM,OTHER,1
51022L790000,HELMET BARREL SCREW SLEEVE,FORT 250  ADVENTURE ABS,11410,1255,12665,FAST,FASTENER,1
51022P540000,SEAT CUSHION LOWER DECORATIVE COVER,SRV 250 AL (LIBERO),28520,3137,31657,MEDIUM,BODY,1
51029N510000,HELMET BARREL INSULATION TIN FOIL,FORD 250,74150,8156,82306,FAST,OIL_FLUID,1
51071N510000,GAS SPRING MOUNTING PLATE I,FORD 250,5710,628,6338,MEDIUM,OTHER,1
51072N510000,GAS SPRING MOUNTING PLATE II,FORD 250,5710,628,6338,MEDIUM,OTHER,1
51100L790000,CUSHION ASSEMBLY,FORT 250  ADVENTURE ABS,610310,67134,677444,MEDIUM,OTHER,1
51100M790010,SEAT CUSHION COMPONENT,AX 180  (VIENTO) ABS,490530,53958,544488,MEDIUM,BODY,1
51100N470000,SEAT CUSHION ASSEMBLY,SRV 250 AMT,330820,36390,367210,MEDIUM,BODY,1
51100N510000,SEAT CUSHION ASSEMBLY,FORD 250,998160,109797,1107957,MEDIUM,BODY,1
51100P950000,FRONT SEAT CUSHION ASSEMBLY,SRK 800 RR,330820,36390,367210,MEDIUM,BODY,1
51100PC20000,FRONT SEAT CUSHION ASSEMBLY,SRV 600 V,393560,43291,436851,MEDIUM,BODY,1
51100U570000,FRONT SEAT CUSHION ASSEMBLY,SRK 150 E (CITO),250970,27606,278576,MEDIUM,BODY,1
51103V030000,CUSHION CUSHION RUBBER RING,SRV 250 AMT,5710,628,6338,MEDIUM,OTHER,1
51104P950000,CUSHION CUSHION RUBBER II,SRK 800 RR,5710,628,6338,MEDIUM,OTHER,1
51120U570000,CLIMBING COMPONENTS,SRK 150 E (CITO),17120,1883,19003,MEDIUM,OTHER,1
51200N470000,SEAT CUSHION LOWER TRIM COVER,SRV 250 AMT,205340,22587,227927,MEDIUM,BODY,1
51200P950000,REAR SEAT CUSHION ASSEMBLY,SRK 800 RR,330820,36390,367210,MEDIUM,BODY,1
51200PC20000,REAR SEAT CUSHION,SRV 600 V,273780,30115,303895,MEDIUM,BODY,1
51200PCZ0000,REAR SEAT CUSHION ASSEMBLY,SRV 250 AL (LIBERO),296600,32626,329226,MEDIUM,BODY,1
51200U570000,REAR SEAT CUSHION COMPONENT,SRK 150 E (CITO),193930,21332,215262,MEDIUM,BODY,1
51700N510000,CUSHION GAS SPRING ASSEMBLY,FORD 250,131190,14430,145620,MEDIUM,OTHER,1
52002N51BG00,"REAR ARMRESTMATTE,BLACK (BG)",FORD 250,718680,79054,797734,MEDIUM,OTHER,1
52019M550000,INSTALL LINING IN FRONT OF THE REAR SHELF,AX 180  (VIENTO) ABS,28520,3137,31657,MEDIUM,OTHER,1
52102L790102,REAR RACK,FORT 250  ADVENTURE ABS,616010,67761,683771,MEDIUM,OTHER,1
53001B230100,REAR SWING ARM INSTALLATION AXIS M10×1.25×232,AX 180  (VIENTO) ABS,22820,2510,25330,SLOW,SUSPENSION,1
53001J040104,REAR SWING ARM INSTALLATION SHAFT,FORT 250  ADVENTURE ABS,28520,3137,31657,SLOW,SUSPENSION,1
53001M550000,REAR SWING ARM INSTALLATION AXIS M12×1.25×328,AX 180  (VIENTO) ABS,34230,3765,37995,SLOW,SUSPENSION,1
53001P060001,REAR SWING ARM MOUNTING SHAFT,SRV 250 AMT,142600,15686,158286,SLOW,SUSPENSION,1
53001P160001,REAR SWING ARM SHAFT,SRK 800 RR,165410,18195,183605,SLOW,SUSPENSION,1
53001P540000,REAR SWING ARM SHAFT,SRV 250 AMT,57040,6274,63314,SLOW,SUSPENSION,1
53001PBD0000,REAR SWING ARM SHAFT,SRV 250 AL (LIBERO),51340,5647,56987,SLOW,SUSPENSION,1
53004P950000,CHAIN GUARD BLOCK,SRK 800 RR,74150,8156,82306,FAST,BODY,1
53005N220000,REAR SWING ARM SLEEVE,SRV 250 AMT,22820,2510,25330,SLOW,SUSPENSION,1
53006P370000,SWING ARM OUTER SLEEVE,SRV 600 V,17120,1883,19003,SLOW,SUSPENSION,1
53006P810000,REAR SWING ARM LEFT BUSHING,SRV 600 V,28520,3137,31657,SLOW,SUSPENSION,1
53006P950000,OUTER BUSHING OF REAR SWING ARM,SRK 800 RR,11410,1255,12665,SLOW,SUSPENSION,1
53006PBD0000,REAR SWING ARM SLEEVE,SRV 250 AL (LIBERO),22820,2510,25330,SLOW,SUSPENSION,1
53007P370000,MIDDLE BUSHING OF RIGHT SWING ARM,SRV 600 V,28520,3137,31657,SLOW,SUSPENSION,1
53007P810000,REAR SWING ARM RIGHT INNER BUSHING,SRV 600 V,34230,3765,37995,SLOW,SUSPENSION,1
53010P950000,INTERMEDIATE SPACER ASSEMBLY OF REAR SWING ARM,SRK 800 RR,51340,5647,56987,SLOW,SUSPENSION,1
53016P950000,CHAIN GUARD BLOCK MOUNTING GASKET,SRK 800 RR,5710,628,6338,FAST,BODY,1
53017P410000,REAR SWING ARM PLUG,SRK 800 RR,5710,628,6338,FAST,SUSPENSION,1
53021P250000,SUPPORT SLEEVE,SRV 250 AMT,22820,2510,25330,MEDIUM,OTHER,1
53100P54001Z,REAR SWING ARM ASSEMBLY,SRV 250 AMT,1112240,122346,1234586,SLOW,SUSPENSION,1
53100P95000Z,REAR SWING ARM ASSEMBLY,SRK 800 RR,4665670,513223,5178893,SLOW,SUSPENSION,1
53100PBD0000,REAR SWING ARM WELDING ASSEMBLY,SRV 250 AL (LIBERO),1049490,115443,1164933,SLOW,SUSPENSION,1
53100PC2000Z,REAR SWING ARM ASSEMBLY,SRV 600 V,1351790,148696,1500486,SLOW,SUSPENSION,1
53100PCL000Z,REAR SWING ARM ASSEMBLY,SRV 250 AL (LIBERO),1237720,136149,1373869,SLOW,SUSPENSION,1
53101P950000,REAR SWING ARM,SRK 800 RR,4095300,450483,4545783,SLOW,SUSPENSION,1
53151P950000,CHAIN COVER MOUNTING PLATE,SRK 800 RR,5710,628,6338,FAST,BODY,1
53186S010010,RUBBER SLEEVE,FORD 250,5710,628,6338,MEDIUM,OTHER,1
53210J060000,BEARING OIL SEAL,SRV 250 AMT,5710,628,6338,FAST,SUSPENSION,1
53220J690000,DUST RING ASSEMBLY,SRV 250 AMT,5710,628,6338,MEDIUM,OTHER,1
53220P100000,LIP SEAL ASSEMBLY 25×37×7,SRK 800 RR,5710,628,6338,FAST,FASTENER,1
53220P370000,REAR SWING ARM OIL SEAL ASSEMBLY,SRV 600 V,5710,628,6338,FAST,SUSPENSION,1
53220PT70000,DUST RING ASSEMBLY,FORT 250  ADVENTURE ABS,11410,1255,12665,MEDIUM,OTHER,1
53220S010000,REAR SWING ARM SEAL RING,FORD 250,11410,1255,12665,FAST,SUSPENSION,1
53230P540000,CHAIN REGULATOR ASSEMBLY,SRV 250 AMT,34230,3765,37995,FAST,DRIVE,1
53230PBD0000,CHAIN ADJUSTER ASSEMBLY,SRV 250 AL (LIBERO),28520,3137,31657,FAST,DRIVE,1
53231P360000,CHAIN ADJUSTMENT BLOCK,SRV 600 V,96970,10666,107636,FAST,DRIVE,1
53234K980000,CHAIN REGULATOR PRESSING PLATE,SRV 250 AMT,17120,1883,19003,FAST,DRIVE,1
53234PBDBG00,CHAIN REGULATOR PRESSURE PLATE,SRV 250 AL (LIBERO),28520,3137,31657,FAST,DRIVE,1
54004P060001,REAR WHEEL AXLE,SRV 600 V,165410,18195,183605,MEDIUM,OTHER,1
54004P250010,REAR AXLE,SRK 800 RR,673050,74035,747085,MEDIUM,OTHER,1
54004PBD0000,REAR SWING ARM MOUNTING SHAFT,SRV 250 AL (LIBERO),136890,15057,151947,SLOW,SUSPENSION,1
54005M550000,REAR AXLE LINER I,AX 180  (VIENTO) ABS,22820,2510,25330,MEDIUM,OTHER,1
54005P060000,REAR WHEEL LINER,SRV 600 V,28520,3137,31657,MEDIUM,OTHER,1
54005P100100,REAR WHEEL RIGHT BUSHING,SRV 250 AMT,11410,1255,12665,MEDIUM,SUSPENSION,1
54005P250003,REAR RIGHT SPACER SLEEVE,SRK 800 RR,28520,3137,31657,MEDIUM,OTHER,1
54005P290000,REAR RIGHT AXLE SLEEVE,SRK 800 RR,34230,3765,37995,MEDIUM,OTHER,1
54005P290001,REAR WHEEL SPACER SLEEVE,SRK 800 RR,57040,6274,63314,MEDIUM,OTHER,1
54006P160000,REAR WHEEL INTERMEDIATE SHAFT SLEEVE,SRV 600 V,28520,3137,31657,SLOW,OTHER,1
54006P540000,REAR WHEEL MIDDLE SPACER SLEEVE,SRV 250 AMT,17120,1883,19003,MEDIUM,OTHER,1
54006S010010,BEARING BUSHING,SRV 600 V,5710,628,6338,FAST,SUSPENSION,1
54016N510000,MUFFLER HANGING PLATE LEFT SHAFT SLEEVE,FORD 250,57040,6274,63314,SLOW,OTHER,1
54016P100100,REAR WHEEL SLEEVE I,FORT 250  ADVENTURE ABS,22820,2510,25330,MEDIUM,OTHER,1
54016P540001,REAR WHEEL LEFT AXLE SLEEVE,SRV 250 AMT,39930,4392,44322,MEDIUM,OTHER,1
54016PC20000,REAR LEFT AXLE SLEEVE,SRV 600 V,28520,3137,31657,MEDIUM,OTHER,1
54016TAB0000,LEFT REAR WHEEL LINER,SRK 150 E (CITO),17120,1883,19003,MEDIUM,OTHER,1
54018J04000A,SHIM,SRV 250 AMT,5710,628,6338,MEDIUM,OTHER,1
54018P950000,COPPER PAD Φ44×Φ34×0.2,SRK 800 RR,5710,628,6338,MEDIUM,OTHER,1
54019P300010,SELF-LOCKING NUT M24×1.5,SRK 800 RR,22820,2510,25330,FAST,FASTENER,1
54024P160001,REAR WHEEL BUFFER,SRV 250 AMT,17120,1883,19003,MEDIUM,OTHER,1
54024PC20000,REAR WHEEL BUFFER BLOCK,SRV 600 V,11410,1255,12665,MEDIUM,OTHER,1
54035T020000,STOP BLOCK,SRV 250 AMT,5710,628,6338,MEDIUM,OTHER,1
54100M550000,REAR WHEEL RIM ASSEMBLY,AX 180  (VIENTO) ABS,827050,90975,918025,SLOW,OTHER,1
54100M55RG00,REAR WHEEL RIM ASSEMBLY,AX 180  (VIENTO) ABS,855570,94112,949682,SLOW,OTHER,1
54100N510000,REAR WHEEL RIM ASSEMBLY,FORD 250,1060900,116699,1177599,SLOW,OTHER,1
54100NT30001,REAR WHEEL RIM ASSEMBLY,FORT 250  ADVENTURE CBS,986750,108542,1095292,SLOW,OTHER,1
54100NT5000Z,REAR WHEEL RIM ASSEMBLY,FORT 250  ADVENTURE ABS,4523080,497538,5020618,SLOW,OTHER,1
54100P54001Z,RIM AS-REAR WHEEL,SRV 250 AMT,1283350,141168,1424518,MEDIUM,OTHER,1
54100PAK001Z,REAR WHEEL RIM ASSEMBLY,SRK 800 RR,1876540,206419,2082959,SLOW,OTHER,1
54100PBD000Z,RIM AS-REAR WHEEL,SRV 250 AL (LIBERO),1328980,146187,1475167,MEDIUM,OTHER,1
54100PC2000Z,REAR WHEEL RIM ASSEMBLY,SRV 600 V,1733940,190733,1924673,SLOW,OTHER,1
54100TABBG01,REAR WHEEL RIM ASSEMBLY,SRK 150 E (CITO),530450,58349,588799,SLOW,OTHER,1
54300P160000,OIL SEAL,SRV 250 AMT,17120,1883,19003,FAST,OIL_FLUID,1
54551S010000,REAR WHEEL MIDDLE SPACER SLEEVE,SRK 800 RR,51340,5647,56987,MEDIUM,OTHER,1
54553S010000,BEARING 30×62×23.8,SRK 800 RR,125490,13803,139293,FAST,SUSPENSION,1
54600NT3000Z,REAR SHOCK ABSORBER HANGING PLATE COMPONENT,FORT 250  ADVENTURE ABS,707270,77799,785069,SLOW,SUSPENSION,1
54600U570000,SILENCER HANGING PLATE,SRK 150 E (CITO),439190,48310,487500,MEDIUM,OTHER,1
54602L790000,REAR WHEEL SLEEVE II,AX 180  (VIENTO) ABS,11410,1255,12665,MEDIUM,OTHER,1
54605N510000,MUFFLER HANGING PLATE RIGHT SHAFT SLEEVE,FORD 250,22820,2510,25330,SLOW,OTHER,1
54605T800100,HANGING PLATE RIGHT SHAFT SLEEVE,SRK 150 E (CITO),11410,1255,12665,SLOW,OTHER,1
54611NT30000,REAR SHOCK ABSORBER HANGING PLATE,FORT 250  ADVENTURE ABS,598900,65879,664779,SLOW,SUSPENSION,1
54622S010000,REAR WHEEL BUFFER SLEEVE,SRK 800 RR,17120,1883,19003,MEDIUM,OTHER,1
54630N510000,HANGING PLATE BUFFER BUSHING,FORD 250,45630,5019,50649,MEDIUM,SUSPENSION,1
54990PC20000,VACUUM TIRE 180/65-16,SRV 600 V,2372760,261003,2633763,MEDIUM,OTHER,1
55014NT30000,UP SLIDING AXIS,FORT 250  ADVENTURE ABS,28520,3137,31657,MEDIUM,OTHER,1
55014P100000,GUIDE PILLAR 1,SRV 250 AMT,17120,1883,19003,MEDIUM,OTHER,1
55016P100000,GUIDE PILLAR DUST COVER,SRV 250 AMT,5710,628,6338,MEDIUM,BODY,1
55019P300100,VENT NOZZLE,SRV 600 V,5710,628,6338,MEDIUM,OTHER,1
55020L810000,LEFT HANDLE ASSEMBLY,SRV 250 AMT,142600,15686,158286,MEDIUM,OTHER,1
55020N510002,LEFT HANDLE,FORD 250,193930,21332,215262,MEDIUM,OTHER,1
55022L790000,LEFT HANDLE,FORT 250  ADVENTURE CBS,34230,3765,37995,MEDIUM,OTHER,1
55022M550000,REAR HYDRAULIC BRAKE LEVER,AX 180  (VIENTO) ABS,45630,5019,50649,FAST,BRAKE,1
55022M790000,LEFT HANDLE,AX 180  (VIENTO) CBS,45630,5019,50649,MEDIUM,OTHER,1
55022U570000,LEFT JOYSTICK,SRK 150 E (CITO),45630,5019,50649,MEDIUM,OTHER,1
55030M550000,REAR BRAKE DISC ASSEMBLY,AX 180  (VIENTO) ABS,188230,20705,208935,FAST,BRAKE,1
55030P090001,DISC AS-REAR BRAKE,SRV 250 AMT,433490,47683,481173,FAST,BRAKE,1
55030P160000,REAR BRAKE DISC ASSEMBLY,SRK 800 RR,467710,51448,519158,FAST,BRAKE,1
55030P530000,REAR BRAKE DISC ASSEMBLY,SRV 600 V,393560,43291,436851,FAST,BRAKE,1
55030TAJ0000,BRAKE DISC ASSEMBLY,SRK 150 E (CITO),142600,15686,158286,FAST,BRAKE,1
55032P100000,COMBINING BOLTS,SRV 250 AMT,5710,628,6338,FAST,FASTENER,1
55033L790000,REAR BRAKE DISC,FORT 250  ADVENTURE ABS,154010,16941,170951,FAST,BRAKE,1
55033M550000,REAR BRAKE DISC ASSEMBLY,AX 180  (VIENTO) CBS,154010,16941,170951,FAST,BRAKE,1
55033N510000,REAR BRAKE DISC,FORD 250,336530,37018,373548,FAST,BRAKE,1
55035N510000,FRONT HYDRAULIC BRAKE PIPELINE CLAMP,FORD 250,5710,628,6338,FAST,BRAKE,1
55037P250100,ABS OIL PIPE BOLT M10×ONE×THIRTY,FORD 250,5710,628,6338,FAST,OIL_FLUID,1
55037P300100,OIL PIPE INSTALLATION BOLTS,SRK 800 RR,5710,628,6338,FAST,OIL_FLUID,1
55040P950000,REAR HYDRAULIC BRAKE CLAMP ASSEMBLY,SRK 800 RR,11410,1255,12665,FAST,BRAKE,1
55045L790000,REAR FLUID BRAKE CABLE CLAMP III,AX 180  (VIENTO) ABS,11410,1255,12665,FAST,BRAKE,1
55053NT30000,LOWER SLIDING AXIS,FORT 250  ADVENTURE ABS,28520,3137,31657,MEDIUM,OTHER,1
55053P100000,GUIDE PILLAR 2,SRV 250 AMT,17120,1883,19003,MEDIUM,OTHER,1
55061M210000,FOOT PUMP PLUNGER SCREW,SRK 800 RR,5710,628,6338,FAST,FASTENER,1
55065E070000,TUBING,SRV 250 AMT,262380,28861,291241,MEDIUM,OTHER,1
55065J000000,THE TUBING 3.5×7.5,SRV 250 AMT,228150,25096,253246,MEDIUM,OTHER,1
55065J000001,OIL PIPE 4.5×8.5,FORD 250,262380,28861,291241,FAST,OIL_FLUID,1
55065J000004,INLET PRESSURE SENSOR HOSE,SRV 600 V,233860,25724,259584,MEDIUM,ELECTRICAL,1
55065T030000,TUBING 4×8,SRK 150 E (CITO),262380,28861,291241,MEDIUM,OTHER,1
55110N510001,THE FRICTION PLATE (REAR),FORD 250,233860,25724,259584,FAST,OTHER,1
55110NA70000,PAD ASSY BRAKE RR,Tourino 250 DX,68450,7529,75979,FAST,BRAKE,1
55110NT30000,THE FRICTION PLATE,FORT 250  ADVENTURE ABS,205340,22587,227927,FAST,OTHER,1
55110P380001,BRAKE SHOE ASSEMBLY,SRV 600 V,553270,60859,614129,FAST,BRAKE,1
55120L790020,REAR BRAKE SHOE ASSEMBLY,SRV 250 AMT,165410,18195,183605,FAST,BRAKE,1
55120P360000,REAR FRICTION PLATE,SRK 800 RR,1157870,127365,1285235,FAST,OTHER,1
55140P260000,REAR OIL CUP ASSEMBLY,SRV 600 V,22820,2510,25330,FAST,OIL_FLUID,1
55140P950000,OIL CUP INSTALLATION PLATE ASSEMBLY,SRK 800 RR,11410,1255,12665,FAST,OIL_FLUID,1
55210M79000C,CBS BRAKE HOSE ASSY.I,AX 180  (VIENTO) CBS,51340,5647,56987,FAST,BRAKE,1
55240L810001,REAR HYDRAULIC BRAKE OIL PIPE ASSEMBLY I,FORT 250  ADVENTURE ABS,142600,15686,158286,FAST,BRAKE,1
55240M550000,REAR FLUID BRAKE INLET PIPE COMPONENT,AX 180  (VIENTO) ABS,68450,7529,75979,FAST,BRAKE,1
55240M79000C,CBS BRAKE HOSE ASSY.II,AX 180  (VIENTO) CBS,57040,6274,63314,FAST,BRAKE,1
55240N510001,REAR BRAKE OIL PIPE ASSEMBLY,FORD 250,165410,18195,183605,FAST,BRAKE,1
55240NTK0000,CBS BRAKE HOSE ASSY.I,FORT 250  ADVENTURE CBS,108380,11921,120301,FAST,BRAKE,1
55240P950000,REAR HYDRAULIC BRAKE OIL PIPE ASSEMBLY I,SRK 800 RR,159710,17568,177278,FAST,BRAKE,1
55240PC20000,REAR HYDRAULIC BRAKE OIL PIPE ASSEMBLY I,SRV 600 V,228150,25096,253246,FAST,BRAKE,1
55240PDM0000,REAR HYDRAULIC BRAKE INLET PIPE ASSEMBLY,SRV 250 AMT,245270,26979,272249,FAST,BRAKE,1
55240U570000,REAR BRAKE INLET PIPE COMPONENT,SRK 150 E (CITO),131190,14430,145620,FAST,BRAKE,1
55270L810001,REAR HYDRAULIC BRAKE OIL PIPE ASSEMBLY II,FORT 250  ADVENTURE ABS,427790,47056,474846,FAST,BRAKE,1
55270M550000,REAR FLUID BRAKE OIL OUTLET PIPE COMPONENT,AX 180  (VIENTO) ABS,359340,39527,398867,FAST,BRAKE,1
55270M79000C,CBS BRAKE HOSE ASSY.III,AX 180  (VIENTO) CBS,228150,25096,253246,FAST,BRAKE,1
55270N510000,REAR BRAKE OIL PIPE,FORD 250,456300,50193,506493,FAST,BRAKE,1
55270NTK0000,CBS BRAKE HOSE ASSY.III,FORT 250  ADVENTURE CBS,296600,32626,329226,FAST,BRAKE,1
55270P540001,REAR HYDRAULIC BRAKE OIL PIPE ASSEMBLY II,SRV 250 AMT,313710,34508,348218,FAST,BRAKE,1
55270P950000,REAR HYDRAULIC BRAKE OIL PIPE ASSEMBLY II,SRK 800 RR,239560,26351,265911,FAST,BRAKE,1
55270PBD0001,REAR FLUID BRAKE OIL PIPE ASSEMBLY II,SRV 250 AL (LIBERO),313710,34508,348218,FAST,BRAKE,1
55270PC20000,REAR HYDRAULIC BRAKE OIL PIPE ASSEMBLY II,SRV 600 V,250970,27606,278576,FAST,BRAKE,1
55270U570000,REAR BRAKE OIL OUTLET PIPE COMPONENT,SRK 150 E (CITO),165410,18195,183605,FAST,BRAKE,1
55300L790000,REAR BRAKE SWITCH ASSEMBLY,FORT 250  ADVENTURE CBS,39930,4392,44322,FAST,BRAKE,1
55300L810000,REAR HYDRAULIC BRAKE SWITCH ASSEMBLY,SRV 250 AMT,39930,4392,44322,FAST,BRAKE,1
55300M550000,REAR BRAKE SWITCH COMPONENT,AX 180  (VIENTO) ABS,28520,3137,31657,FAST,BRAKE,1
55300N510002,BRAKE SWITCH,FORD 250,11410,1255,12665,FAST,BRAKE,1
55300P180000,REAR BRAKE PRESSURE SWITCH,SRV 600 V,131190,14430,145620,FAST,BRAKE,1
55300P410000,REAR BRAKE PRESSURE SWITCH,SRK 800 RR,79860,8784,88644,FAST,BRAKE,1
55300T430000,REAR BRAKE SWITCH ASSEMBLY,AX 180  (VIENTO) CBS,11410,1255,12665,FAST,BRAKE,1
55300U570000,REAR BRAKE SWITCH,SRK 150 E (CITO),11410,1255,12665,FAST,BRAKE,1
55400L810010,REAR OIL PUMP BODY ASSEMBLY,SRV 250 AMT,359340,39527,398867,FAST,ENGINE,1
55400L81001Z,REAR OIL PUMP BODY COMPONENT,SRV 250 AL (LIBERO),393560,43291,436851,FAST,ENGINE,1
55400M550000,REAR FLUID BRAKE UPPER PUMP COMPONENT,AX 180  (VIENTO) ABS,216750,23842,240592,FAST,BRAKE,1
55400M790000,FRONT BRAKE MASTER CYLINDER ASSY.,AX 180  (VIENTO) CBS,216750,23842,240592,FAST,BRAKE,1
55400M79000Z,CBS MASTER CYLINDER ASSY.,AX 180  (VIENTO) CBS,182520,20077,202597,SLOW,ENGINE,1
55400N510004,REAR HYDRAULIC BRAKE UPPER PUMP ASSEMBLY,FORD 250,541860,59604,601464,FAST,BRAKE,1
55400NTK0000,FRONT BRAKE MASTER CYLINDER ASSY.,FORT 250  ADVENTURE CBS,285190,31370,316560,FAST,BRAKE,1
55400NTK000Z,CBS MASTER CYLINDER ASSY.,FORT 250  ADVENTURE CBS,245270,26979,272249,SLOW,ENGINE,1
55400P950000,BODY AS-REAR OIL PUMP,SRK 800 RR,1015270,111679,1126949,FAST,ENGINE,1
55400PC20000,REAR OIL PUMP BODY ASSEMBLY,SRV 600 V,279490,30743,310233,FAST,ENGINE,1
55400U570010,REAR OIL PUMP BODY COMPONENT,SRK 150 E (CITO),205340,22587,227927,FAST,ENGINE,1
55401P540000,REAR HYDRAULIC BRAKE HANGING PLATE,SRV 250 AMT,342230,37645,379875,FAST,BRAKE,1
55401P950000,REAR BRAKE CALIPER SUPPORT PLATE,SRK 800 RR,245270,26979,272249,FAST,BRAKE,1
55401PC20000,REAR HYDRAULIC BRAKE HANGING PLATE,SRV 600 V,193930,21332,215262,FAST,BRAKE,1
55421PC20000,REAR HYDRAULIC BRAKE PUMP PROTECTIVE PLATE,SRV 600 V,39930,4392,44322,FAST,BRAKE,1
55500M550000,REAR BRAKE CYLINDER ASSEMBLY,AX 180  (VIENTO) ABS,250970,27606,278576,FAST,ENGINE,1
55500M790000,REAR BRAKE CALIPER ASSY.BLACK,AX 180  (VIENTO) CBS,325120,35763,360883,FAST,BRAKE,1
55500N510001,REAR BRAKE CYLINDER ASSEMBLY,FORD 250,901200,99132,1000332,FAST,ENGINE,1
55500NT30000,REAR BRAKE CYLINDER ASSEMBLY,FORT 250  ADVENTURE ABS,330820,36390,367210,FAST,ENGINE,1
55500P100050,REAR BRAKE CYLINDER ASSEMBLY,SRV 250 AMT,644530,70898,715428,FAST,ENGINE,1
55500P360400,REAR BRAKE CYLINDER ASSEMBLY,SRK 800 RR,2258690,248455,2507145,FAST,ENGINE,1
55500P38BG01,REAR BRAKE CYLINDER ASSEMBLY,SRV 600 V,986750,108542,1095292,FAST,ENGINE,1
55500TAJ0013,REAR BRAKE CYLINDER ASSEMBLY,SRK 150 E (CITO),302300,33253,335553,FAST,ENGINE,1
55702L790000,REAR WHEEL SPEED RING GEAR,FORT 250  ADVENTURE ABS,45630,5019,50649,MEDIUM,DRIVE,1
55702N510000,REAR WHEEL SPEED RING GEAR,FORD 250,51340,5647,56987,MEDIUM,DRIVE,1
55710KT80000,REAR WHEEL SPEED SENSOR,AX 180  (VIENTO) ABS,125490,13803,139293,MEDIUM,ELECTRICAL,1
55710L790000,REAR WHEEL SPEED SENSOR,FORT 250  ADVENTURE ABS,125490,13803,139293,MEDIUM,ELECTRICAL,1
55710P100000,REAR WHEEL SPEED SENSOR,FORD 250,142600,15686,158286,MEDIUM,ELECTRICAL,1
55A00M790000,FRONT BRAKE ASSY,AX 180  (VIENTO) CBS,1568540,172539,1741079,FAST,BRAKE,1
55A00NTK0000,FRONT BRAKE ASSY,FORT 250  ADVENTURE CBS,1796690,197635,1994325,FAST,BRAKE,1
57001L350000,FRAME PLATE,FORD 250,5710,628,6338,SLOW,OTHER,1
57003G120070,SINGLE SUPPORT RETURN SPRING,FORT 250  ADVENTURE ABS,5710,628,6338,MEDIUM,OTHER,1
57003J000070,SINGLE SPRING,SRV 250 AMT,11410,1255,12665,MEDIUM,OTHER,1
57003P160000,SINGLE SUPPORT OUTER SPRING/STEEL WIRE Φ 2.5,SRV 600 V,5710,628,6338,MEDIUM,OTHER,1
57003U430100,SINGLE STRUT SPRING,FORT 250  ADVENTURE ABS,5710,628,6338,MEDIUM,OTHER,1
57004P160000,SINGLE STRUT INNER SPRING,SRV 600 V,5710,628,6338,MEDIUM,OTHER,1
57005N510000,SINGLE SUPPORT MOUNTING BOLT,FORD 250,11410,1255,12665,FAST,FASTENER,1
57005P540000,SINGLE SUPPORT BOLT,SRV 250 AMT,22820,2510,25330,FAST,FASTENER,1
57005PBD0000,SINGLE SUPPORT INSTALLATION BOLT,SRV 250 AL (LIBERO),28520,3137,31657,FAST,FASTENER,1
57005TA70000,SINGLE SUPPORT FIXING BOLT,AX 180  (VIENTO) ABS,17120,1883,19003,FAST,FASTENER,1
57005TA70001,SINGLE SUPPORT FIXING BOLT,SRV 600 V,11410,1255,12665,FAST,FASTENER,1
57007PC20000,LEFT FRONT ENGINE HANGING PLATE,SRV 600 V,45630,5019,50649,SLOW,ENGINE,1
57008P950000,LEFT ENGINE MOUNTING BRACKET,SRK 800 RR,57040,6274,63314,SLOW,ENGINE,1
57008PC20000,RIGHT FRONT ENGINE HANGING PLATE,SRV 600 V,45630,5019,50649,SLOW,ENGINE,1
57008PCZ0000,RIGHT ENGINE MOUNTING PLATE,SRV 250 AL (LIBERO),5710,628,6338,SLOW,ENGINE,1
57009P950000,RIGHT ENGINE MOUNTING BRACKET,SRK 800 RR,57040,6274,63314,SLOW,ENGINE,1
57010N510000,SINGLE SUPPORT SPRING,FORD 250,17120,1883,19003,MEDIUM,OTHER,1
57010TAJ0000,SINGLE SUPPORT SPRING COMPONENT,AX 180  (VIENTO) ABS,11410,1255,12665,MEDIUM,OTHER,1
57012L790000,HEADLAMP BRACKET CLAMP I,FORT 250  ADVENTURE ABS,17120,1883,19003,FAST,ELECTRICAL,1
57012P520000,THROTTLE WIRE CLAMP,SRV 600 V,5710,628,6338,FAST,ELECTRICAL,1
57012P930000,STAINLESS STEEL CLAMP,SRK 800 RR,11410,1255,12665,FAST,ELECTRICAL,1
57012P950000,CLIP Ⅰ,SRK 800 RR,5710,628,6338,MEDIUM,FASTENER,1
57012TAB0000,OIL PIPE CLAMP I,SRK 150 E (CITO),5710,628,6338,FAST,ELECTRICAL,1
57013L790000,HEADLAMP BRACKET CLAMP II,FORT 250  ADVENTURE ABS,17120,1883,19003,FAST,ELECTRICAL,1
57013M550000,THROTTLE CABLE FIXING CLIP,AX 180  (VIENTO) ABS,5710,628,6338,FAST,FASTENER,1
57013P520000,CLUTCH WIRE CLAMP,SRV 600 V,5710,628,6338,FAST,ENGINE,1
57013P540000,CLUTCH CLAMP II,SRV 250 AL (LIBERO),5710,628,6338,FAST,ENGINE,1
57014P540000,WIRE CLAMP,SRV 250 AMT,5710,628,6338,FAST,ELECTRICAL,1
57015N510000,FRAME PIPE PLUG,FORD 250,11410,1255,12665,FAST,OTHER,1
57015P520000,RUBBER PLUG FOR THREADED HOLE OF FRONT FOOT PEDAL BRACKET,SRV 600 V,5710,628,6338,FAST,OTHER,1
57015P540000,FRAME PLUG,SRV 250 AMT,11410,1255,12665,FAST,OTHER,1
57015U570000,FRAME PLUG,SRK 150 E (CITO),5710,628,6338,FAST,OTHER,1
57017PC20000,LEFT REAR HANGING PLATE OF THE ENGINE,SRV 600 V,108380,11921,120301,SLOW,ENGINE,1
57018PC20000,RIGHT REAR HANGING PLATE OF THE ENGINE,SRV 600 V,131190,14430,145620,SLOW,ENGINE,1
57022H550000,SINGLE SUPPORT LIMIT RUBBER,AX 180  (VIENTO) ABS,5710,628,6338,MEDIUM,OTHER,1
57022N510000,SINGLE SUPPORT BUFFER RUBBER,FORD 250,11410,1255,12665,MEDIUM,OTHER,1
57025P950000,FRONT LEFT ENGINE MOUNTING BUSH,SRK 800 RR,11410,1255,12665,SLOW,ENGINE,1
57026P950000,RIGHT ENGINE MOUNTING BUSH,SRK 800 RR,11410,1255,12665,SLOW,ENGINE,1
57039P950000,INSTALLATION RUBBER OF TRAVEL RECORDER,SRK 800 RR,17120,1883,19003,MEDIUM,OTHER,1
57040PC20000,ABS BRACKET WELDING COMPONENT,SRV 600 V,39930,4392,44322,MEDIUM,OTHER,1
57040TB30000,COMBINED BRAKING SYSTEM,FORT 250  ADVENTURE CBS,17120,1883,19003,MEDIUM,OTHER,1
57041V030001,OIL CUP ANTI DISASSEMBLY COVER,SRV 600 V,5710,628,6338,FAST,BODY,1
57042M550000,ABS CONNECTION BRACKET,AX 180  (VIENTO) ABS,22820,2510,25330,MEDIUM,OTHER,1
57042P410000,ABS INSPECTION SOCKET INSTALLATION RUBBER,SRV 250 AMT,11410,1255,12665,MEDIUM,OTHER,1
57051PC20000,CARBON CANISTER MOUNTING PLATE,SRV 600 V,11410,1255,12665,MEDIUM,OTHER,1
57054P540000,CARBON CANISTER MOUNTING PLATE,SRV 250 AMT,11410,1255,12665,MEDIUM,OTHER,1
57054P950000,CARBON CANISTER BRACKET,SRK 800 RR,11410,1255,12665,MEDIUM,OTHER,1
57055L790000,TANK OUTER COVER PARTITION,AX 180  (VIENTO) ABS,11410,1255,12665,SLOW,BODY,1
57059P950000,REAR HYDRAULIC BRAKE PIPE MOUNTING PLATE,SRK 800 RR,5710,628,6338,FAST,BRAKE,1
57060P540000,FRONT CUSHION BUSH ASSEMBLY OF ENGINE,SRV 250 AMT,45630,5019,50649,SLOW,ENGINE,1
57060P950000,CARBON TANK BRACKET MOUNTING SEAT,SRK 800 RR,17120,1883,19003,SLOW,BODY,1
57060PT70001,HIGH VOLTAGE PACKAGE INSTALLATION SEAT I,FORT 250  ADVENTURE ABS,45630,5019,50649,MEDIUM,BODY,1
57070PC20000,LEFT ENGINE TRIM PANEL MOUNTING PLATE ASSEMBLY,SRV 600 V,28520,3137,31657,SLOW,ENGINE,1
57071M550000,ECU MOUNTING BOARD,AX 180  (VIENTO) ABS,11410,1255,12665,MEDIUM,ELECTRICAL,1
57080PC20000,RIGHT ENGINE TRIM PANEL MOUNTING PLATE ASSEMBLY,SRV 600 V,28520,3137,31657,SLOW,ENGINE,1
57081PC20000,STARTING RELAY INSTALLATION BOARD,SRV 600 V,11410,1255,12665,MEDIUM,ELECTRICAL,1
57088P250000,FUSE BOX MOUNTING PLATE,SRK 800 RR,5710,628,6338,MEDIUM,OTHER,1
57089P160000,FUSE BOX BRACKET,FORT 250  ADVENTURE ABS,5710,628,6338,MEDIUM,OTHER,1
57090PC20000,ENGINE RIGHT DECORATIVE PANEL MOUNTING PLATE COMPONENT I,SRV 600 V,17120,1883,19003,SLOW,ENGINE,1
57100M790000,FRAME WELDING COMPONENTS,AX 180  (VIENTO) ABS,1511500,166265,1677765,SLOW,OTHER,1
57100N590000,FRAME WELDING ASSEMBLY,FORD 250,4260710,468678,4729388,SLOW,OTHER,1
57100NT50000,FRAME WELDING ASSEMBLY,FORT 250  ADVENTURE ABS,1853720,203909,2057629,SLOW,OTHER,1
57100P54BH01,FRAME WELDING ASSEMBLY,SRV 250 AMT,3496400,384604,3881004,SLOW,OTHER,1
57100P950001,FRAME WELDING ASSEMBLY,SRK 800 RR,4015440,441698,4457138,SLOW,OTHER,1
57100PC20000,FRAME WELDING COMPONENTS,SRV 600 V,3524920,387741,3912661,SLOW,OTHER,1
57100PCZ0000,FRAME WELDING COMPONENTS,SRV 250 AL (LIBERO),3108550,341940,3450490,SLOW,OTHER,1
57100U570000,FRAME WELDING COMPONENTS,SRK 150 E (CITO),2173130,239044,2412174,SLOW,OTHER,1
57211P540000,FRONT RIGHT ENGINE MOUNTING PLATE,SRV 250 AMT,11410,1255,12665,SLOW,ENGINE,1
57215N100000,SINGLE SUPPORT BUFFER RUBBER BLOCK,SRK 150 E (CITO),5710,628,6338,MEDIUM,OTHER,1
57220P540000,ENGINE REAR MOUNT,SRV 250 AMT,39930,4392,44322,SLOW,ENGINE,1
57340P950000,CENTER CONTROL MOUNTING SEAT,SRK 800 RR,17120,1883,19003,MEDIUM,BODY,1
57354PDG0000,HEADLIGHT RING LABEL,SRK 150 E (CITO),85560,9411,94971,MEDIUM,OTHER,1
57361PC20000,SMALL RELAY MOUNTING PLATE,SRV 600 V,17120,1883,19003,MEDIUM,ELECTRICAL,1
57362K140000,INSTALLATION BOARD FOR START STOP CONTROLLER,SRK 150 E (CITO),17120,1883,19003,FAST,DRIVE,1
57401P540000,RELAY MOUNTING PLATE,SRV 250 AMT,5710,628,6338,MEDIUM,ELECTRICAL,1
57401P540001,RELAY INSTALLATION BOARD,SRV 250 AL (LIBERO),5710,628,6338,MEDIUM,ELECTRICAL,1
57450PCL0000,CARBON CANISTER INSTALLATION SEAT,SRV 250 AL (LIBERO),17120,1883,19003,MEDIUM,BODY,1
57460PC20000,ECU MOUNTING PLATE ASSEMBLY,SRV 600 V,22820,2510,25330,MEDIUM,ELECTRICAL,1
57550P950000,LEFT MOUNTING BASE OF HIGH-PRESSURE PACKAGE,SRK 800 RR,34230,3765,37995,MEDIUM,OTHER,1
57550PBD0000,HIGH VOLTAGE PACKAGE INSTALLATION SEAT,SRV 250 AMT,45630,5019,50649,MEDIUM,BODY,1
57551NT30000,DIAGNOSER MOUNTING PLATE,FORT 250  ADVENTURE ABS,17120,1883,19003,MEDIUM,OTHER,1
57590PC20000,RECTIFIER MOUNTING PLATE ASSEMBLY,SRV 600 V,17120,1883,19003,MEDIUM,OTHER,1
57801M550000,SEAT CUSHION LOCK INSTALLATION PLATE,AX 180  (VIENTO) ABS,11410,1255,12665,MEDIUM,BODY,1
57820P950000,RIGHT MOUNTING BASE OF HIGH-PRESSURE DRUM,SRK 800 RR,34230,3765,37995,MEDIUM,OTHER,1
57910P540000,AIR FILTER MOUNTING BASE,SRV 250 AMT,11410,1255,12665,FAST,ENGINE,1
57910PCL0000,AIR FILTER INSTALLATION SEAT,SRV 250 AL (LIBERO),11410,1255,12665,FAST,ENGINE,1
58030M790000,CBS MOUNTING BASE,AX 180  (VIENTO) CBS,28520,3137,31657,MEDIUM,OTHER,1
58080N470000,MUFFLER MOUNT,SRV 250 AMT,85560,9411,94971,SLOW,OTHER,1
58080PC20000,SILENCER MOUNTING SEAT,SRV 600 V,96970,10666,107636,MEDIUM,BODY,1
58160NT30000,RADIATOR INSTALLATION COMPONENTS,FORT 250  ADVENTURE ABS,45630,5019,50649,MEDIUM,COOLING,1
58217P100000,FOOT PEDAL INSTALLATION PIN,SRV 250 AMT,5710,628,6338,MEDIUM,OTHER,1
58217P160000,PEDAL MOUNTING PIN,SRV 250 AL (LIBERO),5710,628,6338,MEDIUM,OTHER,1
58220L790000,LEFT PEDAL ASSEMBLY,FORT 250  ADVENTURE ABS,62750,6902,69652,MEDIUM,OTHER,1
58220M550000,LEFT FOOT PEDAL COMPONENT,AX 180  (VIENTO) ABS,79860,8784,88644,MEDIUM,OTHER,1
58220P95000Z,LEFT FRONT PEDAL COMBINATION,SRK 800 RR,308010,33881,341891,MEDIUM,OTHER,1
58220PC2000Z,LEFT FRONT PEDAL COMBINATION,SRV 600 V,91260,10038,101298,MEDIUM,OTHER,1
58220PDM0000,LEFT FRONT FOOT PEDAL ASSEMBLY,SRV 250 AMT,598900,65879,664779,MEDIUM,OTHER,1
58226PC20000,LEFT FRONT PEDAL BRACKET,SRV 600 V,165410,18195,183605,MEDIUM,OTHER,1
58230U570002,FRONT PEDAL WELDING BRACKET ASSEMBLY,SRK 150 E (CITO),154010,16941,170951,MEDIUM,OTHER,1
58240L790000,RIGHT FOOT PEDAL ASSEMBLY,FORT 250  ADVENTURE ABS,62750,6902,69652,MEDIUM,OTHER,1
58240M550000,RIGHT FOOT PEDAL COMPONENT,AX 180  (VIENTO) ABS,79860,8784,88644,MEDIUM,OTHER,1
58240P95000Z,RIGHT FRONT PEDAL COMBINATION,SRK 800 RR,250970,27606,278576,MEDIUM,OTHER,1
58240PC2000Z,RIGHT FRONT PEDAL COMBINATION,SRV 600 V,91260,10038,101298,MEDIUM,OTHER,1
58240PDM0000,RIGHT FRONT FOOT PEDAL ASSEMBLY,SRV 250 AMT,598900,65879,664779,MEDIUM,OTHER,1
58246PC20000,RIGHT FRONT PEDAL BRACKET,SRV 600 V,165410,18195,183605,MEDIUM,OTHER,1
58260N510000,LEFT REAR PEDAL ASSEMBLY,FORD 250,102670,11293,113963,MEDIUM,OTHER,1
58260P26001Z,LEFT REAR PEDAL COMBINATION,SRV 250 AMT,57040,6274,63314,MEDIUM,OTHER,1
58260P95000Z,LEFT REAR PEDAL COMBINATION,SRK 800 RR,216750,23842,240592,MEDIUM,OTHER,1
58260PC2000Z,LEFT REAR FOOT PEDAL COMBINATION,SRV 600 V,91260,10038,101298,MEDIUM,OTHER,1
58260U57000Z,LEFT REAR FOOT PEDAL COMBINATION,SRK 150 E (CITO),57040,6274,63314,MEDIUM,OTHER,1
58266P540000,LEFT REAR FOOT PEDAL BRACKET,SRV 250 AMT,410670,45173,455843,MEDIUM,OTHER,1
58266PBD0000,LEFT REAR PEDAL BRACKET,SRV 250 AL (LIBERO),233860,25724,259584,MEDIUM,OTHER,1
58266PC20000,LEFT REAR PEDAL BRACKET,SRV 600 V,216750,23842,240592,MEDIUM,OTHER,1
58280N510000,RIGHT REAR PEDAL ASSEMBLY,FORD 250,102670,11293,113963,MEDIUM,OTHER,1
58280P26001Z,RIGHT REAR PEDAL COMBINATION,SRV 250 AMT,57040,6274,63314,MEDIUM,OTHER,1
58280P95000Z,RIGHT REAR PEDAL COMBINATION,SRK 800 RR,228150,25096,253246,MEDIUM,OTHER,1
58280PC2000Z,RIGHT REAR FOOT PEDAL COMBINATION,SRV 600 V,91260,10038,101298,MEDIUM,OTHER,1
58280U57000Z,RIGHT REAR FOOT PEDAL COMBINATION,SRK 150 E (CITO),57040,6274,63314,MEDIUM,OTHER,1
58286P540000,RIGHT REAR FOOT PEDAL BRACKET,SRV 250 AMT,513340,56467,569807,MEDIUM,OTHER,1
58286PBD0000,RIGHT REAR FOOT PEDAL BRACKET,SRV 250 AL (LIBERO),233860,25724,259584,MEDIUM,OTHER,1
58286PC20000,RIGHT REAR PEDAL BRACKET,SRV 600 V,222450,24469,246919,MEDIUM,OTHER,1
58301N510000,HANGER FIXED SHAFT,FORD 250,45630,5019,50649,SLOW,OTHER,1
58301P950000,MOUNTING SHAFT M10 ON ENGINE×1.25×138,SRK 800 RR,22820,2510,25330,SLOW,ENGINE,1
58301TA70000,HANGER FIXED SHAFT,FORD 250,22820,2510,25330,SLOW,OTHER,1
58302B450000,BUFFER BLOCK,FORD 250,5710,628,6338,MEDIUM,OTHER,1
58302N590000,HANGER SHOCKPROOF RUBBER I,FORD 250,17120,1883,19003,MEDIUM,OTHER,1
58302TAB0000,SUSPENSION BUFFER BLOCK,SRK 150 E (CITO),45630,5019,50649,MEDIUM,OTHER,1
58303B590100,ENGINE FIXED SHAFT/M10×1.25×176,SRV 600 V,22820,2510,25330,SLOW,ENGINE,1
58305P950000,LOWER ENGINE MOUNTING SHAFT M12×1.25×160,SRK 800 RR,28520,3137,31657,SLOW,ENGINE,1
58306P160000,POWER BOLT SHEATH,FORD 250,5710,628,6338,FAST,FASTENER,1
58306PDM0000,POWER BOLT SHEATH,SRV 250 AMT,5710,628,6338,FAST,FASTENER,1
58306U510000,BOLT SHEATH,SRV 250 AL (LIBERO),5710,628,6338,FAST,FASTENER,1
58307PT70000,INTERMEDIATE SPACER SLEEVE,FORT 250  ADVENTURE ABS,17120,1883,19003,MEDIUM,OTHER,1
58307U570000,HANGING BRACKET INTERMEDIATE SPACER,SRK 150 E (CITO),11410,1255,12665,MEDIUM,OTHER,1
58309N510000,HANGER SHOCKPROOF RUBBER II,FORD 250,17120,1883,19003,MEDIUM,OTHER,1
58309PT70000,POWER LIMIT BRACKET BUFFER BLOCK,FORT 250  ADVENTURE ABS,5710,628,6338,MEDIUM,OTHER,1
58311PT70001,POWER LIMIT BRACKET,FORT 250  ADVENTURE ABS,211040,23214,234254,MEDIUM,OTHER,1
58314TAB0000,RUBBER RETAINING RING,AX 180  (VIENTO) ABS,5710,628,6338,MEDIUM,OTHER,1
58320M790000,WELDING COMPONENTS OF POWER HANGER,AX 180  (VIENTO) ABS,268080,29488,297568,MEDIUM,OTHER,1
58320N590000,POWER HANGER WELDING ASSEMBLY,FORD 250,832750,91602,924352,MEDIUM,OTHER,1
58320NT30000,WELDING COMPONENTS OF POWER SUSPENSION BRACKET,FORT 250  ADVENTURE ABS,467710,51448,519158,MEDIUM,OTHER,1
58320U570000,WELDING COMPONENTS OF POWER HANGER,SRK 150 E (CITO),182520,20077,202597,MEDIUM,OTHER,1
58329NT30000,POWER HANGER SHAFT SLEEVE,FORT 250  ADVENTURE ABS,57040,6274,63314,SLOW,OTHER,1
58330N590000,ENGINE STOP LEVER ASSEMBLY,FORD 250,68450,7529,75979,SLOW,ENGINE,1
58340N590000,POWER HANGER BUFFER BUSHING I,FORD 250,39930,4392,44322,MEDIUM,SUSPENSION,1
58340P440001,BUFFER SHAFT SLEEVE,FORT 250  ADVENTURE ABS,28520,3137,31657,SLOW,OTHER,1
58340PT70000,BUFFER LINER COMPONENT I,FORT 250  ADVENTURE ABS,28520,3137,31657,MEDIUM,OTHER,1
58340TA70000,POWER HANGER BUFFER LINER,SRK 150 E (CITO),22820,2510,25330,MEDIUM,OTHER,1
58340TAB0001,SUSPENSION BUFFER LINER,AX 180  (VIENTO) ABS,28520,3137,31657,MEDIUM,OTHER,1
58342L790000,POWER HANGER LIMIT RUBBER BLOCK,AX 180  (VIENTO) ABS,11410,1255,12665,MEDIUM,OTHER,1
58350N510000,POWER HANGER INTERMEDIATE SPACER ASSEMBLY,FORD 250,5710,628,6338,MEDIUM,OTHER,1
58350PT70000,BUFFER LINER ASSEMBLY II,FORT 250  ADVENTURE ABS,34230,3765,37995,MEDIUM,OTHER,1
58351M790000,HANGING BRACKET INTERMEDIATE SPACER,AX 180  (VIENTO) ABS,22820,2510,25330,MEDIUM,OTHER,1
58352N590000,RUBBER FOR LEFT AND RIGHT PROTECTIVE PLATE BRACKETS,FORD 250,5710,628,6338,MEDIUM,OTHER,1
58353H350001,RUBBER RING,SRK 150 E (CITO),5710,628,6338,MEDIUM,OTHER,1
58354PT70000,HANGER RUBBER RING,FORT 250  ADVENTURE ABS,5710,628,6338,MEDIUM,OTHER,1
58360NT30000,POWER SUSPENSION BRACKET CONNECTION SEAT,FORT 250  ADVENTURE ABS,171120,18823,189943,MEDIUM,BODY,1
58370N510000,POWER HANGER BUFFER BUSHING II,FORD 250,34230,3765,37995,MEDIUM,SUSPENSION,1
58370PT70000,BUFFER BUSH ASSEMBLY III,FORT 250  ADVENTURE ABS,28520,3137,31657,MEDIUM,OTHER,1
58380N510000,ENGINE STOP LEVER BUFFER BUSHING,FORD 250,34230,3765,37995,SLOW,ENGINE,1
58380PT70000,BUFFER LINER COMPONENT IV,FORT 250  ADVENTURE ABS,51340,5647,56987,MEDIUM,OTHER,1
58430J000000,CLAMP ASSEMBLY,FORD 250,5710,628,6338,FAST,ELECTRICAL,1
58430J000001,WIRE CLAMP ASSEMBLY,SRV 600 V,5710,628,6338,FAST,ELECTRICAL,1
58430J670000,CLAMP ASSEMBLY II,SRV 250 AMT,5710,628,6338,FAST,ELECTRICAL,1
58430K140000,ODOMETER LINE CLIP Ⅱ,AX 180  (VIENTO) ABS,11410,1255,12665,MEDIUM,ELECTRICAL,1
58430PC20000,LEFT REAR FOOT PEDAL ANTI SCALD BRACKET ASSEMBLY,SRV 600 V,11410,1255,12665,MEDIUM,OTHER,1
58440PC20000,RIGHT REAR FOOT PEDAL ANTI SCALD BRACKET ASSEMBLY,SRV 600 V,11410,1255,12665,MEDIUM,OTHER,1
58450N510000,PEDAL SUPPORT FRONT ASSEMBLY,FORD 250,62750,6902,69652,MEDIUM,OTHER,1
58451PBD0000,LEFT REAR PEDAL MOUNTING BASE,SRV 250 AL (LIBERO),45630,5019,50649,MEDIUM,OTHER,1
58460N510000,REAR ASSEMBLY OF PEDAL SUPPORT,FORD 250,34230,3765,37995,MEDIUM,OTHER,1
58461PC20000,REAR FOOT PEDAL INSTALLATION SEAT,SRV 600 V,62750,6902,69652,MEDIUM,BODY,1
58470N510000,LEFT COMPONENT OF PEDAL BRACKET,FORD 250,39930,4392,44322,MEDIUM,OTHER,1
58471PBD0000,RIGHT REAR FOOT PEDAL MOUNTING SEAT,SRV 250 AL (LIBERO),45630,5019,50649,MEDIUM,BODY,1
58480N510000,PEDAL BRACKET RIGHT COMPONENT,FORD 250,39930,4392,44322,MEDIUM,OTHER,1
58501T750200,MIDDLE SUPPORT SHAFT,SRK 150 E (CITO),22820,2510,25330,SLOW,OTHER,1
58501TAB0000,MIDDLE SUPPORT AXIS,SRK 150 E (CITO),17120,1883,19003,MEDIUM,OTHER,1
58502J040010,MIDDLE SUPPORT SPRING ASSEMBLY,SRK 150 E (CITO),5710,628,6338,MEDIUM,OTHER,1
58507H170000,MIDDLE BUFFER BLOCK,FORT 250  ADVENTURE ABS,5710,628,6338,MEDIUM,OTHER,1
58507L790000,MIDDLE SUPPORT BUFFER BLOCK,AX 180  (VIENTO) ABS,17120,1883,19003,MEDIUM,OTHER,1
58507N510000,MIDDLE SUPPORT BUFFER BLOCK,FORD 250,5710,628,6338,MEDIUM,OTHER,1
58507TAB0000,MIDDLE SUPPORT BUFFER BLOCK,SRK 150 E (CITO),5710,628,6338,MEDIUM,OTHER,1
58509N510000,MIDDLE SUPPORT BUSHING,FORD 250,11410,1255,12665,MEDIUM,SUSPENSION,1
58510K020000,MIDDLE SUPPORT SPRING COMPONENT,AX 180  (VIENTO) ABS,11410,1255,12665,MEDIUM,OTHER,1
58510N510000,MIDDLE SUPPORT SPRING ASSEMBLY,FORD 250,11410,1255,12665,MEDIUM,OTHER,1
58511N510000,MIDDLE SUPPORT BUFFER BLOCK BUSHING,FORD 250,11410,1255,12665,MEDIUM,SUSPENSION,1
58513N120000,MIDDLE SUPPORT SPRING RUBBER SLEEVE,SRK 150 E (CITO),11410,1255,12665,MEDIUM,OTHER,1
58520L790000,MIDDLE SUPPORT WELDING COMPONENT,AX 180  (VIENTO) ABS,205340,22587,227927,MEDIUM,OTHER,1
58520N510000,MIDDLE BRACE WELDING ASSEMBLY,FORD 250,222450,24469,246919,MEDIUM,OTHER,1
58520NT50000,MIDDLE BRACE WELDING ASSEMBLY,FORT 250  ADVENTURE ABS,182520,20077,202597,MEDIUM,OTHER,1
58520U570000,MIDDLE SUPPORT WELDING COMPONENT,SRK 150 E (CITO),125490,13803,139293,MEDIUM,OTHER,1
58590K140000,WELDING COMPONENT OF CENTRAL SUPPORT SHAFT,AX 180  (VIENTO) ABS,45630,5019,50649,SLOW,OTHER,1
58590PT70000,MIDDLE SUPPORT SHAFT WELDING COMPONENT,FORT 250  ADVENTURE ABS,74150,8156,82306,SLOW,OTHER,1
58660L810001,ABS BRACKET WELDING ASSEMBLY,FORT 250  ADVENTURE ABS,28520,3137,31657,MEDIUM,OTHER,1
58660N510000,ABS MOUNTING PLATE WELDING COMPONENT,FORD 250,28520,3137,31657,MEDIUM,OTHER,1
58660P540001,ABS MOUNTING SEAT,SRV 250 AMT,45630,5019,50649,MEDIUM,BODY,1
58660U570000,ABS MOUNTING SEAT,SRK 150 E (CITO),39930,4392,44322,MEDIUM,BODY,1
58700L790001,SINGLE SUPPORT WELDING ASSEMBLY,FORT 250  ADVENTURE ABS,45630,5019,50649,MEDIUM,OTHER,1
58700M550000,SINGLE SUPPORT WELDED COMPONENT,AX 180  (VIENTO) ABS,34230,3765,37995,MEDIUM,OTHER,1
58700N510000,SINGLE SUPPORT WELDING ASSEMBLY,FORD 250,45630,5019,50649,MEDIUM,OTHER,1
58700U570000,SINGLE SUPPORT WELDED COMPONENTS,SRK 150 E (CITO),45630,5019,50649,MEDIUM,OTHER,1
58701P540000,SINGLE SUPPORT,SRV 250 AMT,250970,27606,278576,MEDIUM,OTHER,1
58701P950000,SINGLE BRACE,SRK 800 RR,222450,24469,246919,MEDIUM,OTHER,1
58701PC20000,SINGLE BRACE,SRV 600 V,211040,23214,234254,MEDIUM,OTHER,1
58752J00000A,BATTERY SPONGE PAD,SRV 250 AMT,5710,628,6338,MEDIUM,OTHER,1
58752P250000,BATTERY CUSHIONS/65×25×4,SRV 250 AMT,5710,628,6338,MEDIUM,OTHER,1
58770L790000,HIGH VOLTAGE PACKAGE INSTALLATION PLATE COMPONENT,AX 180  (VIENTO) ABS,17120,1883,19003,MEDIUM,OTHER,1
58800L690001,SEAT CUSHION LOCK,SRV 250 AMT,17120,1883,19003,MEDIUM,BODY,1
58800N510000,SEAT CUSHION LOCK ASSEMBLY,FORD 250,34230,3765,37995,MEDIUM,BODY,1
58800P250000,SEAT CUSHION LOCK SEAT ASSEMBLY II,SRV 600 V,11410,1255,12665,MEDIUM,BODY,1
58800T800100,SEAT CUSHION LOCK SEAT ASSEMBLY,AX 180  (VIENTO) ABS,17120,1883,19003,MEDIUM,BODY,1
58821J040001,RUBBER RETAINER,SRV 600 V,5710,628,6338,MEDIUM,OTHER,1
58821P250000,BATTERY SUPPORT RUBBER,SRK 800 RR,5710,628,6338,MEDIUM,OTHER,1
58821P800000,BATTERY PRESSURE PLATE,SRV 600 V,11410,1255,12665,MEDIUM,OTHER,1
58900D680000,SEAT CUSHION CABLE ASSEMBLY,FORT 250  ADVENTURE ABS,57040,6274,63314,FAST,BODY,1
58900N290000,SEAT CUSHION CABLE ASSEMBLY,SRV 600 V,17120,1883,19003,FAST,BODY,1
58900N510000,SEAT CUSHION CABLE ASSEMBLY,FORD 250,51340,5647,56987,FAST,BODY,1
58900P540000,CUSHION CABLE ASSEMBLY,SRV 250 AMT,22820,2510,25330,FAST,OTHER,1
58900PA80000,SEAT CUSHION CABLE ASSEMBLY,SRK 800 RR,17120,1883,19003,FAST,BODY,1
58950P950001,REAR SHOCK ABSORBER ADJUSTMENT SCREW BRACKET ASSEMBLY,SRK 800 RR,17120,1883,19003,FAST,SUSPENSION,1
59400M550000,FRONT BRACKET WELDING COMPONENT,AX 180  (VIENTO) ABS,62750,6902,69652,MEDIUM,OTHER,1
59400N510000,FRONT HOOD BRACKET ASSEMBLY,FORD 250,558970,61486,620456,MEDIUM,OTHER,1
59400U570000,WELDING COMPONENTS OF FRONT HOOD BRACKET,SRK 150 E (CITO),159710,17568,177278,MEDIUM,OTHER,1
59450L810000,START STOP CONTROLLER MOUNTING BASE,FORT 250  ADVENTURE ABS,39930,4392,44322,FAST,DRIVE,1
59450P950000,LOWER MOUNTING BASE OF WATER TANK,SRK 800 RR,11410,1255,12665,SLOW,BODY,1
59450PDM0000,TCU MOUNTING BRACKET,SRV 250 AMT,22820,2510,25330,MEDIUM,OTHER,1
59451M550000,CONTROLLER INSTALLATION BOARD,AX 180  (VIENTO) ABS,34230,3765,37995,FAST,DRIVE,1
59460PCL0000,INSTALLATION SEAT FOR DECORATIVE COVER OF AIR FILTER,SRV 250 AL (LIBERO),17120,1883,19003,FAST,BODY,1
59461M550000,FUEL TANK LOCK BRACKET,AX 180  (VIENTO) ABS,17120,1883,19003,SLOW,BODY,1
59470M550000,FUEL TANK LOCK BRACKET 2 COMBINATION,AX 180  (VIENTO) ABS,11410,1255,12665,SLOW,BODY,1
59480M550000,WELDING COMPONENTS OF FUEL TANK GUARD PLATE,AX 180  (VIENTO) ABS,22820,2510,25330,SLOW,BODY,1
59490M550000,WELDING COMPONENTS FOR THE LOWER BRACKET OF THE FUEL TANK,AX 180  (VIENTO) ABS,28520,3137,31657,SLOW,BODY,1
59510N510000,WATER BOTTLE INSTALLATION BRACKET ASSEMBLY,FORD 250,22820,2510,25330,MEDIUM,OTHER,1
59510P950000,CLAMP ASSEMBLY 1,SRK 800 RR,17120,1883,19003,FAST,ELECTRICAL,1
59520N510000,FRONT PANEL MOUNTING BRACKET ASSEMBLY,FORD 250,45630,5019,50649,MEDIUM,BODY,1
59520P950000,CLAMP ASSEMBLY 2,SRK 800 RR,17120,1883,19003,FAST,ELECTRICAL,1
59530P950000,MOUNTING BASE OF TRAVEL RECORDER,SRK 800 RR,11410,1255,12665,MEDIUM,OTHER,1
59540P950000,MOUNTING SEAT OF ELECTRIC CONTROL AIR MAKE-UP VALVE,SRK 800 RR,22820,2510,25330,MEDIUM,ENGINE,1
59550P950000,LOWER LEFT MOUNTING BASE OF SHROUD,SRK 800 RR,11410,1255,12665,MEDIUM,OTHER,1
59560P950000,UPPER MOUNTING PLATE,SRK 800 RR,22820,2510,25330,MEDIUM,OTHER,1
59570N510000,SLEEVE LOCK MODULE MOUNTING BRACKET ASSEMBLY,FORD 250,22820,2510,25330,MEDIUM,OTHER,1
59570P950000,MOUNT SEAT ON RIGHT FOOT GUARD PLATE,SRK 800 RR,22820,2510,25330,MEDIUM,BODY,1
59581P950000,LOWER MOUNTING PLATE,SRK 800 RR,5710,628,6338,MEDIUM,OTHER,1
59591P950000,MOUNTING PLATE,SRK 800 RR,11410,1255,12665,MEDIUM,OTHER,1
59710P540000,OIL CUP INSTALLATION SEAT,SRV 250 AL (LIBERO),11410,1255,12665,FAST,BODY,1
59710TB30000,OIL CUP INSTALLATION SEAT,FORT 250  ADVENTURE CBS,5710,628,6338,FAST,BODY,1
60001P540001,CHAIN HUB,SRV 250 AMT,308010,33881,341891,FAST,DRIVE,1
60001P950000,CHAIN HUB,SRK 800 RR,205340,22587,227927,FAST,DRIVE,1
60001PC2000Z,CHAIN HUB ASSEMBLY,SRV 600 V,336530,37018,373548,FAST,DRIVE,1
60002P540002,DRIVEN PULLEY,SRV 250 AMT,1425940,156853,1582793,MEDIUM,DRIVE,1
60002P540003,DRIVEN PULLEY,SRV 250 AL (LIBERO),1243420,136776,1380196,MEDIUM,DRIVE,1
60002P950000,SPROCKET,SRK 800 RR,273780,30115,303895,FAST,DRIVE,1
60002PC20000,DRIVEN PULLEY,SRV 600 V,1328980,146187,1475167,MEDIUM,DRIVE,1
60006P160000,CHAIN DRIVE SHAFT SLEEVE,SRV 600 V,22820,2510,25330,FAST,DRIVE,1
60006P540001,CHAIN DRIVE SHAFT SLEEVE,SRV 250 AMT,45630,5019,50649,FAST,DRIVE,1
60015S010010,CHAIN WHEEL FIXING SCREW,SRK 800 RR,5710,628,6338,FAST,DRIVE,1
60101P540000,UPPER CHAIN COVER,SRV 250 AMT,68450,7529,75979,FAST,BODY,1
60101P950000,CHAIN COVER,SRK 800 RR,62750,6902,69652,FAST,BODY,1
60101PBD0000,CHAIN COVER,SRV 250 AL (LIBERO),45630,5019,50649,FAST,BODY,1
60101PC20000,CHAIN COVER,SRV 600 V,45630,5019,50649,FAST,BODY,1
60102P540000,LOWER CHAIN COVER,SRV 250 AMT,74150,8156,82306,FAST,BODY,1
60102P950000,REAR INNER MUD PLATE,SRK 800 RR,57040,6274,63314,MEDIUM,OTHER,1
60102PC20000,LOWER CHAIN COVER,SRV 600 V,39930,4392,44322,FAST,BODY,1
60103P950000,CHAIN GUARD,SRK 800 RR,17120,1883,19003,FAST,BODY,1
60151P290000,LEFT CHAIN ADJUSTING BLOCK,SRK 800 RR,74150,8156,82306,FAST,DRIVE,1
60151P950000,LEFT CHAIN ADJUSTING BLOCK,SRK 800 RR,51340,5647,56987,FAST,DRIVE,1
60200G130000,DUST RING COMPONENT,SRK 150 E (CITO),5710,628,6338,MEDIUM,OTHER,1
60200J000001,DUST RING ASSEMBLY,SRV 250 AMT,5710,628,6338,MEDIUM,OTHER,1
60200J410000,DUST RING ASSEMBLY,FORD 250,5710,628,6338,MEDIUM,OTHER,1
60310P540002,BELT,SRV 250 AMT,3382330,372056,3754386,FAST,DRIVE,1
60310P54003Z,BELT ASSEMBLY WITH PULLEY,SRV 250 AMT,5093450,560279,5653729,FAST,DRIVE,1
60310P950000,CHAIN 525V11×120,SRK 800 RR,1323270,145559,1468829,FAST,DRIVE,1
60310PBD0003,BELT,SRV 250 AL (LIBERO),1699720,186969,1886689,FAST,DRIVE,1
60310PBD003Z,BELT ASSEMBLY WITH PULLEY,SRV 250 AL (LIBERO),2948840,324372,3273212,FAST,DRIVE,1
60310PC20000,BELT,SRV 600 V,4334850,476833,4811683,FAST,DRIVE,1
63012P950000,HEXAGON SOCKET TORX CAP SCREW M10×1.25×51,SRK 800 RR,11410,1255,12665,FAST,FASTENER,1
63013J000031,REAR SHOCK ABSORBER INSTALLATION GASKET,AX 180  (VIENTO) ABS,5710,628,6338,FAST,SUSPENSION,1
63015N490000,REAR SHOCK ABSORBER LOWER FIXING BOLT M10×1.25×63,SRK 800 RR,28520,3137,31657,FAST,SUSPENSION,1
63800L790003,REAR SHOCK ABSORBER ASSEMBLY,FORT 250  ADVENTURE ABS,752900,82819,835719,SLOW,SUSPENSION,1
63800M550000,REAR SHOCK ABSORBER COMPONENT,AX 180  (VIENTO) ABS,730080,80308,810388,SLOW,SUSPENSION,1
63800M790000,REAR SHOCK ABSORBER COMPONENT,AX 180  (VIENTO) CBS,302300,33253,335553,SLOW,SUSPENSION,1
63800N590000,REAR SHOCK ABSORBER ASSEMBLY,FORD 250,770010,84701,854711,SLOW,SUSPENSION,1
63800P540000,SHOCK ABSORBER AS-REAR,SRV 250 AMT,655940,72153,728093,SLOW,SUSPENSION,1
63800P950000,REAR SHOCK ABSORBER ASSEMBLY,SRK 800 RR,2777730,305550,3083280,SLOW,SUSPENSION,1
63800PBD0000,REAR SHOCK ABSORBER ASSEMBLY,SRV 250 AL (LIBERO),621710,68388,690098,SLOW,SUSPENSION,1
63800PC20000,REAR SHOCK ABSORBER ASSEMBLY,SRV 600 V,667340,73407,740747,SLOW,SUSPENSION,1
63800U570000,REAR SHOCK ABSORBER COMPONENT,SRK 150 E (CITO),644530,70898,715428,SLOW,SUSPENSION,1
64008G220000,JOINT,FORD 250,5710,628,6338,MEDIUM,OTHER,1
65101KT9006Z,"FRONT FENDER,RED RG，WITH  STICKER",FORT 250  ADVENTURE ABS,302300,33253,335553,SLOW,BODY,1
65101KT9007Z,"FRONT FENDER,SILVER S6，WITH  STICKER",FORT 250  ADVENTURE ABS,216750,23842,240592,SLOW,BODY,1
65101KT9008Z,"FRONT FENDER,BLACK BL，WITH  STICKER",FORT 250  ADVENTURE ABS,211040,23214,234254,SLOW,BODY,1
65101KT9BL00,"FRONT FENDER,BLACK BL",FORT 250  ADVENTURE CBS,290900,31999,322899,SLOW,BODY,1
65101KT9S600,"FRONT FENDER,SILVER S6",FORT 250  ADVENTURE CBS,228150,25096,253246,SLOW,BODY,1
65101KT9VM00,"FRONT FENDER,GREY VM",FORT 250  ADVENTURE CBS,228150,25096,253246,SLOW,BODY,1
65101M55005Z,"FRONT MUDGUARD,GREY (H5),WITH STICKER",AX 180  (VIENTO) ABS,142600,15686,158286,MEDIUM,BODY,1
65101M55006Z,"FRONT MUDGUARD,BLUE (K5),WITH STICKER",AX 180  (VIENTO) ABS,142600,15686,158286,MEDIUM,BODY,1
65101M55007Z,"FRONT MUDGUARD,RED (RG),WITH STICKER",AX 180  (VIENTO) ABS,136890,15057,151947,MEDIUM,BODY,1
65101M55008Z,"FRONT MUDGUARD,BLACK (NJ),WITH STICKER",AX 180  (VIENTO) CBS,159710,17568,177278,MEDIUM,BODY,1
65101M55009Z,"FRONT MUDGUARD,RED (RG),WITH STICKER",AX 180  (VIENTO) CBS,62750,6902,69652,MEDIUM,BODY,1
65101M55010Z,"FRONT MUDGUARD,GREY (H5),WITH STICKER",AX 180  (VIENTO) CBS,45630,5019,50649,MEDIUM,BODY,1
65101M55011Z,"FRONT MUDGUARD,BLUE (K5),WITH STICKER",AX 180  (VIENTO) CBS,136890,15057,151947,MEDIUM,BODY,1
65101M55014Z,"FRONT MUDGUARD,BLUE E7,WITH STICKER",AX 180  (VIENTO) ABS,142600,15686,158286,MEDIUM,BODY,1
65101M55016Z,"FRONT MUDGUARD,VIOLET PF,WITH STICKER",AX 180  (VIENTO) ABS,142600,15686,158286,MEDIUM,BODY,1
65101M55017Z,"FRONT MUDGUARD,BLACK NJ,WITH STICKER",AX 180  (VIENTO) ABS,114080,12548,126628,MEDIUM,BODY,1
65101M55019Z,"FRONT MUDGUARD,WHITE WS,WITH STICKER",AX 180  (VIENTO) CBS,142600,15686,158286,MEDIUM,BODY,1
65101N51NJ00,"FRONT FENDER,BLACK (NJ)",FORD 250,250970,27606,278576,SLOW,BODY,1
65101N51S600,"FRONT FENDER,SILVER (S6)",FORD 250,256670,28233,284903,SLOW,BODY,1
65101N51VM00,"FRONT FENDER,GRAY (VM)",FORD 250,256670,28233,284903,SLOW,BODY,1
65101P54013Z,"FRONT FENDER,BLACK BG,WITH STICKER",SRV 250 AMT,365040,40154,405194,SLOW,BODY,1
65101P54014Z,"FRONT FENDER,WHITE X9,WITH STICKER",SRV 250 AMT,365040,40154,405194,SLOW,BODY,1
65101P54015Z,"FRONT FENDER,SILVERY S6,WITH STICKER",SRV 250 AMT,365040,40154,405194,SLOW,BODY,1
65101P95007Z,"FRONT FENDER,BLACK BL,WITH STICKER",SRK 800 RR,570380,62741,633121,SLOW,BODY,1
65101P95008Z,"FRONT FENDER,WHITE X9,WITH STICKER",SRK 800 RR,484820,53330,538150,SLOW,BODY,1
65101P95009Z,"FRONT FENDER,RED FB,WITH STICKER",SRK 800 RR,570380,62741,633121,SLOW,BODY,1
65101P95BG4Z,"FRONT FENDER,BLACK BG,WITH STICKER",SRK 800 RR,484820,53330,538150,SLOW,BODY,1
65101PBDBL00,FRONT MUDGUARD，BLACK BL,SRV 250 AL (LIBERO),365040,40154,405194,MEDIUM,BODY,1
65101PBDJE00,FRONT MUDGUARD，GRAY JE,SRV 250 AL (LIBERO),290900,31999,322899,MEDIUM,BODY,1
65101PBDNJ00,FRONT MUDGUARD，BLACK NJ,SRV 250 AL (LIBERO),365040,40154,405194,MEDIUM,BODY,1
65101PC2BL00,"FRONT MUDGUARD,BALCK BL",SRV 600 V,245270,26979,272249,MEDIUM,BODY,1
65101PC2NJ00,"FRONT MUDGUARD,BALCK NJ",SRV 600 V,199640,21960,221600,MEDIUM,BODY,1
65101PC2S600,"FRONT MUDGUARD,SILVERY S6",SRV 600 V,199640,21960,221600,MEDIUM,BODY,1
65102M550000,REAR OF FRONT MUDGUARD,AX 180  (VIENTO) ABS,28520,3137,31657,MEDIUM,BODY,1
65102PBD0000,LOWER CHAIN COVER,SRV 250 AL (LIBERO),51340,5647,56987,FAST,BODY,1
65103P950000,FRONT INNER FENDER,SRK 800 RR,11410,1255,12665,SLOW,BODY,1
65105N510000,BUSHING,FORD 250,5710,628,6338,MEDIUM,SUSPENSION,1
65108N510000,FRONT MUD PANEL LEFT TRIM PANEL,FORD 250,11410,1255,12665,MEDIUM,BODY,1
65109N510000,RUBBER SLEEVE,FORD 250,5710,628,6338,MEDIUM,OTHER,1
65114N510000,THIN HEXAGON SOCKET TORX FLANGE SCREW M8×25,FORD 250,5710,628,6338,FAST,FASTENER,1
65116N510000,FRONT MUD PANEL RIGHT TRIM PANEL,FORD 250,11410,1255,12665,MEDIUM,BODY,1
65116U570000,BOTTOM PLATE INNER PROTECTIVE PLATE,SRK 150 E (CITO),28520,3137,31657,MEDIUM,OTHER,1
65131P540000,FRONT FENDER LEFT BRACKET,SRV 250 AMT,85560,9411,94971,SLOW,BODY,1
65131PCZ0000,FRONT MUD BOARD LEFT BRACKET I,SRV 250 AL (LIBERO),22820,2510,25330,MEDIUM,OTHER,1
65132PCZ0000,FRONT MUDGUARD LEFT BRACKET II,SRV 250 AL (LIBERO),17120,1883,19003,MEDIUM,BODY,1
65140PBD0000,FRONT FENDER LEFT MOUNTING BASE,SRV 600 V,17120,1883,19003,SLOW,BODY,1
65141P53MM00,LEFT MOUNTING SEAT OF FRONT MUD PLATE,SRV 600 V,148300,16313,164613,MEDIUM,BODY,1
65141P540000,FRONT FENDER RIGHT BRACKET,SRV 250 AMT,85560,9411,94971,SLOW,BODY,1
65141PCZ0000,FRONT MUD BOARD RIGHT BRACKET I,SRV 250 AL (LIBERO),22820,2510,25330,MEDIUM,OTHER,1
65141S010000,FRONT MUD PLATE MOUNTING PLATE,SRK 800 RR,45630,5019,50649,MEDIUM,OTHER,1
65142PCZ0000,FRONT MUDGUARD RIGHT BRACKET II,SRV 250 AL (LIBERO),17120,1883,19003,MEDIUM,BODY,1
65150PBD0000,FRONT FENDER RIGHT MOUNTING SEAT,SRV 600 V,11410,1255,12665,SLOW,BODY,1
65151P370100,FRONT MUD BOARD BRACKET,SRV 600 V,45630,5019,50649,MEDIUM,OTHER,1
65151P53MM00,FRONT MUD BOARD RIGHT MOUNTING BASE,SRV 600 V,148300,16313,164613,MEDIUM,OTHER,1
65201M79BL00,"FRONT COVER OF FAUCET,BLACK (BL)",AX 180  (VIENTO) ABS,228150,25096,253246,MEDIUM,BODY,1
65201M79H500,"FRONT COVER OF FAUCET,GREY (H5)",AX 180  (VIENTO) ABS,228150,25096,253246,MEDIUM,BODY,1
65201M79NJ00,"FRONT COVER OF FAUCET,BLACK (NJ)",AX 180  (VIENTO) ABS,176820,19450,196270,MEDIUM,BODY,1
65201M79RG00,"FRONT COVER OF FAUCET,RED (RG)",AX 180  (VIENTO) ABS,222450,24469,246919,MEDIUM,BODY,1
65201N510000,FAUCET FRONT GUARD,FORD 250,34230,3765,37995,MEDIUM,BODY,1
65202M790000,REAR COVER OF FAUCET,AX 180  (VIENTO) ABS,28520,3137,31657,MEDIUM,BODY,1
65202N510000,REAR PROTECTION OF FAUCET,FORD 250,34230,3765,37995,MEDIUM,OTHER,1
65202P950000,INSTRUMENT COVER,SRK 800 RR,62750,6902,69652,MEDIUM,ELECTRICAL,1
65202U570000,INSTRUMENT COVER,SRK 150 E (CITO),57040,6274,63314,MEDIUM,ELECTRICAL,1
65203M79BL00,HEAD COVER DECORATIVE PANEL,AX 180  (VIENTO) ABS,68450,7529,75979,MEDIUM,BODY,1
65207U570000,STORAGE BOX LID,SRK 150 E (CITO),22820,2510,25330,MEDIUM,OTHER,1
65212N51NJ00,"FRONT PROTECTIVE DECORATIVE COVER OF FAUCET,BLACK (NJ)",FORD 250,85560,9411,94971,MEDIUM,BODY,1
65212U570000,LOCK DECORATIVE COVER,SRK 150 E (CITO),11410,1255,12665,MEDIUM,BODY,1
65214M79BL00,INSTRUMENT DECORATIVE PANEL,AX 180  (VIENTO) ABS,39930,4392,44322,MEDIUM,ELECTRICAL,1
65214N510000,INSTRUMENT COVER,FORD 250,62750,6902,69652,MEDIUM,ELECTRICAL,1
65214P950001,POWER LOCK DECORATIVE COVER,SRK 800 RR,11410,1255,12665,MEDIUM,BODY,1
65215N51NJ00,HANDLE FLAP,FORD 250,51340,5647,56987,MEDIUM,OTHER,1
65216N510000,HANDLE FLAP ROCKER ARM,FORD 250,5710,628,6338,MEDIUM,OTHER,1
65217N510000,HANDLE FLAP ROCKER ARM PRESSING PLATE,FORD 250,5710,628,6338,MEDIUM,OTHER,1
65217U57BL00,"HEADLIGHT DECORATIVE COVER,BLACK BL",SRK 150 E (CITO),159710,17568,177278,MEDIUM,BODY,1
65217U57H500,"HEADLIGHT DECORATIVE COVER,GRAY H5",SRK 150 E (CITO),159710,17568,177278,MEDIUM,BODY,1
65217U57RG00,"HEADLIGHT DECORATIVE COVER,RED RG",SRK 150 E (CITO),159710,17568,177278,MEDIUM,BODY,1
65217U57S600,"HEADLIGHT DECORATIVE COVER,SILVER S6",SRK 150 E (CITO),159710,17568,177278,MEDIUM,BODY,1
65217U57WS00,"HEADLIGHT DECORATIVE COVER,WHITE WS",SRK 150 E (CITO),159710,17568,177278,MEDIUM,BODY,1
65218N510001,HANDLE FLIP BUCKLE,FORD 250,5710,628,6338,MEDIUM,OTHER,1
65218U570000,DAYTIME RUNNING LIGHT INSTALLATION BASE,SRK 150 E (CITO),11410,1255,12665,MEDIUM,OTHER,1
65219N510000,HANDLE MOUNTED FLIP BUCKLE SEAT,FORD 250,5710,628,6338,MEDIUM,BODY,1
65244P530000,HEADLIGHT LEFT DECORATIVE PANEL,SRV 600 V,216750,23842,240592,MEDIUM,BODY,1
65245P530000,HEADLIGHT RIGHT DECORATIVE PANEL,SRV 600 V,216750,23842,240592,MEDIUM,BODY,1
65301L79NJ00,"FRONT HOOD PANEL,BLACK NJ",FORT 250  ADVENTURE ABS,176820,19450,196270,MEDIUM,BODY,1
65301M79004Z,"FRONT HOOD PANEL,RED (RG),WITH STICKER",AX 180  (VIENTO) ABS,330820,36390,367210,MEDIUM,BODY,1
65301M79005Z,"FRONT HOOD PANEL,BLUE (K5),WITH STICKER",AX 180  (VIENTO) ABS,342230,37645,379875,MEDIUM,BODY,1
65301M79006Z,"FRONT HOOD PANEL,GREY (H5),WITH STICKER",AX 180  (VIENTO) ABS,342230,37645,379875,MEDIUM,BODY,1
65301M79012Z,"FRONT HOOD PANEL,BLUE (E7),WITH STICKER",AX 180  (VIENTO) ABS,325120,35763,360883,MEDIUM,BODY,1
65301M79013Z,"FRONT HOOD PANEL,WHITE WS,WITH STICKER",AX 180  (VIENTO) CBS,325120,35763,360883,MEDIUM,BODY,1
65301M79014Z,"FRONT HOOD PANEL,VIOLET PF,WITH STICKER",AX 180  (VIENTO) ABS,325120,35763,360883,MEDIUM,BODY,1
65301M79015Z,"FRONT HOOD PANEL,GRAY VM,WITH STICKER",AX 180  (VIENTO) ABS,290900,31999,322899,MEDIUM,BODY,1
65301M79016Z,"FRONT HOOD PANEL,RED RG,WITH STICKER",AX 180  (VIENTO) CBS,325120,35763,360883,MEDIUM,BODY,1
65301N51NJ00,"FRONT COVER PANEL,BLACK (NJ)",FORD 250,245270,26979,272249,MEDIUM,BODY,1
65301N51S600,"FRONT COVER PANEL,SILVER (S6)",FORD 250,245270,26979,272249,MEDIUM,BODY,1
65301N51VM00,"FRONT COVER PANEL,GRAY (VM)",FORD 250,245270,26979,272249,MEDIUM,BODY,1
65302L79003Z,"FRONT HOOD BASE PLATE,GREY VM,WITH STICKER",FORT 250  ADVENTURE CBS,228150,25096,253246,MEDIUM,BODY,1
65302L79008Z,"FRONT HOOD BASE PLATE,RED RG,WITH STICKER",FORT 250  ADVENTURE ABS,256670,28233,284903,MEDIUM,BODY,1
65302L79009Z,"FRONT HOOD BASE PLATE,SILVER S6,WITH STICKER",FORT 250  ADVENTURE ABS,211040,23214,234254,MEDIUM,BODY,1
65302L79010Z,"FRONT HOOD BASE PLATE,BLACK BL,WITH STICKER",FORT 250  ADVENTURE ABS,256670,28233,284903,MEDIUM,BODY,1
65302N510000,ON THE INNER PANEL OF THE FRONT HOOD,FORD 250,45630,5019,50649,MEDIUM,BODY,1
65302U570000,LOWER COVER OF AIR INLET,SRK 150 E (CITO),51340,5647,56987,MEDIUM,BODY,1
65303L79007Z,"LEFT TRIM PANEL OF FRONT COWL PANEL,GREY VM,WITH STICKER",FORT 250  ADVENTURE CBS,159710,17568,177278,MEDIUM,BODY,1
65303L79012Z,"LEFT TRIM PANEL OF FRONT COWL PANEL,RED RG,WITH STICKER",FORT 250  ADVENTURE ABS,205340,22587,227927,MEDIUM,BODY,1
65303L79013Z,"LEFT TRIM PANEL OF FRONT COWL PANEL,SILVER S6,WITH STICKER",FORT 250  ADVENTURE ABS,165410,18195,183605,MEDIUM,BODY,1
65303L79014Z,"LEFT TRIM PANEL OF FRONT COWL PANEL,BLACK BL,WITH STICKER",FORT 250  ADVENTURE ABS,205340,22587,227927,MEDIUM,BODY,1
65303M790001,FRONT PANEL DECORATIVE PANEL,AX 180  (VIENTO) ABS,62750,6902,69652,MEDIUM,BODY,1
65303U570000,UPPER COVER OF AIR INLET,SRK 150 E (CITO),51340,5647,56987,MEDIUM,BODY,1
65304M790000,BOTTOM PLATE INNER PROTECTIVE PLATE,AX 180  (VIENTO) ABS,108380,11921,120301,MEDIUM,OTHER,1
65304N510000,UNDER THE FRONT HOOD LINER,FORD 250,68450,7529,75979,MEDIUM,OTHER,1
65304NT50000,BOTTOM PLATE INNER GUARD,FORT 250  ADVENTURE ABS,85560,9411,94971,MEDIUM,BODY,1
65304P95BG00,"INNER TRIM PANEL OF SHROUD,BLACK BG",SRK 800 RR,342230,37645,379875,MEDIUM,BODY,1
65304U570000,BOTTOM PLATE INNER PROTECTIVE PLATE,SRK 150 E (CITO),39930,4392,44322,MEDIUM,OTHER,1
65305P950000,LEFT FRONT PANEL TRIM PANEL,SRK 800 RR,17120,1883,19003,MEDIUM,BODY,1
65306P950000,FRONT RIGHT PANEL TRIM PANEL,SRK 800 RR,17120,1883,19003,MEDIUM,BODY,1
65309L79007Z,"FRONT COWL PANEL RIGHT TRIM PANEL,GREY VN,WITH STICKER",FORT 250  ADVENTURE CBS,159710,17568,177278,MEDIUM,BODY,1
65309L79012Z,"FRONT COWL PANEL RIGHT TRIM PANEL,RED RG,WITH STICKER",FORT 250  ADVENTURE ABS,205340,22587,227927,MEDIUM,BODY,1
65309L79013Z,"FRONT COWL PANEL RIGHT TRIM PANEL,SILVER S6,WITH STICKER",FORT 250  ADVENTURE ABS,165410,18195,183605,MEDIUM,BODY,1
65309L79014Z,"FRONT COWL PANEL RIGHT TRIM PANEL,BLACK BL,WITH STICKER",FORT 250  ADVENTURE ABS,205340,22587,227927,MEDIUM,BODY,1
65312L790000,FRONT CAMERA MOUNTING PLATE,FORT 250  ADVENTURE ABS,5710,628,6338,MEDIUM,OTHER,1
65313PAK0000,CAMERA INSTALLATION HOLE PLUG,FORD 250,5710,628,6338,FAST,OTHER,1
65315N510000,HEADLAMP TRIM COVER,FORD 250,17120,1883,19003,FAST,ELECTRICAL,1
65315P950000,LOWER LEFT INNER GUARD,SRK 800 RR,17120,1883,19003,MEDIUM,BODY,1
65316M79004Z,"LEFT SIDE CONNECTOR,SILVER (S6),WITH STICKER",AX 180  (VIENTO) ABS,216750,23842,240592,MEDIUM,BODY,1
65316M79005Z,"LEFT SIDE CONNECTOR,SILVER (S6),WITH STICKER",AX 180  (VIENTO) ABS,216750,23842,240592,MEDIUM,BODY,1
65316M79015Z,"LEFT SIDE CONNECTOR,BLUE E7,WITH STICKER",AX 180  (VIENTO) ABS,273780,30115,303895,MEDIUM,BODY,1
65316M79016Z,"LEFT SIDE CONNECTOR,WHITE WS,WITH STICKER",AX 180  (VIENTO) ABS,273780,30115,303895,MEDIUM,BODY,1
65316M79017Z,"LEFT SIDE CONNECTOR,VIOLET PF,WITH STICKER",AX 180  (VIENTO) ABS,273780,30115,303895,MEDIUM,BODY,1
65316M79018Z,"LEFT SIDE CONNECTOR,GRAY VM,WITH STICKER",AX 180  (VIENTO) ABS,250970,27606,278576,MEDIUM,BODY,1
65316M79019Z,"LEFT SIDE CONNECTOR,BLACK BL,WITH STICKER",AX 180  (VIENTO) ABS,273780,30115,303895,MEDIUM,BODY,1
65316N51008Z,"LEFT CONNECTOR BOARD,BLACK (NJ),WITH STICKER",FORD 250,245270,26979,272249,MEDIUM,BODY,1
65316N51009Z,"LEFT CONNECTOR BOARD,GRAY (VM),WITH STICKER",FORD 250,245270,26979,272249,MEDIUM,BODY,1
65316N51010Z,"LEFT CONNECTOR BOARD,SILVER (S6),WITH STICKER",FORD 250,245270,26979,272249,MEDIUM,BODY,1
65316N51011Z,"LEFT CONNECTING BOARD,SILVER (S6)),WITH STICKER",FORD 250,245270,26979,272249,MEDIUM,BODY,1
65316P950000,LOWER RIGHT INNER GUARD,SRK 800 RR,17120,1883,19003,MEDIUM,BODY,1
65317M79004Z,"RIGHT CONNECTING PLATE,SILVER (S6),WITH STICKER",AX 180  (VIENTO) ABS,216750,23842,240592,MEDIUM,BODY,1
65317M79005Z,"RIGHT CONNECTING PLATE,SILVER (S6),WITH STICKER",AX 180  (VIENTO) ABS,216750,23842,240592,MEDIUM,BODY,1
65317M79015Z,"RIGHT CONNECTING PLATE,BLUE E7,WITH STICKER",AX 180  (VIENTO) ABS,273780,30115,303895,MEDIUM,BODY,1
65317M79016Z,"RIGHT CONNECTING PLATE,WHITE WS,WITH STICKER",AX 180  (VIENTO) ABS,273780,30115,303895,MEDIUM,BODY,1
65317M79017Z,"RIGHT CONNECTING PLATE,VIOLET PF,WITH STICKER",AX 180  (VIENTO) ABS,273780,30115,303895,MEDIUM,BODY,1
65317M79018Z,"RIGHT CONNECTING PLATE,GRAY VM,WITH STICKER",AX 180  (VIENTO) ABS,250970,27606,278576,MEDIUM,BODY,1
65317M79019Z,"RIGHT CONNECTING PLATE,BLACK BL,WITH STICKER",AX 180  (VIENTO) ABS,273780,30115,303895,MEDIUM,BODY,1
65317N51008Z,"RIGHT CONNECTING BOARD,BLACK (NJ),WITH STICKER",FORD 250,245270,26979,272249,MEDIUM,BODY,1
65317N51009Z,"RIGHT CONNECTING BOARD,GRAY (VM),WITH STICKER",FORD 250,245270,26979,272249,MEDIUM,BODY,1
65317N51010Z,"RIGHT CONNECTING BOARD,SILVER (S6),WITH STICKER",FORD 250,245270,26979,272249,MEDIUM,BODY,1
65317N51011Z,"RIGHT CONNECTING BOARD,SILVER (S6),WITH STICKER",FORD 250,245270,26979,272249,MEDIUM,BODY,1
65317P950000,UPPER LEFT INNER GUARD,SRK 800 RR,17120,1883,19003,MEDIUM,BODY,1
65318L79NJ00,"HEADLIGHT TRIM COVER,BLACK NJ",FORT 250  ADVENTURE ABS,108380,11921,120301,MEDIUM,BODY,1
65318N510000,LEEVE,FORD 250,17120,1883,19003,MEDIUM,OTHER,1
65318P950000,UPPER RIGHT INNER GUARD,SRK 800 RR,17120,1883,19003,MEDIUM,BODY,1
65319L790000,FRONT CONNECTING PLATE OF STEERING HANDLE DECORATIVE PANEL,FORT 250  ADVENTURE ABS,11410,1255,12665,MEDIUM,BODY,1
65319N510000,UPPER TRIM PANEL OF FRONT HOOD,FORD 250,45630,5019,50649,MEDIUM,BODY,1
65319U57BL00,"HEADLIGHT DECORATIVE COVER LOWER LEFT DECORATIVE PANEL,BLACK BL",SRK 150 E (CITO),17120,1883,19003,MEDIUM,BODY,1
65319U57H500,"HEADLIGHT DECORATIVE COVER LOWER LEFT DECORATIVE PANEL,GRAY H5",SRK 150 E (CITO),17120,1883,19003,MEDIUM,BODY,1
65319U57RG00,"HEADLIGHT DECORATIVE COVER LOWER LEFT DECORATIVE PANEL,RED RG",SRK 150 E (CITO),17120,1883,19003,MEDIUM,BODY,1
65319U57S600,"HEADLIGHT DECORATIVE COVER LOWER LEFT DECORATIVE PANEL,SILVER S6",SRK 150 E (CITO),17120,1883,19003,MEDIUM,BODY,1
65319U57WS00,"HEADLIGHT DECORATIVE COVER LOWER LEFT DECORATIVE PANEL,WHITE WS",SRK 150 E (CITO),17120,1883,19003,MEDIUM,BODY,1
65320U57BL00,"HEADLIGHT DECORATIVE COVER LOWER RIGHT DECORATIVE PANEL,BLACK BL",SRK 150 E (CITO),17120,1883,19003,MEDIUM,BODY,1
65320U57H500,"HEADLIGHT DECORATIVE COVER LOWER RIGHT DECORATIVE PANEL,GRAY H5",SRK 150 E (CITO),17120,1883,19003,MEDIUM,BODY,1
65320U57RG00,"HEADLIGHT DECORATIVE COVER LOWER RIGHT DECORATIVE PANEL,RED RG",SRK 150 E (CITO),17120,1883,19003,MEDIUM,BODY,1
65320U57S600,"HEADLIGHT DECORATIVE COVER LOWER RIGHT DECORATIVE PANEL,SILVER S6",SRK 150 E (CITO),17120,1883,19003,MEDIUM,BODY,1
65320U57WS00,"HEADLIGHT DECORATIVE COVER LOWER RIGHT DECORATIVE PANEL,WHITE WS",SRK 150 E (CITO),17120,1883,19003,MEDIUM,BODY,1
65321L790000,FRONT LEFT STORAGE COVER TRIM PANEL,FORT 250  ADVENTURE ABS,11410,1255,12665,MEDIUM,BODY,1
65321P950000,FRONT CAMERA MOUNTING PLATE,SRK 800 RR,5710,628,6338,MEDIUM,OTHER,1
65322L790000,FRONT RIGHT STORAGE COVER TRIM PANEL,FORT 250  ADVENTURE ABS,11410,1255,12665,MEDIUM,BODY,1
65322N510000,FRONT CARGO BOX COVER,FORD 250,17120,1883,19003,MEDIUM,BODY,1
65323L79S600,"LEFT BAR OF STORAGE BOX,SILVER CM",FORT 250  ADVENTURE ABS,39930,4392,44322,MEDIUM,OTHER,1
65323U570000,STORAGE BOX SEALING STRIP I,SRK 150 E (CITO),5710,628,6338,FAST,FASTENER,1
65324L79S600,"RIGHT BAR OF STORAGE BOX,SILVER CM",FORT 250  ADVENTURE ABS,39930,4392,44322,MEDIUM,OTHER,1
65324U570000,STORAGE BOX SEALING STRIP II,SRK 150 E (CITO),5710,628,6338,FAST,FASTENER,1
65326M790000,FRONT CARGO BOX FLAP INNER LINING PANEL,AX 180  (VIENTO) ABS,17120,1883,19003,MEDIUM,BODY,1
65327M790000,FRONT CARGO BOX PRESSURE PLATE,AX 180  (VIENTO) ABS,5710,628,6338,MEDIUM,OTHER,1
65328M79BL00,"LEFT WING BOARD,BLACK (BL)",AX 180  (VIENTO) ABS,131190,14430,145620,MEDIUM,OTHER,1
65329L790000,STORAGE BOX SPONGE STRIP,AX 180  (VIENTO) ABS,5710,628,6338,MEDIUM,OTHER,1
65329M79BL00,"RIGHT WING BOARD,BLACK (BL)",AX 180  (VIENTO) ABS,131190,14430,145620,MEDIUM,OTHER,1
65329N510000,STORAGE BOX SPONGE STRIP,FORD 250,5710,628,6338,MEDIUM,OTHER,1
65331N510000,FRONT CARGO BOX COVER ROCKER ARM,FORD 250,11410,1255,12665,MEDIUM,BODY,1
65332N510000,ROCKER ARM PRESSING PLATE OF FRONT CARGO BOX COVER,FORD 250,5710,628,6338,MEDIUM,BODY,1
65333L790000,I-SHAPED RUBBER,FORT 250  ADVENTURE ABS,11410,1255,12665,MEDIUM,OTHER,1
65333N510000,STORAGE BOX COVER SPRING,FORD 250,5710,628,6338,MEDIUM,BODY,1
65361L790000,DAMPE,FORT 250  ADVENTURE ABS,17120,1883,19003,MEDIUM,OTHER,1
65366M790000,LEFT CONNECTING PANEL DECORATIVE PANEL,AX 180  (VIENTO) ABS,11410,1255,12665,MEDIUM,BODY,1
65367M790000,RIGHT CONNECTING PLATE DECORATIVE PANEL,AX 180  (VIENTO) ABS,11410,1255,12665,MEDIUM,BODY,1
65401L790000,LEFT SIDE PANEL,FORT 250  ADVENTURE ABS,102670,11293,113963,MEDIUM,BODY,1
65401M790000,LEFT FOOT PEDAL,AX 180  (VIENTO) ABS,85560,9411,94971,MEDIUM,OTHER,1
65401N510000,FOOT PEDAL,FORD 250,74150,8156,82306,MEDIUM,OTHER,1
65402L790000,FOOT GUARD I,FORT 250  ADVENTURE ABS,62750,6902,69652,MEDIUM,BODY,1
65402M790000,FOOT PROTECTION BOARD,AX 180  (VIENTO) ABS,79860,8784,88644,MEDIUM,OTHER,1
65402M790001,FOOT PROTECTION BOARD,AX 180  (VIENTO) CBS,79860,8784,88644,MEDIUM,OTHER,1
65402N510000,FOOT GUARD,FORD 250,205340,22587,227927,MEDIUM,BODY,1
65402P95021Z,"LEFT FOOT GUARD,RED 2 # RG,WITH STICKER",SRK 800 RR,992460,109170,1101630,MEDIUM,BODY,1
65402P95022Z,"LEFT FOOT GUARD,BLACK BL,WITH STICKER",SRK 800 RR,787120,86583,873703,MEDIUM,BODY,1
65402P95023Z,"LEFT FOOT GUARD,WHITE X9,WITH STICKER",SRK 800 RR,633120,69643,702763,MEDIUM,BODY,1
65402P95024Z,"LEFT FOOT GUARD,RED FB,WITH STICKER",SRK 800 RR,787120,86583,873703,MEDIUM,BODY,1
65403M790000,FRAME NUMBER COVER,AX 180  (VIENTO) ABS,5710,628,6338,SLOW,BODY,1
65403N510000,FRAME NUMBER COVER,FORD 250,11410,1255,12665,SLOW,BODY,1
65403P95BG00,"LEFT GUARD TRIM PLATE,BLACK BG",SRK 800 RR,39930,4392,44322,MEDIUM,BODY,1
65403P95FB00,"LEFT GUARD TRIM PLATE,RED FB",SRK 800 RR,45630,5019,50649,MEDIUM,BODY,1
65404M790000,FRONT CARGO BOX REAR PANEL,AX 180  (VIENTO) ABS,11410,1255,12665,MEDIUM,BODY,1
65404P95BG00,"RIGHT GUARD TRIM PANEL,BLACK BG",SRK 800 RR,39930,4392,44322,MEDIUM,BODY,1
65404P95FB00,"RIGHT GUARD TRIM PANEL,RED FB",SRK 800 RR,45630,5019,50649,MEDIUM,BODY,1
65405L790000,"RIGHT SIDE PANEL,WITH STICKER",FORT 250  ADVENTURE ABS,102670,11293,113963,MEDIUM,BODY,1
65405M790000,RIGHT FOOT PEDAL,AX 180  (VIENTO) ABS,85560,9411,94971,MEDIUM,OTHER,1
65406M790000,LOWER CONNECTING PLATE,AX 180  (VIENTO) ABS,57040,6274,63314,MEDIUM,OTHER,1
65406N510000,FLOOR,FORD 250,51340,5647,56987,MEDIUM,OTHER,1
65406NT50000,LOWER COUPLING PLATE,FORT 250  ADVENTURE ABS,62750,6902,69652,MEDIUM,OTHER,1
65406P95001Z,"LEFT ENGINE COVER,BLACK BG,WITH STICKER",SRK 800 RR,308010,33881,341891,SLOW,BODY,1
65406P95005Z,"LEFT ENGINE COVER,RED FB,WITH STICKER",SRK 800 RR,387860,42664,430524,SLOW,BODY,1
65407P95001Z,"RIGHT ENGINE COVER,BLACK BG,WITH STICKER",SRK 800 RR,353640,38900,392540,SLOW,BODY,1
65407P95005Z,"RIGHT ENGINE COVER,RED FB,WITH STICKER",SRK 800 RR,450600,49566,500166,SLOW,BODY,1
65408L79006Z,"LEFT PROTECTIVE STRIP,BLACK NJ,WITH STICKER",FORT 250  ADVENTURE ABS,159710,17568,177278,MEDIUM,BODY,1
65408L79007Z,"LEFT PROTECTIVE STRIP,BLACK NJ,WITH STICKER",FORT 250  ADVENTURE ABS,159710,17568,177278,MEDIUM,BODY,1
65408L79009Z,"LEFT PROTECTIVE STRIP,BLACK NJ,WITH STICKER",FORT 250  ADVENTURE ABS,159710,17568,177278,MEDIUM,BODY,1
65408M790000,LEFT BAR,AX 180  (VIENTO) ABS,34230,3765,37995,MEDIUM,OTHER,1
65408N51NJ00,"LEFT BAR,BLACK (NJ)",FORD 250,205340,22587,227927,MEDIUM,OTHER,1
65408N51S600,"LEFT BAR,SILVER (S6)",FORD 250,205340,22587,227927,MEDIUM,OTHER,1
65408N51VM00,"LEFT BAR,GRAY (VM)",FORD 250,205340,22587,227927,MEDIUM,OTHER,1
65409L79006Z,"RIGHT PROTECTIVE STRIP,BLACK NJ,WITH STICKER",FORT 250  ADVENTURE ABS,159710,17568,177278,MEDIUM,BODY,1
65409L79007Z,"RIGHT PROTECTIVE STRIP,BLACK NJ,WITH STICKER",FORT 250  ADVENTURE ABS,159710,17568,177278,MEDIUM,BODY,1
65409L79008Z,"RIGHT PROTECTIVE STRIP,BLACK NJ,WITH STICKER",FORT 250  ADVENTURE CBS,159710,17568,177278,MEDIUM,BODY,1
65409L79009Z,"RIGHT PROTECTIVE STRIP,BLACK NJ,WITH STICKER",FORT 250  ADVENTURE ABS,159710,17568,177278,MEDIUM,BODY,1
65409M790000,RIGHT BAR,AX 180  (VIENTO) ABS,39930,4392,44322,MEDIUM,OTHER,1
65409N51NJ00,"RIGHT BAR,BLACK (NJ)",FORD 250,211040,23214,234254,MEDIUM,OTHER,1
65409N51S600,"RIGHT BAR,SILVER (S6)",FORD 250,211040,23214,234254,MEDIUM,OTHER,1
65409N51VM00,"RIGHT BAR,GRAY (VM)",FORD 250,211040,23214,234254,MEDIUM,OTHER,1
65411L79S600,"RIGHT FOOT PEDAL TRIM,SILVER S6",FORT 250  ADVENTURE ABS,79860,8784,88644,MEDIUM,OTHER,1
65411N51NJ00,"LEFT REAR PROTECTIVE STRIP,BLACK (NJ)",FORD 250,279490,30743,310233,MEDIUM,OTHER,1
65411N51RG00,"LEFT REAR PROTECTIVE STRIP,RED (RG)",FORD 250,325120,35763,360883,MEDIUM,OTHER,1
65411N51S600,"LEFT REAR PROTECTIVE STRIP,SILVER (S6)",FORD 250,268080,29488,297568,MEDIUM,OTHER,1
65411N51VM00,"LEFT REAR PROTECTIVE STRIP,GRAY (VM)",FORD 250,268080,29488,297568,MEDIUM,OTHER,1
65412L79S600,"LEFT FOOT PEDAL TRIM,SILVER S6",FORT 250  ADVENTURE ABS,79860,8784,88644,MEDIUM,OTHER,1
65412N51NJ00,"RIGHT REAR PROTECTIVE STRIP,BLACK (NJ)",FORD 250,296600,32626,329226,MEDIUM,OTHER,1
65412N51RG00,"RIGHT REAR PROTECTIVE STRIP,RED (RG)",FORD 250,342230,37645,379875,MEDIUM,OTHER,1
65412N51S600,"RIGHT REAR PROTECTIVE STRIP,SILVER (S6)",FORD 250,285190,31370,316560,MEDIUM,OTHER,1
65412N51VM00,"RIGHT REAR PROTECTIVE STRIP,GRAY (VM)",FORD 250,285190,31370,316560,MEDIUM,OTHER,1
65413L790000,LEFT FOOT TREAD,FORT 250  ADVENTURE ABS,39930,4392,44322,MEDIUM,OTHER,1
65413M790000,LEFT FOOT STOMPING SKIN,AX 180  (VIENTO) ABS,39930,4392,44322,MEDIUM,OTHER,1
65413N510000,LEFT FOOT RUBBER PAD,FORD 250,39930,4392,44322,MEDIUM,OTHER,1
65413P950000,CONNECTING PLATE OF LEFT AND RIGHT FENDER TRIM PANEL,SRK 800 RR,39930,4392,44322,SLOW,BODY,1
65414L790000,RIGHT FOOT TREAD,FORT 250  ADVENTURE ABS,39930,4392,44322,MEDIUM,OTHER,1
65414M790000,RIGHT FOOT STOMPING SKIN,AX 180  (VIENTO) ABS,39930,4392,44322,MEDIUM,OTHER,1
65414N510000,RIGHT FOOT RUBBER PAD,FORD 250,39930,4392,44322,MEDIUM,OTHER,1
65416PC20000,BATTERY BOX COVER,SRV 600 V,45630,5019,50649,MEDIUM,BODY,1
65417L790000,SPARK CAP,FORT 250  ADVENTURE ABS,11410,1255,12665,MEDIUM,OTHER,1
65417PC20000,BATTERY BOX,SRV 600 V,22820,2510,25330,MEDIUM,OTHER,1
65418L790000,MIDDLE FOOT GUARD,FORT 250  ADVENTURE ABS,51340,5647,56987,MEDIUM,BODY,1
65419L79NJ00,LEFT FOOT GUARD,FORT 250  ADVENTURE ABS,171120,18823,189943,MEDIUM,BODY,1
65419M790000,FOOT PROTECTION BOARD SHIELD,AX 180  (VIENTO) ABS,34230,3765,37995,MEDIUM,OTHER,1
65419N51NJ00,"FOOT GUARD TRIM COVER,BLACK (NJ)",FORD 250,125490,13803,139293,MEDIUM,BODY,1
65419N51S600,"FOOT GUARD TRIM COVER,SILVER (S6)",FORD 250,119780,13175,132955,MEDIUM,BODY,1
65419N51VM00,"FOOT GUARD TRIM COVER,GRAY (VM)",FORD 250,119780,13175,132955,MEDIUM,BODY,1
65422P95021Z,"RIGHT FOOT GUARD,RED 2 # RG,WITH STICKER",SRK 800 RR,998160,109797,1107957,MEDIUM,BODY,1
65422P95022Z,"RIGHT FOOT GUARD,BLACK BL,WITH STICKER",SRK 800 RR,787120,86583,873703,MEDIUM,BODY,1
65422P95023Z,"RIGHT FOOT GUARD,WHITE X9,WITH STICKER",SRK 800 RR,633120,69643,702763,MEDIUM,BODY,1
65422P95024Z,"RIGHT FOOT GUARD,RED FB,WITH STICKER",SRK 800 RR,787120,86583,873703,MEDIUM,BODY,1
65425N510000,FOOT SCREW PLUG,FORD 250,5710,628,6338,FAST,FASTENER,1
65425P95BG00,"LEFT FOOT GUARD TRIM STRIP,BLACK BG",SRK 800 RR,96970,10666,107636,MEDIUM,BODY,1
65426L79NJ00,RIGHT FOOT GUARD,FORT 250  ADVENTURE ABS,171120,18823,189943,MEDIUM,BODY,1
65426P95BG00,"RIGHT FOOT GUARD TRIM STRIP,BLACK BG",SRK 800 RR,96970,10666,107636,MEDIUM,BODY,1
65427M550000,OIL LEAKAGE DISC,AX 180  (VIENTO) ABS,11410,1255,12665,FAST,BRAKE,1
65427P950000,LEFT INNER PANEL,SRK 800 RR,11410,1255,12665,MEDIUM,BODY,1
65428L79014Z,"LEFT PEDAL FRONT TRIM PANEL,SILVER S6,WITH STICKER",FORT 250  ADVENTURE ABS,262380,28861,291241,MEDIUM,BODY,1
65428L79015Z,"LEFT PEDAL FRONT TRIM PANEL,SILVER S6,WITH STICKER",FORT 250  ADVENTURE CBS,290900,31999,322899,MEDIUM,BODY,1
65428L79016Z,"LEFT PEDAL FRONT TRIM PANEL,SILVER S6,WITH STICKER",FORT 250  ADVENTURE ABS,262380,28861,291241,MEDIUM,BODY,1
65428L79022Z,"LEFT PEDAL FRONT TRIM PANEL,SILVER S6,WITH STICKER",FORT 250  ADVENTURE ABS,268080,29488,297568,MEDIUM,BODY,1
65428P950000,RIGHT INNER PANEL,SRK 800 RR,11410,1255,12665,MEDIUM,BODY,1
65429L79014Z,"RIGHT PEDAL FRONT TRIM PANEL,SILVER S6,WITH STICKER",FORT 250  ADVENTURE ABS,250970,27606,278576,MEDIUM,BODY,1
65429L79015Z,"RIGHT PEDAL FRONT TRIM PANEL,SILVER S6,WITH STICKER",FORT 250  ADVENTURE CBS,285190,31370,316560,MEDIUM,BODY,1
65429L79016Z,"RIGHT PEDAL FRONT TRIM PANELSILVER S6,WITH STICKER",FORT 250  ADVENTURE ABS,250970,27606,278576,MEDIUM,BODY,1
65429L79022Z,"RIGHT PEDAL FRONT TRIM PANEL,SILVER S6,WITH STICKER",FORT 250  ADVENTURE ABS,256670,28233,284903,MEDIUM,BODY,1
65434L790000,WATER CAP,FORT 250  ADVENTURE ABS,5710,628,6338,MEDIUM,OTHER,1
65434M790000,ADD LIQUID CAP,AX 180  (VIENTO) ABS,5710,628,6338,MEDIUM,OTHER,1
65435L790000,LEFT STORAGE BOX,FORT 250  ADVENTURE ABS,34230,3765,37995,MEDIUM,OTHER,1
65436L790000,RIGHT STORAGE BOX,FORT 250  ADVENTURE ABS,28520,3137,31657,MEDIUM,OTHER,1
65436M79AD00,"LEFT FOOT PROTECTIVE PANEL DECORATIVE PANEL,GOLD (AD)",AX 180  (VIENTO) ABS,45630,5019,50649,MEDIUM,BODY,1
65436M79RG00,"LEFT FOOT PROTECTIVE PANEL DECORATIVE PANEL,RED (RG)",AX 180  (VIENTO) ABS,51340,5647,56987,MEDIUM,BODY,1
65436M79S600,"LEFT FOOT PROTECTIVE PANEL DECORATIVE PANEL,SILVER (S6)",AX 180  (VIENTO) ABS,45630,5019,50649,MEDIUM,BODY,1
65436M79U600,"LEFT FOOT PROTECTIVE PANEL DECORATIVE PANEL,GREEN U6",AX 180  (VIENTO) ABS,57040,6274,63314,MEDIUM,BODY,1
65436P950000,RIGHT ENGINE HOOD INSULATION FOIL PAPER,SRK 800 RR,22820,2510,25330,FAST,ENGINE,1
65436T490000,FOOT PROTECTION BOARD SPONGE PAD I,SRK 800 RR,5710,628,6338,MEDIUM,OTHER,1
65437L790000,INNER PLATE OF LEFT STORAGE BOX COVER,FORT 250  ADVENTURE ABS,17120,1883,19003,MEDIUM,BODY,1
65437M79AD00,"RIGHT FOOT PROTECTIVE PANEL DECORATIVE PANEL,GOLD (AD)",AX 180  (VIENTO) ABS,45630,5019,50649,MEDIUM,BODY,1
65437M79RG00,"RIGHT FOOT PROTECTIVE PANEL DECORATIVE PANEL,RED (RG)",AX 180  (VIENTO) ABS,51340,5647,56987,MEDIUM,BODY,1
65437M79S600,"RIGHT FOOT PROTECTIVE PANEL DECORATIVE PANEL,SILVER (S6)",AX 180  (VIENTO) ABS,45630,5019,50649,MEDIUM,BODY,1
65437M79U600,"RIGHT FOOT PROTECTIVE PANEL DECORATIVE PANEL,GREEN U6",AX 180  (VIENTO) ABS,57040,6274,63314,MEDIUM,BODY,1
65437PCD0000,RIGHT ENGINE HOOD INSULATION FOIL II,SRK 800 RR,34230,3765,37995,FAST,ENGINE,1
65437U570000,ENGINE DECORATIVE COVER,SRK 150 E (CITO),34230,3765,37995,SLOW,ENGINE,1
65438L790000,INNER PLATE OF RIGHT STORAGE BOX COVER,FORT 250  ADVENTURE ABS,17120,1883,19003,MEDIUM,BODY,1
65439L790000,LEFT STORAGE BOX FIXING PLATE,FORT 250  ADVENTURE ABS,5710,628,6338,MEDIUM,OTHER,1
65441L790000,RIGHT STORAGE BOX FIXING PLATE,FORT 250  ADVENTURE ABS,5710,628,6338,MEDIUM,OTHER,1
65441P950000,ENGINE INSULATION RUBBER SKIN,SRK 800 RR,34230,3765,37995,SLOW,ENGINE,1
65442L790000,FRONT CARGO BOX TORSION SPRING,AX 180  (VIENTO) ABS,5710,628,6338,MEDIUM,OTHER,1
65442N510000,WATER INLET COVER PLATE,FORD 250,5710,628,6338,MEDIUM,BODY,1
65443L790000,FRONT CARGO BOX PIVOT,AX 180  (VIENTO) ABS,5710,628,6338,MEDIUM,OTHER,1
65444L790000,OIL TANK LOCK BASE TORSION SPRING,FORT 250  ADVENTURE ABS,5710,628,6338,FAST,BODY,1
65445L790000,OIL TANK LOCK SEAT PIN SHAFT,FORT 250  ADVENTURE ABS,5710,628,6338,FAST,BODY,1
65448PCD0000,LEFT FOOT PROTECTIVE BOARD ANTI WEAR STICKER,SRK 800 RR,74150,8156,82306,MEDIUM,BODY,1
65449PCD0000,RIGHT FOOT PROTECTIVE BOARD ANTI WEAR STICKER,SRK 800 RR,74150,8156,82306,MEDIUM,BODY,1
65451L790000,TANK CAP,FORT 250  ADVENTURE ABS,11410,1255,12665,SLOW,BODY,1
65451M790000,FUEL CAP,AX 180  (VIENTO) ABS,11410,1255,12665,MEDIUM,OTHER,1
65451N510000,FUEL TANK COVER GUARD,FORD 250,22820,2510,25330,SLOW,BODY,1
65452M790000,FUEL CAP FIXING BRACKET,AX 180  (VIENTO) ABS,5710,628,6338,MEDIUM,OTHER,1
65453L790000,OIL TANK INNER COVER,FORT 250  ADVENTURE ABS,34230,3765,37995,FAST,BODY,1
65453M790000,FUEL CAP PIVOT SHAFT,AX 180  (VIENTO) ABS,5710,628,6338,SLOW,OTHER,1
65453NT50000,FUEL TANK INNER PANEL,FORT 250  ADVENTURE ABS,17120,1883,19003,SLOW,BODY,1
65454L790000,FUEL TANK COVER FIXING PLATE,FORT 250  ADVENTURE ABS,5710,628,6338,SLOW,BODY,1
65455M550000,FUEL CAP TORSION SPRING,AX 180  (VIENTO) ABS,5710,628,6338,MEDIUM,OTHER,1
65484N510000,FRONT CARGO BOX SWITCH,FORD 250,5710,628,6338,MEDIUM,ELECTRICAL,1
65487N510000,FRONT CARGO BOX SWITCH SPRING,FORD 250,5710,628,6338,MEDIUM,ELECTRICAL,1
65501PC20000,FRONT FLOW GUIDE COVER,SRV 600 V,199640,21960,221600,MEDIUM,BODY,1
65501PCZ0000,DEFLECTION HOOD,SRV 250 AL (LIBERO),17120,1883,19003,MEDIUM,OTHER,1
65503L790000,WINDSHIELD,FORT 250  ADVENTURE ABS,484820,53330,538150,MEDIUM,BODY,1
65503M790000,WINDSHIELD,AX 180  (VIENTO) ABS,108380,11921,120301,MEDIUM,BODY,1
65503N510000,WINDSHIELD,FORD 250,547560,60231,607791,MEDIUM,BODY,1
65503P950000,WINDSHIELD,SRK 800 RR,245270,26979,272249,MEDIUM,BODY,1
65503U570000,WINDSHIELD,SRK 150 E (CITO),142600,15686,158286,MEDIUM,BODY,1
65508P290000,EDGING STRIP,FORD 250,22820,2510,25330,MEDIUM,OTHER,1
65509N510000,WINDSHIELD RUBBER PAD,FORD 250,11410,1255,12665,MEDIUM,BODY,1
65509T490000,RUBBER PAD,FORT 250  ADVENTURE ABS,5710,628,6338,MEDIUM,OTHER,1
65512U57001Z,"LEFT DIFFUSER,SILVER S6,WITH STICKER",SRK 150 E (CITO),228150,25096,253246,MEDIUM,BODY,1
65512U57002Z,"LEFT DIFFUSER,RED RG,WITH STICKER",SRK 150 E (CITO),228150,25096,253246,MEDIUM,BODY,1
65512U57003Z,"LEFT DIFFUSER,GRAY H5,WITH STICKER",SRK 150 E (CITO),228150,25096,253246,MEDIUM,BODY,1
65512U57004Z,"LEFT DIFFUSER,BLACK BL,WITH STICKER",SRK 150 E (CITO),239560,26351,265911,MEDIUM,BODY,1
65512U57005Z,"LEFT DIFFUSER,WHITE WS,WITH STICKER",SRK 150 E (CITO),228150,25096,253246,MEDIUM,BODY,1
65513U57001Z,"RIGHT DIFFUSER,SILVER S6,WITH STICKER",SRK 150 E (CITO),228150,25096,253246,MEDIUM,BODY,1
65513U57002Z,"RIGHT DIFFUSER,RED RG,WITH STICKER",SRK 150 E (CITO),228150,25096,253246,MEDIUM,BODY,1
65513U57003Z,"RIGHT DIFFUSER,GRAY H5,WITH STICKER",SRK 150 E (CITO),228150,25096,253246,MEDIUM,BODY,1
65513U57004Z,"RIGHT FLOW HOOD,BLACK BL,WITH STICKER",SRK 150 E (CITO),228150,25096,253246,MEDIUM,BODY,1
65513U57005Z,"RIGHT DIFFUSER,WHITE WS,WITH STICKER",SRK 150 E (CITO),228150,25096,253246,MEDIUM,BODY,1
65515U57006Z,"LEFT DIFFUSER DECORATIVE PANEL,SILVER S6,WITH STICKER",SRK 150 E (CITO),119780,13175,132955,MEDIUM,BODY,1
65515U57007Z,"LEFT DIFFUSER DECORATIVE PANEL,RED RG,WITH STICKER",SRK 150 E (CITO),136890,15057,151947,MEDIUM,BODY,1
65515U57008Z,"LEFT DIFFUSER DECORATIVE PANEL,GRAY H5,WITH STICKER",SRK 150 E (CITO),136890,15057,151947,MEDIUM,BODY,1
65515U57009Z,"LEFT DIFFUSER DECORATIVE PANEL,BLACK BL,WITH STICKER",SRK 150 E (CITO),136890,15057,151947,MEDIUM,BODY,1
65515U57010Z,"LEFT DIFFUSER DECORATIVE PANEL,WHITE WS,WITH STICKER",SRK 150 E (CITO),136890,15057,151947,MEDIUM,BODY,1
65516U57006Z,"RIGHT DIFFUSER DECORATIVE PANEL,SILVER S6,WITH STICKER",SRK 150 E (CITO),119780,13175,132955,MEDIUM,BODY,1
65516U57007Z,"RIGHT DIFFUSER DECORATIVE PANEL,RED RG,WITH STICKER",SRK 150 E (CITO),136890,15057,151947,MEDIUM,BODY,1
65516U57008Z,"RIGHT DIFFUSER DECORATIVE PANEL,GRAY H5,WITH STICKER",SRK 150 E (CITO),136890,15057,151947,MEDIUM,BODY,1
65516U57009Z,"RIGHT DIFFUSER DECORATIVE PANEL,BLACK BL,WITH STICKER",SRK 150 E (CITO),136890,15057,151947,MEDIUM,BODY,1
65516U57010Z,"RIGHT DIFFUSER DECORATIVE PANEL,WHITE WS,WITH STICKER",SRK 150 E (CITO),136890,15057,151947,MEDIUM,BODY,1
65517J900101,HEADLIGHT LINER,FORT 250  ADVENTURE ABS,5710,628,6338,MEDIUM,OTHER,1
65517N510000,WINDSHIELD MOUNTING BUSH,FORD 250,5710,628,6338,MEDIUM,BODY,1
65521L790000,WINDSHIELD SUPPORT MOUNTING BRACKET,FORT 250  ADVENTURE ABS,51340,5647,56987,MEDIUM,BODY,1
65521U570000,INNER LINING PLATE OF RIGHT DIFFUSER,SRK 150 E (CITO),17120,1883,19003,MEDIUM,OTHER,1
65522L790000,WINDSHIELD SUPPORT LINK,FORT 250  ADVENTURE ABS,17120,1883,19003,MEDIUM,BODY,1
65525L790000,PLASTIC SPLIT RING,FORT 250  ADVENTURE ABS,5710,628,6338,MEDIUM,OTHER,1
65526L790000,WINDSHIELD PIN SHAFT CIRCLIP,FORT 250  ADVENTURE ABS,5710,628,6338,SLOW,BODY,1
65527L790000,WINDSHIELD SUPPORT ADJUSTMENT KNOB,FORT 250  ADVENTURE ABS,11410,1255,12665,MEDIUM,BODY,1
65528L790000,WINDSHIELD SUPPORT SHAFT I,FORT 250  ADVENTURE ABS,45630,5019,50649,SLOW,BODY,1
65529L790000,WINDSHIELD SUPPORT SHAFT II,FORT 250  ADVENTURE ABS,22820,2510,25330,SLOW,BODY,1
65531L790000,WINDSHIELD SUPPORT SPRING,FORT 250  ADVENTURE ABS,5710,628,6338,MEDIUM,BODY,1
65531U570000,INNER LINING PLATE OF LEFT DIFFUSER,SRK 150 E (CITO),17120,1883,19003,MEDIUM,OTHER,1
65532L790000,WINDSHIELD BRACKET TORSION SPRING,FORT 250  ADVENTURE ABS,5710,628,6338,MEDIUM,BODY,1
65532P950000,FRAME TRIM COVER,SRK 800 RR,5710,628,6338,SLOW,BODY,1
65570PAK0000,DRUM RUBBER NUT M5,SRK 800 RR,11410,1255,12665,FAST,FASTENER,1
65601M79004Z,"LEFT PROTECTIVE BOARD,RED 2 # (RG),WITH STICKER",AX 180  (VIENTO) ABS,159710,17568,177278,MEDIUM,BODY,1
65601M79005Z,"LEFT PROTECTIVE BOARD,BLUE (K5),WITH STICKER",AX 180  (VIENTO) ABS,154010,16941,170951,MEDIUM,BODY,1
65601M79006Z,"LEFT PROTECTIVE BOARD,GREY (H5),WITH STICKER",AX 180  (VIENTO) ABS,159710,17568,177278,MEDIUM,BODY,1
65601M79013Z,"LEFT PROTECTIVE BOARD,BLUE E7,WITH STICKER",AX 180  (VIENTO) ABS,239560,26351,265911,MEDIUM,BODY,1
65601M79014Z,"LEFT PROTECTIVE BOARD,WHITE WS,WITH STICKER",AX 180  (VIENTO) ABS,239560,26351,265911,MEDIUM,BODY,1
65601M79015Z,"LEFT PROTECTIVE BOARD,VIOLET PF,WITH STICKER",AX 180  (VIENTO) ABS,239560,26351,265911,MEDIUM,BODY,1
65601M79016Z,"LEFT PROTECTIVE BOARD,BLACK NJ,WITH STICKER",AX 180  (VIENTO) ABS,159710,17568,177278,MEDIUM,BODY,1
65601M79017Z,"LEFT PROTECTIVE BOARD,RED RG,WITH STICKER",AX 180  (VIENTO) ABS,239560,26351,265911,MEDIUM,BODY,1
65601N51008Z,"LEFT PROTECTIVE PANEL,BLACK (NJ),WITH STICKER",FORD 250,319410,35135,354545,MEDIUM,BODY,1
65601N51009Z,"LEFT PROTECTIVE PANEL, GRAY (VM),WITH STICKER",FORD 250,319410,35135,354545,MEDIUM,BODY,1
65601N51010Z,"LEFT PROTECTIVE PANEL,SILVER (S6),WITH STICKER",FORD 250,319410,35135,354545,MEDIUM,BODY,1
65601N51014Z,"LEFT PROTECTIVE PANEL,SILVER (S6),WITH STICKER",FORD 250,319410,35135,354545,MEDIUM,BODY,1
65601N51NJ00,"LEFT PROTECTIVE PANEL,BLACK (NJ)",FORD 250,296600,32626,329226,MEDIUM,BODY,1
65601N51S600,"LEFT PROTECTIVE PANEL,SILVER (S6)",FORD 250,296600,32626,329226,MEDIUM,BODY,1
65601N51VM00,"LEFT PROTECTIVE PANEL, GRAY (VM)",FORD 250,296600,32626,329226,MEDIUM,BODY,1
65601P54031Z,"LEFT GUARD,BLACK BG,WITH STICKER",SRV 250 AMT,125490,13803,139293,MEDIUM,BODY,1
65601P95BL00,"LEFT GUARD,BLACK BL",SRK 800 RR,91260,10038,101298,MEDIUM,BODY,1
65601P95FB00,"LEFT GUARD,RED FB",SRK 800 RR,91260,10038,101298,MEDIUM,BODY,1
65601P95RG00,"LEFT GUARD,RED 2 # RG",SRK 800 RR,91260,10038,101298,MEDIUM,BODY,1
65601P95X900,"LEFT GUARD,WHITE X9",SRK 800 RR,74150,8156,82306,MEDIUM,BODY,1
65601PC2N400,LEFT FENDER,SRV 600 V,136890,15057,151947,SLOW,BODY,1
65601PCZ021Z,"LEFT LOWER GUARD BOARD,BLACK BL,WITH STICKER",SRV 250 AL (LIBERO),154010,16941,170951,MEDIUM,BODY,1
65601PCZ022Z,"LEFT LOWER GUARD BOARD,BLACK NJ,WITH STICKER",SRV 250 AL (LIBERO),131190,14430,145620,MEDIUM,BODY,1
65601PCZ023Z,"LEFT LOWER GUARD BOARD,GRAY JE,WITH STICKER",SRV 250 AL (LIBERO),154010,16941,170951,MEDIUM,BODY,1
65601U57001Z,"LEFT PROTECTIVE BOARD,SILVER S6/RG,WITH STICKER",SRK 150 E (CITO),211040,23214,234254,MEDIUM,BODY,1
65601U57002Z,"LEFT PROTECTIVE BOARD,RED RG/BL,WITH STICKER",SRK 150 E (CITO),211040,23214,234254,MEDIUM,BODY,1
65601U57003Z,"LEFT PROTECTIVE BOARD,GRAY H5/S6,WITH STICKER",SRK 150 E (CITO),211040,23214,234254,MEDIUM,BODY,1
65601U57004Z,"LEFT PROTECTIVE BOARD,BLACK BL/RG,WITH STICKER",SRK 150 E (CITO),211040,23214,234254,MEDIUM,BODY,1
65601U57005Z,"LEFT PROTECTIVE BOARD,WHITE WS/S6,WITH STICKER",SRK 150 E (CITO),211040,23214,234254,MEDIUM,BODY,1
65602M79004Z,"RIGHT PROTECTIVE BOARD,RED (RG),WITH STICKER",AX 180  (VIENTO) ABS,159710,17568,177278,MEDIUM,BODY,1
65602M79005Z,"RIGHT PROTECTIVE BOARD,BLUE (K5),WITH STICKER",AX 180  (VIENTO) ABS,154010,16941,170951,MEDIUM,BODY,1
65602M79006Z,"RIGHT PROTECTIVE BOARD,GREY (H5),WITH STICKER",AX 180  (VIENTO) ABS,159710,17568,177278,MEDIUM,BODY,1
65602M79013Z,"RIGHT PROTECTIVE BOARD,BLUE E7,WITH STICKER",AX 180  (VIENTO) ABS,239560,26351,265911,MEDIUM,BODY,1
65602M79014Z,"RIGHT PROTECTIVE BOARD,WHITE WS,WITH STICKER",AX 180  (VIENTO) ABS,239560,26351,265911,MEDIUM,BODY,1
65602M79016Z,"RIGHT PROTECTIVE BOARD,BLACK NJ,WITH STICKER",AX 180  (VIENTO) ABS,159710,17568,177278,MEDIUM,BODY,1
65602M79017Z,"RIGHT PROTECTIVE BOARD,RED RG,WITH STICKER",AX 180  (VIENTO) ABS,239560,26351,265911,MEDIUM,BODY,1
65602N51008Z,"RIGHT PROTECTIVE PANEL,BLACK (NJ),WITH STICKER",FORD 250,319410,35135,354545,MEDIUM,BODY,1
65602N51009Z,"RIGHT PROTECTIVE PANEL,GRAY (VM),WITH STICKER",FORD 250,319410,35135,354545,MEDIUM,BODY,1
65602N51010Z,"RIGHT PROTECTIVE PANEL,SILVER (S6),WITH STICKER",FORD 250,319410,35135,354545,MEDIUM,BODY,1
65602N51014Z,"RIGHT PROTECTIVE PANEL,SILVER (S6),WITH STICKER",FORD 250,319410,35135,354545,MEDIUM,BODY,1
65602P54031Z,"RIGHT GUARD,BLACK BG,WITH STICKER",SRV 250 AMT,136890,15057,151947,MEDIUM,BODY,1
65602P95BL00,"RIGHT GUARD,BLACK BL",SRK 800 RR,91260,10038,101298,MEDIUM,BODY,1
65602P95FB00,"RIGHT GUARD,RED FB",SRK 800 RR,91260,10038,101298,MEDIUM,BODY,1
65602P95RG00,"RIGHT GUARD,RED 2 # RG",SRK 800 RR,91260,10038,101298,MEDIUM,BODY,1
65602P95X900,"RIGHT GUARD,WHITE X9",SRK 800 RR,74150,8156,82306,MEDIUM,BODY,1
65602PC2N400,RIGHT FENDER,SRV 600 V,136890,15057,151947,SLOW,BODY,1
65602PCZ021Z,"RIGHT LOWER GUARD BOARD,BLACK BL,WITH STICKER",SRV 250 AL (LIBERO),182520,20077,202597,MEDIUM,BODY,1
65602PCZ022Z,"RIGHT LOWER GUARD BOARD,BLACK NJ,WITH STICKER",SRV 250 AL (LIBERO),154010,16941,170951,MEDIUM,BODY,1
65602PCZ023Z,"RIGHT LOWER GUARD BOARD,GRAY JE,WITH STICKER",SRV 250 AL (LIBERO),182520,20077,202597,MEDIUM,BODY,1
65602U57001Z,"RIGHT PROTECTIVE BOARD,SILVER S6/RG,WITH STICKER",SRK 150 E (CITO),211040,23214,234254,MEDIUM,BODY,1
65602U57002Z,"RIGHT PROTECTIVE BOARD,RED RG/BL,WITH STICKER",SRK 150 E (CITO),211040,23214,234254,MEDIUM,BODY,1
65602U57003Z,"RIGHT PROTECTIVE BOARD,GRAY H5/S6,WITH STICKER",SRK 150 E (CITO),211040,23214,234254,MEDIUM,BODY,1
65602U57004Z,"RIGHT PROTECTIVE BOARD,BLACK BL/rg,WITH STICKER",SRK 150 E (CITO),211040,23214,234254,MEDIUM,BODY,1
65602U57005Z,"RIGHT PROTECTIVE BOARD,WHITE WS/S6,WITH STICKER",SRK 150 E (CITO),211040,23214,234254,MEDIUM,BODY,1
65603M790000,LOWER LEFT PROTECTIVE PANEL,AX 180  (VIENTO) ABS,39930,4392,44322,MEDIUM,BODY,1
65603N510000,LEFT FRONT GUARD,FORD 250,22820,2510,25330,MEDIUM,BODY,1
65603P54BG00,"LEFT FRONT GUARD,BLACK BG",SRV 250 AMT,85560,9411,94971,MEDIUM,BODY,1
65604M790000,LOWER RIGHT PROTECTIVE PLATE,AX 180  (VIENTO) ABS,39930,4392,44322,MEDIUM,OTHER,1
65604N510000,RIGHT FRONT GUARD,FORD 250,22820,2510,25330,MEDIUM,BODY,1
65604P54BG00,"RIGHT FRONT GUARD,BLACK BG",SRV 250 AMT,85560,9411,94971,MEDIUM,BODY,1
65604U57NJ00,"RIGHT FRAME DECORATIVE STRIP,BLACK NJ",SRK 150 E (CITO),79860,8784,88644,SLOW,OTHER,1
65604U57RG00,"RIGHT FRAME DECORATIVE STRIP,RED RG",SRK 150 E (CITO),79860,8784,88644,SLOW,OTHER,1
65605M79E700,"REAR CONNECTING PLATE OF PROTECTIVE PLATE,BLUE E7",AX 180  (VIENTO) ABS,34230,3765,37995,MEDIUM,OTHER,1
65605M79H500,"REAR CONNECTING PLATE OF PROTECTIVE BOARD,GREY (H5)",AX 180  (VIENTO) ABS,34230,3765,37995,MEDIUM,OTHER,1
65605M79K500,"REAR CONNECTING PLATE OF PROTECTIVE PLATE,BLUE (K5)",AX 180  (VIENTO) ABS,34230,3765,37995,MEDIUM,OTHER,1
65605M79NJ00,"REAR CONNECTING PLATE OF PROTECTIVE BOARD,BLACK (NJ)",AX 180  (VIENTO) ABS,28520,3137,31657,MEDIUM,OTHER,1
65605M79PF00,"REAR CONNECTING PLATE OF PROTECTIVE BOARD,VIOLET PF",AX 180  (VIENTO) ABS,34230,3765,37995,MEDIUM,OTHER,1
65605M79RG00,"REAR CONNECTING PLATE OF PROTECTIVE PLATE,RED (RG)",AX 180  (VIENTO) ABS,34230,3765,37995,MEDIUM,OTHER,1
65605M79WS00,"REAR CONNECTING PLATE OF PROTECTIVE PLATE,WHITE WS",AX 180  (VIENTO) ABS,34230,3765,37995,MEDIUM,OTHER,1
65605N51NJ00,"FRONT CONNECTING PLATE OF LEFT AND RIGHT GUARD PLATES,BLACK (NJ)",FORD 250,159710,17568,177278,MEDIUM,BODY,1
65605N51S600,"FRONT CONNECTING PLATE OF LEFT AND RIGHT GUARD PLATES,SILVER (S6)",FORD 250,165410,18195,183605,MEDIUM,BODY,1
65605N51VM00,"FRONT CONNECTING PLATE OF LEFT AND RIGHT GUARD PLATES,GRAY (VM)",FORD 250,165410,18195,183605,MEDIUM,BODY,1
65605P950000,FRONT CONNECTING PLATE OF LEFT AND RIGHT TAIL COVER,SRK 800 RR,11410,1255,12665,MEDIUM,BODY,1
65606L79NJ00,REAR UPPER CONNECTING PLATE OF LEFT AND RIGHT GUARD PLATES,FORT 250  ADVENTURE ABS,34230,3765,37995,MEDIUM,BODY,1
65606N510000,TAIL LAMP COVER,FORD 250,34230,3765,37995,FAST,ELECTRICAL,1
65606P950000,REAR CONNECTING PLATE OF LEFT AND RIGHT TAIL COVER,SRK 800 RR,45630,5019,50649,MEDIUM,BODY,1
65606U570000,LEFT STORAGE BOX,SRK 150 E (CITO),68450,7529,75979,MEDIUM,OTHER,1
65607U570000,RIGHT STORAGE BOX,SRK 150 E (CITO),74150,8156,82306,MEDIUM,OTHER,1
65609N510000,LOWER CONNECTING PLATE OF LEFT AND RIGHT GUARD PLATES,FORD 250,39930,4392,44322,MEDIUM,BODY,1
65616J040000,PROTECTIVE PLATE INSTALLATION RING,SRV 600 V,5710,628,6338,MEDIUM,OTHER,1
65616L430000,PROTECTIVE PLATE RUBBER PAD,FORD 250,5710,628,6338,MEDIUM,OTHER,1
65616P420000,RUBBER PAD I,SRK 800 RR,5710,628,6338,MEDIUM,OTHER,1
65617P420000,RUBBER PAD II,SRV 250 AL (LIBERO),5710,628,6338,MEDIUM,OTHER,1
65617P950000,SPONGE PAD,SRK 800 RR,5710,628,6338,MEDIUM,OTHER,1
65617PCD0000,SPONGE STRIP,SRK 800 RR,5710,628,6338,MEDIUM,OTHER,1
65617PCD0010,SPONGE STRIP,SRK 800 RR,11410,1255,12665,MEDIUM,OTHER,1
65618J000000,RUBBER PAD OF GUARD PLATE,SRV 250 AMT,5710,628,6338,MEDIUM,BODY,1
65618J800000,RUBBER PAD OF GUARD PLATE,FORT 250  ADVENTURE ABS,5710,628,6338,MEDIUM,BODY,1
65618P420000,RUBBER PAD III,SRK 800 RR,5710,628,6338,MEDIUM,OTHER,1
65621L79BL00,"LEFT REAR GUARD TRIM PANEL,BLACK BL",FORT 250  ADVENTURE ABS,39930,4392,44322,MEDIUM,BODY,1
65621L79RG00,"LEFT REAR GUARD TRIM PANEL,RED RG",FORT 250  ADVENTURE ABS,39930,4392,44322,MEDIUM,BODY,1
65621L79S600,"LEFT REAR GUARD TRIM PANEL,SILVER S6",FORT 250  ADVENTURE ABS,34230,3765,37995,MEDIUM,BODY,1
65621L79VM00,"LEFT REAR GUARD TRIM PANEL,GREY VM",FORT 250  ADVENTURE CBS,34230,3765,37995,MEDIUM,BODY,1
65621M790000,LEFT PROTECTIVE PANEL DECORATIVE PANEL,AX 180  (VIENTO) ABS,11410,1255,12665,MEDIUM,BODY,1
65622L79BL00,"RIGHT REAR GUARD TRIM PANEL,BLACK BL",FORT 250  ADVENTURE ABS,39930,4392,44322,MEDIUM,BODY,1
65622L79RG00,"RIGHT REAR GUARD TRIM PANEL,RED RG",FORT 250  ADVENTURE ABS,39930,4392,44322,MEDIUM,BODY,1
65622L79S600,"RIGHT REAR GUARD TRIM PANEL,SILVER S6",FORT 250  ADVENTURE ABS,34230,3765,37995,MEDIUM,BODY,1
65622L79VM00,"RIGHT REAR GUARD TRIM PANEL,GREY VM",FORT 250  ADVENTURE CBS,34230,3765,37995,MEDIUM,BODY,1
65622M790000,RIGHT PROTECTIVE PANEL DECORATIVE PANEL,AX 180  (VIENTO) ABS,11410,1255,12665,MEDIUM,BODY,1
65624L750000,CLAMP NUT M6,SRV 250 AMT,5710,628,6338,FAST,FASTENER,1
65624P160000,CLAMP NUT M5,FORD 250,5710,628,6338,FAST,FASTENER,1
65624PA20000,JAM NUT M5,SRV 250 AMT,5710,628,6338,FAST,FASTENER,1
65625J560100,CLAMP NUT M6,FORD 250,5710,628,6338,FAST,FASTENER,1
65626L790000,REAR LOWER CONNECTING PLATE OF LEFT AND RIGHT GUARD PLATES,FORT 250  ADVENTURE ABS,62750,6902,69652,MEDIUM,BODY,1
65627B710000,SHIELD LINER I,FORT 250  ADVENTURE ABS,5710,628,6338,MEDIUM,OTHER,1
65627J410100,SHIELD SPACER,SRV 600 V,5710,628,6338,MEDIUM,OTHER,1
65632M79004Z,"LEFT FRONT PROTECTIVE PANEL,RED (RG),WITH STICKER",AX 180  (VIENTO) ABS,199640,21960,221600,MEDIUM,BODY,1
65632M79005Z,"LEFT FRONT PROTECTIVE PANEL,BLUE (K5),WITH STICKER",AX 180  (VIENTO) ABS,193930,21332,215262,MEDIUM,BODY,1
65632M79006Z,"LEFT FRONT PROTECTIVE PANEL,GREY (H5),WITH STICKER",AX 180  (VIENTO) ABS,199640,21960,221600,MEDIUM,BODY,1
65632M79013Z,"LEFT FRONT PROTECTIVE PANEL,BLACK BL,WITH STICKER",AX 180  (VIENTO) ABS,188230,20705,208935,MEDIUM,BODY,1
65632M79014Z,"LEFT FRONT PROTECTIVE PANEL,BLACK BL,WITH STICKER",AX 180  (VIENTO) ABS,176820,19450,196270,MEDIUM,BODY,1
65632M79015Z,"LEFT FRONT PROTECTIVE PANEL,BLACK (BL),WITH STICKER",AX 180  (VIENTO) ABS,188230,20705,208935,MEDIUM,BODY,1
65632M79016Z,"LEFT FRONT PROTECTIVE PANEL,BLACK NJ,WITH STICKER",AX 180  (VIENTO) ABS,165410,18195,183605,MEDIUM,BODY,1
65632M79017Z,"LEFT FRONT PROTECTIVE PANEL,BLACK BL,WITH STICKER",AX 180  (VIENTO) ABS,188230,20705,208935,MEDIUM,BODY,1
65633M79004Z,"RIGHT FRONT PROTECTIVE PANEL,RED (RG),WITH STICKER",AX 180  (VIENTO) ABS,199640,21960,221600,MEDIUM,BODY,1
65633M79005Z,"RIGHT FRONT PROTECTIVE PANEL,BLUE (K5),WITH STICKER",AX 180  (VIENTO) ABS,193930,21332,215262,MEDIUM,BODY,1
65633M79006Z,"RIGHT FRONT PROTECTIVE PANEL,GREY (H5),WITH STICKER",AX 180  (VIENTO) ABS,199640,21960,221600,MEDIUM,BODY,1
65633M79013Z,"RIGHT FRONT PROTECTIVE PANEL,BLACK BL,WITH STICKER",AX 180  (VIENTO) ABS,188230,20705,208935,MEDIUM,BODY,1
65633M79014Z,"RIGHT FRONT PROTECTIVE PANEL,BLACK BL,WITH STICKER",AX 180  (VIENTO) ABS,188230,20705,208935,MEDIUM,BODY,1
65633M79015Z,"RIGHT FRONT PROTECTIVE PANEL,BLACK (BL),WITH STICKER",AX 180  (VIENTO) ABS,188230,20705,208935,MEDIUM,BODY,1
65633M79016Z,"RIGHT FRONT PROTECTIVE PANEL,BLACK NJ,WITH STICKER",AX 180  (VIENTO) ABS,165410,18195,183605,MEDIUM,BODY,1
65633M79017Z,"RIGHT FRONT PROTECTIVE PANEL,BLACK BL,WITH STICKER",AX 180  (VIENTO) ABS,188230,20705,208935,MEDIUM,BODY,1
65636PC20000,LEFT FENDER INSULATION FOIL PAPER,SRV 600 V,28520,3137,31657,FAST,BODY,1
65637PC20000,RIGHT FENDER INSULATION FOIL PAPER,SRV 600 V,28520,3137,31657,FAST,BODY,1
65638P950000,ABS TRIM COVER,SRK 800 RR,11410,1255,12665,MEDIUM,BODY,1
65639P950000,ABS BOX,SRK 800 RR,39930,4392,44322,MEDIUM,OTHER,1
65641M790000,LEFT REAR ARMREST COVER,AX 180  (VIENTO) ABS,11410,1255,12665,MEDIUM,BODY,1
65641P950000,OXYGEN SENSOR PLUG-IN INSTALLATION BOX,SRK 800 RR,11410,1255,12665,FAST,ELECTRICAL,1
65642M790000,RIGHT REAR ARMREST COVER,AX 180  (VIENTO) ABS,11410,1255,12665,MEDIUM,BODY,1
65643M790000,LEFT REAR ARMREST BRACKET,AX 180  (VIENTO) ABS,45630,5019,50649,MEDIUM,OTHER,1
65644M790000,RIGHT REAR ARMREST BRACKET,AX 180  (VIENTO) ABS,45630,5019,50649,MEDIUM,OTHER,1
65651M79H500,"LEFT FRONT PROTECTIVE PANEL DECORATIVE PANEL,GREY (H5)",AX 180  (VIENTO) ABS,51340,5647,56987,MEDIUM,BODY,1
65651M79K500,"LEFT FRONT PROTECTIVE PANEL DECORATIVE PANEL,BLUE (K5)",AX 180  (VIENTO) ABS,51340,5647,56987,MEDIUM,BODY,1
65651M79RG00,"LEFT FRONT PROTECTIVE PANEL DECORATIVE PANEL,RED (RG)",AX 180  (VIENTO) ABS,45630,5019,50649,MEDIUM,BODY,1
65652M79H500,"RIGHT FRONT PROTECTIVE PANEL DECORATIVE PANEL,GREY (H5)",AX 180  (VIENTO) ABS,51340,5647,56987,MEDIUM,BODY,1
65652M79K500,"RIGHT FRONT PROTECTIVE PANEL DECORATIVE PANEL,BLUE (K5)",AX 180  (VIENTO) ABS,51340,5647,56987,MEDIUM,BODY,1
65652M79RG00,"RIGHT FRONT PROTECTIVE PANEL DECORATIVE PANEL,RED (RG)",AX 180  (VIENTO) ABS,45630,5019,50649,MEDIUM,BODY,1
65671U570000,FUEL TANK LOWER GUARD PLATE,SRK 150 E (CITO),17120,1883,19003,SLOW,BODY,1
65672PC20000,FUEL TANK OPENING DECORATIVE PLATE,SRV 600 V,45630,5019,50649,SLOW,BODY,1
65672U57002Z,"RIGHT PROTECTIVE BOARD,BLACK NJ,WITH STICKER",SRK 150 E (CITO),125490,13803,139293,MEDIUM,BODY,1
65673P95BG00,"FUEL TANK FRONT GUARD,BLACK BG",SRK 800 RR,85560,9411,94971,SLOW,BODY,1
65678P950000,LEFT FUEL TANK GUARD INSULATION FOIL PAPER,SRK 800 RR,102670,11293,113963,FAST,BODY,1
65679P950000,INSULATION FOIL PAPER FOR THE RIGHT FUEL TANK GUARD,SRK 800 RR,102670,11293,113963,FAST,BODY,1
65681P54BG01,"FUEL TANK FRONT LEFT TRIM PANEL,BLACK BG",SRV 250 AMT,102670,11293,113963,SLOW,BODY,1
65681P95BL00,"LEFT FIXED WING,BLACK BL",SRK 800 RR,250970,27606,278576,MEDIUM,OTHER,1
65681PC20000,LEFT DECORATIVE PANEL OF WATER TANK,SRV 600 V,45630,5019,50649,SLOW,BODY,1
65681PCZ0000,LEFT ENGINE TRIM COVER,SRV 250 AMT,11410,1255,12665,SLOW,ENGINE,1
65681U57BL00,"LEFT WIND WING,BLACK BL",SRK 150 E (CITO),57040,6274,63314,MEDIUM,OTHER,1
65681U57RG00,"LEFT WIND WING,RED RG",SRK 150 E (CITO),57040,6274,63314,MEDIUM,OTHER,1
65681U57S600,"LEFT WIND WING,SILVER S6",SRK 150 E (CITO),57040,6274,63314,MEDIUM,OTHER,1
65682P54BG01,"FUEL TANK FRONT RIGHT TRIM PANEL,BLACK BG",SRV 250 AMT,102670,11293,113963,SLOW,BODY,1
65682P95BL00,"RIGHT FIXED WING,BLACK BL",SRK 800 RR,250970,27606,278576,MEDIUM,OTHER,1
65682PC20000,RIGHT DECORATIVE PANEL OF WATER TANK,SRV 600 V,45630,5019,50649,SLOW,BODY,1
65682PCZNJ00,"FUEL TANK DECORATIVE COVER,BLACK NJ",SRV 250 AL (LIBERO),142600,15686,158286,SLOW,BODY,1
65682U57BL00,"RIGHT WING,BLACK BL",SRK 150 E (CITO),57040,6274,63314,MEDIUM,OTHER,1
65682U57RG00,"RIGHT WING,RED RG",SRK 150 E (CITO),57040,6274,63314,MEDIUM,OTHER,1
65682U57S600,"RIGHT WING,SILVER S6",SRK 150 E (CITO),57040,6274,63314,MEDIUM,OTHER,1
65683P950000,LEFT WING INNER PLATE,SRK 800 RR,11410,1255,12665,MEDIUM,OTHER,1
65683PC20001,FRONT DECORATIVE PANEL I OF WATER TANK,SRV 600 V,102670,11293,113963,SLOW,BODY,1
65683PCZ0000,LEFT FRONT GUARD PLATE OF FUEL TANK,SRV 250 AL (LIBERO),39930,4392,44322,SLOW,BODY,1
65683U570100,LEFT WING DECORATIVE PANEL,SRK 150 E (CITO),11410,1255,12665,MEDIUM,BODY,1
65684P950000,INNER PLATE OF RIGHT FIXED WING,SRK 800 RR,11410,1255,12665,MEDIUM,OTHER,1
65684PCZ0000,RIGHT FUEL TANK FRONT GUARD,SRV 250 AL (LIBERO),39930,4392,44322,SLOW,BODY,1
65684U570100,RIGHT WING DECORATIVE PANEL,SRK 150 E (CITO),11410,1255,12665,MEDIUM,BODY,1
65685P540000,DECORATIVE COVER OF WATER TANK I,SRV 250 AMT,91260,10038,101298,SLOW,BODY,1
65685P950000,INSTALLATION RUBBER OF LEFT WING,SRK 800 RR,11410,1255,12665,MEDIUM,OTHER,1
65685PCZ0000,ENGINE LEFT TRIM PANEL NICKEL TRIM PANEL,SRV 250 AMT,22820,2510,25330,SLOW,ENGINE,1
65686P540000,DECORATIVE COVER OF WATER TANK II,SRV 250 AMT,45630,5019,50649,SLOW,BODY,1
65686P950000,RIGHT FIXED WING MOUNTING RUBBER,SRK 800 RR,11410,1255,12665,MEDIUM,OTHER,1
65686PCZ0000,LEFT UPPER GUARD BOARD,SRV 250 AL (LIBERO),22820,2510,25330,MEDIUM,BODY,1
65687P950000,LEFT HEAT SHIELD OF WATER TANK,SRK 800 RR,22820,2510,25330,SLOW,BODY,1
65687PCL0000,WATER TANK DECORATIVE COVER I,SRV 250 AL (LIBERO),102670,11293,113963,SLOW,BODY,1
65687PCZ0000,"RIGHT UPPER GUARD BOARD,BLACK BL,WITH STICKER",SRV 250 AL (LIBERO),22820,2510,25330,MEDIUM,BODY,1
65688P950000,RIGHT HEAT SHIELD OF WATER TANK,SRK 800 RR,22820,2510,25330,SLOW,BODY,1
65688PCL0000,WATER TANK DECORATIVE COVER II,SRV 250 AL (LIBERO),57040,6274,63314,SLOW,BODY,1
65689PCZS600,"LEFT ENGINE TRIM COVER ASSEMBLY,SILVER S6",SRV 250 AMT,39930,4392,44322,SLOW,ENGINE,1
65691PC20100,ENGINE TRIM PANEL,SRV 600 V,182520,20077,202597,SLOW,ENGINE,1
65693PC20000,LEFT ENGINE TRIM PANEL INNER PANEL,SRV 600 V,39930,4392,44322,SLOW,ENGINE,1
65694PC20000,INNER LINING PANEL OF RIGHT ENGINE TRIM PANEL,SRV 600 V,34230,3765,37995,SLOW,ENGINE,1
65695PC20000,LEFT DECORATIVE PANEL OF THE FRAME,SRV 600 V,57040,6274,63314,SLOW,BODY,1
65696N510000,WATER TANK SHIELD,FORD 250,45630,5019,50649,SLOW,BODY,1
65696PC20000,RIGHT FRAME DECORATIVE PANEL,SRV 600 V,57040,6274,63314,SLOW,BODY,1
65701L790100,UPPER PART OF REAR FENDER,FORT 250  ADVENTURE ABS,17120,1883,19003,SLOW,BODY,1
65701M790000,REAR FENDER,AX 180  (VIENTO) ABS,68450,7529,75979,SLOW,BODY,1
65701N510000,REAR FENDER,FORD 250,74150,8156,82306,SLOW,BODY,1
65701P950000,REAR FENDER,SRK 800 RR,34230,3765,37995,SLOW,BODY,1
65701U570000,REAR MUD BOARD,SRK 150 E (CITO),51340,5647,56987,MEDIUM,OTHER,1
65703NT50000,REAR MUDGUARD RUBBER,FORT 250  ADVENTURE ABS,28520,3137,31657,MEDIUM,BODY,1
65703TAW0000,MUD BLOCKING RUBBER,AX 180  (VIENTO) ABS,11410,1255,12665,MEDIUM,OTHER,1
65704P540000,REAR FENDER THREAD RUBBER,SRV 250 AMT,5710,628,6338,SLOW,BODY,1
65705P950000,REAR LICENSE PLATE,SRK 800 RR,45630,5019,50649,MEDIUM,OTHER,1
65706P540000,REAR TURN SIGNAL UPPER MOUNTING,SRV 250 AMT,11410,1255,12665,MEDIUM,OTHER,1
65707P540000,LOWER MOUNTING SEAT OF REAR TURN SIGNAL LAMP,SRV 250 AMT,11410,1255,12665,FAST,ELECTRICAL,1
65709L790000,LOWER PART OF REAR FENDER,FORT 250  ADVENTURE ABS,39930,4392,44322,SLOW,BODY,1
65709P950000,REAR FENDER II,SRK 800 RR,28520,3137,31657,SLOW,BODY,1
65709PC20000,REAR MUDGUARD,SRV 600 V,91260,10038,101298,MEDIUM,BODY,1
65710PCZ0000,REAR LICENSE PLATE INSTALLATION SEAT,SRV 250 AL (LIBERO),34230,3765,37995,MEDIUM,BODY,1
65711L430000,REAR UPPER MUD PLATE SPACER,SRK 800 RR,11410,1255,12665,MEDIUM,OTHER,1
65711P540000,REAR FENDER LEFT TRIM PANEL,SRV 250 AMT,222450,24469,246919,SLOW,BODY,1
65711PC20000,LICENSE PLATE LAMP MOUNTING PLATE,SRV 600 V,5710,628,6338,FAST,ELECTRICAL,1
65712P540000,REAR FENDER RIGHT TRIM PANEL,SRV 250 AMT,222450,24469,246919,SLOW,BODY,1
65712PC20000,REAR REFLECTOR MOUNTING PLATE,SRV 600 V,39930,4392,44322,MEDIUM,OTHER,1
65713H160000,REAR FENDER RUBBER PAD I,SRK 800 RR,5710,628,6338,SLOW,BODY,1
65713PC20000,REAR INNER FENDER,SRV 600 V,22820,2510,25330,SLOW,BODY,1
65714PC20000,FRAME REAR GUARD,SRV 600 V,11410,1255,12665,SLOW,BODY,1
65715L790000,MUDGUARD COVER,SRK 800 RR,5710,628,6338,MEDIUM,BODY,1
65715PC20000,REAR SEAT CUSHION TRIM PLATE,SRV 600 V,5710,628,6338,MEDIUM,BODY,1
65716L790000,LICENSE PLATE LAMP MOUNTING PLATE,FORT 250  ADVENTURE ABS,5710,628,6338,FAST,ELECTRICAL,1
65716M790000,LICENSE PLATE LIGHT BRACKET,AX 180  (VIENTO) ABS,11410,1255,12665,MEDIUM,OTHER,1
65716N510000,LICENSE PLATE LAMP MOUNTING PLATE,FORD 250,5710,628,6338,FAST,ELECTRICAL,1
65716U570000,REAR LICENSE PLATE LIGHT INSTALLATION PLATE,SRK 150 E (CITO),22820,2510,25330,MEDIUM,OTHER,1
65717PCZ0000,REAR LICENSE PLATE INSTALLATION PLATE UPPER COVER,SRV 250 AL (LIBERO),22820,2510,25330,MEDIUM,BODY,1
65719PCZ0000,REAR LICENSE PLATE INSTALLATION PLATE,SRV 250 AL (LIBERO),57040,6274,63314,MEDIUM,OTHER,1
65721M790000,REAR MUDGUARD REINFORCEMENT PLATE,AX 180  (VIENTO) ABS,28520,3137,31657,MEDIUM,BODY,1
65721PCZ0100,LEFT DECORATIVE COVER OF REAR FENDER,SRV 250 AL (LIBERO),154010,16941,170951,SLOW,BODY,1
65722PCZ0100,REAR MUDGUARD RIGHT DECORATIVE COVER,SRV 250 AL (LIBERO),154010,16941,170951,MEDIUM,BODY,1
65722U57BL00,"TAIL LIGHT DECORATIVE COVER,BLACK BL",SRK 150 E (CITO),22820,2510,25330,MEDIUM,BODY,1
65722U57H500,"TAIL LIGHT DECORATIVE COVER,GRAY H5",SRK 150 E (CITO),22820,2510,25330,MEDIUM,BODY,1
65722U57RG00,"TAIL LIGHT DECORATIVE COVER,RED RG",SRK 150 E (CITO),22820,2510,25330,MEDIUM,BODY,1
65722U57S600,"TAIL LIGHT DECORATIVE COVER,SILVER S6",SRK 150 E (CITO),22820,2510,25330,MEDIUM,BODY,1
65722U57WS00,"TAIL LIGHT DECORATIVE COVER,WHITE WS",SRK 150 E (CITO),22820,2510,25330,MEDIUM,BODY,1
65725U570000,REAR BOTTOM COVER,SRK 150 E (CITO),39930,4392,44322,MEDIUM,BODY,1
65731M790000,REAR LOWER MUDGUARD,AX 180  (VIENTO) ABS,34230,3765,37995,MEDIUM,BODY,1
65731N510000,FRONT OF TAILGATE,FORD 250,45630,5019,50649,MEDIUM,OTHER,1
65731NT30000,REAR WHEEL INNER FENDER,FORT 250  ADVENTURE ABS,28520,3137,31657,SLOW,BODY,1
65731P950000,FRONT OF REAR FENDER,SRK 800 RR,85560,9411,94971,SLOW,BODY,1
65731PC20000,REAR FENDER FRONT,SRV 600 V,57040,6274,63314,SLOW,BODY,1
65732U570000,LICENSE PLATE BRACKET,SRK 150 E (CITO),34230,3765,37995,MEDIUM,OTHER,1
65733U570000,REAR LICENSE PLATE BRACKET BOTTOM PLATE,SRK 150 E (CITO),28520,3137,31657,MEDIUM,OTHER,1
65741M790000,REAR MUD PLATE CONNECTING PLATE,AX 180  (VIENTO) ABS,34230,3765,37995,MEDIUM,OTHER,1
65742L790000,REAR MUDBOARD LINING PLATE,FORT 250  ADVENTURE ABS,22820,2510,25330,MEDIUM,OTHER,1
65745L790000,BACK THROUGH THE WIRE PLATE,AX 180  (VIENTO) ABS,17120,1883,19003,MEDIUM,OTHER,1
65747L790000,MUDGUARD PIN SHAFT,SRK 800 RR,5710,628,6338,SLOW,BODY,1
65748L790000,MUDGUARD TORSION SPRING,SRK 800 RR,5710,628,6338,MEDIUM,BODY,1
65750N47001Z,"REAR FENDER WELDING ASSEMBLY,WHITE X9,WITH STICKER",SRV 250 AMT,981050,107915,1088965,SLOW,BODY,1
65750N47002Z,"REAR FENDER WELDING ASSEMBLY,SILVER S6,WITH STICKER",SRV 250 AMT,981050,107915,1088965,SLOW,BODY,1
65750N47003Z,"REAR FENDER WELDING ASSEMBLY,BLACK BG,WITH STICKER",SRV 250 AMT,981050,107915,1088965,SLOW,BODY,1
65750PCZ006Z,"REAR MUDGUARD WELDING ASSEMBLY,BLACK BL,WITH STICKER",SRV 250 AL (LIBERO),1209200,133012,1342212,MEDIUM,BODY,1
65750PCZ007Z,"REAR MUDGUARD WELDING ASSEMBLY,BLACK NJ,WITH STICKER",SRV 250 AL (LIBERO),1209200,133012,1342212,MEDIUM,BODY,1
65750PCZ008Z,"REAR MUDGUARD WELDING ASSEMBLY,GRAY JE,WITH STICKER",SRV 250 AL (LIBERO),1209200,133012,1342212,MEDIUM,BODY,1
65760PBD0000,REAR LOWER FENDER,SRV 250 AL (LIBERO),34230,3765,37995,SLOW,BODY,1
65761N510000,REAR LOWER FENDER,FORD 250,91260,10038,101298,SLOW,BODY,1
65761PDM0000,REAR LOWER FENDER,SRV 250 AMT,45630,5019,50649,SLOW,BODY,1
65763B910100,BUSHING,FORD 250,5710,628,6338,MEDIUM,SUSPENSION,1
65764N290000,SPONGE PAD,SRK 800 RR,5710,628,6338,MEDIUM,OTHER,1
65764T490000,REAR LOWER FENDER SPONGE PAD I 25×50×2,FORD 250,5710,628,6338,SLOW,BODY,1
65770L790000,REAR MUDBOARD SUPPORT WELDING ASSEMBLY,FORT 250  ADVENTURE ABS,142600,15686,158286,MEDIUM,OTHER,1
65770N510000,REAR FENDER BRACKET ASSEMBLY,FORD 250,91260,10038,101298,SLOW,BODY,1
65770P950000,REAR MUD PLATE BRACKET WELDING ASSEMBLY,SRK 800 RR,125490,13803,139293,MEDIUM,OTHER,1
65770PCZ0000,REAR MUDGUARD BRACKET WELDING COMPONENT,SRV 250 AL (LIBERO),85560,9411,94971,MEDIUM,BODY,1
65770TAB0000,REAR WHEEL MUDGUARD BRACKET ASSEMBLY,SRK 150 E (CITO),22820,2510,25330,MEDIUM,BODY,1
65771PC20000,REAR MUD BOARD BRACKET,SRV 600 V,216750,23842,240592,MEDIUM,OTHER,1
65772PC20000,REAR FENDER BRACKET II,SRV 600 V,28520,3137,31657,SLOW,BODY,1
65774P290000,STAINLESS STEEL PRESSURE PLATE II,SRV 600 V,5710,628,6338,MEDIUM,OTHER,1
65776P290000,STAINLESS STEEL PRESSURE PLATE IV,SRV 600 V,5710,628,6338,MEDIUM,OTHER,1
65801L820000,HEXAGON SOCKET FLOWER FLANGE STEP SCREW M6×15,SRK 800 RR,5710,628,6338,FAST,FASTENER,1
65801T850100,CARD ST4.2,FORD 250,5710,628,6338,MEDIUM,OTHER,1
65801T850200,CARD ST4.2,AX 180  (VIENTO) ABS,5710,628,6338,MEDIUM,OTHER,1
65802B310000,CARD ST4.8,AX 180  (VIENTO) ABS,5710,628,6338,MEDIUM,OTHER,1
65803S010010,CARD NUT M6,AX 180  (VIENTO) ABS,5710,628,6338,FAST,FASTENER,1
65804J040000,LICENSE PLATE CUSHION,AX 180  (VIENTO) ABS,5710,628,6338,MEDIUM,OTHER,1
65804N510000,REAR LICENSE PLATE RUBBER PAD,FORD 250,5710,628,6338,MEDIUM,OTHER,1
65805P250001,FUEL TANK MIDDLE GUARD CUSHION II,SRV 600 V,5710,628,6338,SLOW,BODY,1
65811B920000,BATTERY BUFFER PAD 1,AX 180  (VIENTO) ABS,11410,1255,12665,MEDIUM,OTHER,1
65811N510000,BATTERY BOX SPONGE PAD,FORD 250,5710,628,6338,MEDIUM,OTHER,1
65813L790000,BATTERY BOX COVER,FORT 250  ADVENTURE ABS,11410,1255,12665,MEDIUM,BODY,1
65813M790000,BATTERY BOX COVER,AX 180  (VIENTO) ABS,22820,2510,25330,MEDIUM,BODY,1
65813N510000,BATTERY BOX COVER,FORD 250,17120,1883,19003,MEDIUM,BODY,1
65813NT30000,ABS DIAGNOSIS PORT COVER,FORT 250  ADVENTURE ABS,34230,3765,37995,MEDIUM,BODY,1
65816N510000,BATTERY BOX,FORD 250,45630,5019,50649,MEDIUM,OTHER,1
65821L790000,HEXAGON SOCKET TRIM COVER,FORT 250  ADVENTURE ABS,5710,628,6338,MEDIUM,BODY,1
65821S010000,RUBBER BLOCK,FORD 250,11410,1255,12665,MEDIUM,OTHER,1
65822S010010,TYPE BUSHING,FORT 250  ADVENTURE ABS,5710,628,6338,MEDIUM,SUSPENSION,1
65825PAK0000,WASHER Φ5,SRK 800 RR,5710,628,6338,FAST,FASTENER,1
65831P180000,PIPE CLAMP A097,SRK 800 RR,5710,628,6338,FAST,ELECTRICAL,1
65836P160000,PIPE CLAMP 0-435,SRV 600 V,5710,628,6338,FAST,ELECTRICAL,1
65839P160000,PIPE CLAMP 0-473,AX 180  (VIENTO) ABS,5710,628,6338,FAST,ELECTRICAL,1
65850K140000,EXPANSION SCREW ASSEMBLY,FORD 250,5710,628,6338,FAST,FASTENER,1
65850P950000,EXPANSION SCREW ASSEMBLY,SRK 800 RR,5710,628,6338,FAST,FASTENER,1
65901L79011Z,"LEFT TAIL COVER,GREY VM,WITH STICKER",FORT 250  ADVENTURE CBS,165410,18195,183605,MEDIUM,BODY,1
65901L79027Z,"LEFT TAIL COVER,RED RG,WITH STICKER",FORT 250  ADVENTURE ABS,199640,21960,221600,MEDIUM,BODY,1
65901L79028Z,"LEFT TAIL COVER, SILVER S6,WITH STICKER",FORT 250  ADVENTURE ABS,159710,17568,177278,MEDIUM,BODY,1
65901L79029Z,"LEFT TAIL COVER,SPACE BLACK BL,WITH STICKER",FORT 250  ADVENTURE ABS,199640,21960,221600,MEDIUM,BODY,1
65901P95020Z,"LEFT REAR COVER,RED 2 # RG,WITH STICKER",SRK 800 RR,131190,14430,145620,MEDIUM,BODY,1
65901P95021Z,"LEFT REAR COVER,BLACK BL,WITH STICKER",SRK 800 RR,131190,14430,145620,MEDIUM,BODY,1
65901P95022Z,"LEFT REAR COVER,WHITE X9,WITH STICKER",SRK 800 RR,108380,11921,120301,MEDIUM,BODY,1
65901P95023Z,"LEFT REAR COVER,RED FB,WITH STICKER",SRK 800 RR,131190,14430,145620,MEDIUM,BODY,1
65901PC2021Z,"LEFT TAIL COVER, BLACK BL,WITH STICKER",SRV 600 V,176820,19450,196270,MEDIUM,BODY,1
65901PC2025Z,"LEFT TAIL COVER, SILVERY S6,WITH STICKER",SRV 600 V,148300,16313,164613,MEDIUM,BODY,1
65901PC2026Z,"LEFT TAIL COVER, BLACK NJ,WITH STICKER",SRV 600 V,148300,16313,164613,MEDIUM,BODY,1
65902L79011Z,"RIGHT TAIL COVER,GREY VM,WITH STICKER",FORT 250  ADVENTURE CBS,165410,18195,183605,MEDIUM,BODY,1
65902L79027Z,"RIGHT TAIL COVER,RED RG,WITH STICKER",FORT 250  ADVENTURE ABS,199640,21960,221600,MEDIUM,BODY,1
65902L79028Z,"RIGHT TAIL COVER,SILVER S6,WITH STICKER",FORT 250  ADVENTURE ABS,159710,17568,177278,MEDIUM,BODY,1
65902L79029Z,"RIGHT TAIL COVER,BLACK BL,WITH STICKER",FORT 250  ADVENTURE ABS,199640,21960,221600,MEDIUM,BODY,1
65902P95020Z,"RIGHT REAR COVER,RED 2 # RG,WITH STICKER",SRK 800 RR,125490,13803,139293,MEDIUM,BODY,1
65902P95021Z,"RIGHT REAR COVER,BLACK BL,WITH STICKER",SRK 800 RR,125490,13803,139293,MEDIUM,BODY,1
65902P95022Z,"RIGHT REAR COVER,WHITE X9,WITH STICKER",SRK 800 RR,102670,11293,113963,MEDIUM,BODY,1
65902P95023Z,"RIGHT REAR COVER,RED FB,WITH STICKER",SRK 800 RR,125490,13803,139293,MEDIUM,BODY,1
65902PC2021Z,"RIGHT TAIL COVER , BLACK BL,WITH STICKER",SRV 600 V,176820,19450,196270,MEDIUM,BODY,1
65902PC2025Z,"RIGHT TAIL COVER, SILVERY S6,WITH STICKER",SRV 600 V,148300,16313,164613,MEDIUM,BODY,1
65902PC2026Z,"RIGHT TAIL COVER , BLACK NJ,WITH STICKER",SRV 600 V,148300,16313,164613,MEDIUM,BODY,1
65903P950000,LEFT TAIL COVER TRIM PANEL,SRK 800 RR,11410,1255,12665,MEDIUM,BODY,1
65904P950000,RIGHT TAIL COVER TRIM PANEL,SRK 800 RR,11410,1255,12665,MEDIUM,BODY,1
65911L79NJ00,LEFT TAIL COVER TRIM PANEL,FORT 250  ADVENTURE ABS,74150,8156,82306,MEDIUM,BODY,1
65911P950000,LEFT REAR COVER MOUNTING PLATE,SRK 800 RR,22820,2510,25330,MEDIUM,BODY,1
65912L79NJ00,RIGHT TAIL COVER TRIM PANEL,FORT 250  ADVENTURE ABS,74150,8156,82306,MEDIUM,BODY,1
65912P950000,RIGHT TAIL COVER MOUNTING PLATE,SRK 800 RR,22820,2510,25330,MEDIUM,BODY,1
65913L790000,REAR CAMERA MOUNTING PLATE,FORT 250  ADVENTURE ABS,5710,628,6338,MEDIUM,OTHER,1
65913P950000,REAR CAMERA MOUNTING PLATE,SRK 800 RR,5710,628,6338,MEDIUM,OTHER,1
65951U570000,ELECTRICAL COMPONENT INSTALLATION BOX,SRK 150 E (CITO),62750,6902,69652,MEDIUM,OTHER,1
65981PCZ0000,RIGHT SIDE TRIM,SRV 250 AL (LIBERO),17120,1883,19003,MEDIUM,OTHER,1
65981PDM0000,RIGHT SIDE TRIM,SRV 250 AMT,11410,1255,12665,MEDIUM,OTHER,1
70000M690032,METER,SRK 150 E (CITO),1078010,118581,1196591,MEDIUM,ELECTRICAL,1
70000M690052,INSTRUMENT ASSEMBLY,FORT 250  ADVENTURE ABS,1232010,135521,1367531,MEDIUM,ELECTRICAL,1
70000M690062,INSTRUMENT ASSEMBLY,FORT 250  ADVENTURE CBS,1232010,135521,1367531,MEDIUM,ELECTRICAL,1
70000PC20003,INSTRUMENT ASSEMBLY,SRV 600 V,4483150,493146,4976296,MEDIUM,ELECTRICAL,1
70000PCD0000,INSTRUMENT ASSEMBLY,SRK 800 RR,4517370,496910,5014280,MEDIUM,ELECTRICAL,1
70000PDM0000,INSTRUMENT ASSEMBLY,SRV 250 AMT,1152160,126737,1278897,MEDIUM,ELECTRICAL,1
70000TAJ0003,INSTRUMENT ASSEMBLY,AX 180  (VIENTO) ABS,906900,99759,1006659,MEDIUM,ELECTRICAL,1
70000TAJ0043,INSTRUMENT ASSEMBLY,AX 180  (VIENTO) CBS,906900,99759,1006659,MEDIUM,ELECTRICAL,1
70000TAS0014,GAUGE ASSEMBLY,FORD 250,1386020,152462,1538482,MEDIUM,OTHER,1
70078L790000,INSTRUMENT MOUNTING BRACKET,FORT 250  ADVENTURE ABS,85560,9411,94971,MEDIUM,ELECTRICAL,1
70078P540000,INSTRUMENT BRACKET,SRV 250 AMT,79860,8784,88644,MEDIUM,ELECTRICAL,1
70078PC20000,INSTRUMENT MOUNTING BASE,SRV 600 V,57040,6274,63314,MEDIUM,ELECTRICAL,1
70168N290000,INSTRUMENT BUFFER RUBBER,FORD 250,5710,628,6338,MEDIUM,ELECTRICAL,1
70168P540000,INSTRUMENT BUFFER RUBBER,SRV 250 AMT,5710,628,6338,MEDIUM,ELECTRICAL,1
70190P540000,AMT CONTROL SWITCH,SRV 250 AMT,376450,41409,417859,MEDIUM,ELECTRICAL,1
80000KT90000,HEADLAMP,FORT 250  ADVENTURE ABS,1916460,210810,2127270,FAST,ELECTRICAL,1
80000M790000,HEADLIGHTS,AX 180  (VIENTO) ABS,1380310,151834,1532144,MEDIUM,OTHER,1
80000N510000,HEADLIGHTS,FORD 250,1614170,177558,1791728,MEDIUM,OTHER,1
80000N890000,HEADLAMP ASSEMBLY,SRV 250 AMT,866970,95366,962336,FAST,ELECTRICAL,1
80000P950000,HEADLAMPS,SRK 800 RR,1762460,193870,1956330,FAST,ELECTRICAL,1
80000PBD0000,HEADLAMPS,SRV 600 V,1671200,183832,1855032,FAST,ELECTRICAL,1
80000PD30000,HEADLAMPS,SRV 250 AL (LIBERO),1043790,114816,1158606,FAST,ELECTRICAL,1
80000U570000,HEADLIGHTS,SRK 150 E (CITO),952530,104778,1057308,MEDIUM,OTHER,1
80016PCZ0000,REAR HEADLIGHT HOUSING,SRV 250 AL (LIBERO),62750,6902,69652,MEDIUM,OTHER,1
80190PCZBL00,"HEADLAMP DECORATIVE COVER,BLACK BL",SRV 250 AL (LIBERO),45630,5019,50649,FAST,ELECTRICAL,1
80190PCZNJ00,"HEADLAMP DECORATIVE COVER,BLACK NJ",SRV 250 AL (LIBERO),39930,4392,44322,FAST,ELECTRICAL,1
80900PDG0000,EVE LIGHT,SRK 150 E (CITO),62750,6902,69652,MEDIUM,OTHER,1
81073N300000,TURN SIGNAL SPONGE PAD,FORD 250,5710,628,6338,MEDIUM,OTHER,1
81100N510000,FRONT LEFT TURN SIGNAL LAMP,FORD 250,182520,20077,202597,FAST,ELECTRICAL,1
81100P540000,FRONT LEFT TURN SIGNAL,SRV 250 AMT,136890,15057,151947,MEDIUM,OTHER,1
81100P560000,FRONT LEFT TURN SIGNAL LAMP,FORT 250  ADVENTURE ABS,176820,19450,196270,FAST,ELECTRICAL,1
81100PAK0000,FRONT LEFT TURN SIGNAL LAMP,SRK 800 RR,205340,22587,227927,FAST,ELECTRICAL,1
81100PC20100,FRONT LEFT TURN SIGNAL,SRV 600 V,182520,20077,202597,MEDIUM,OTHER,1
81100PCZ0000,FRONT LEFT TURN SIGNAL,SRV 250 AL (LIBERO),131190,14430,145620,MEDIUM,OTHER,1
81100U570000,FRONT LEFT TURN SIGNAL,SRK 150 E (CITO),85560,9411,94971,MEDIUM,OTHER,1
81300N510000,FRONT RIGHT TURN SIGNAL LAMP,FORD 250,182520,20077,202597,FAST,ELECTRICAL,1
81300P540000,FRONT RIGHT TURN SIGNAL,SRV 250 AMT,136890,15057,151947,MEDIUM,OTHER,1
81300P560000,FRONT RIGHT TURN SIGNAL LAMP,FORT 250  ADVENTURE ABS,176820,19450,196270,FAST,ELECTRICAL,1
81300PAK0000,FRONT RIGHT TURN SIGNAL LAMP,SRK 800 RR,205340,22587,227927,FAST,ELECTRICAL,1
81300PC20100,FRONT RIGHT TURN SIGNAL,SRV 600 V,182520,20077,202597,MEDIUM,OTHER,1
81300PCZ0000,FRONT RIGHT TURN SIGNAL,SRV 250 AL (LIBERO),131190,14430,145620,MEDIUM,OTHER,1
81300U570000,FRONT RIGHT TURN SIGNAL,SRK 150 E (CITO),85560,9411,94971,MEDIUM,OTHER,1
81500P380000,REAR LEFT TURN SIGNAL LAMP,FORT 250  ADVENTURE ABS,182520,20077,202597,FAST,ELECTRICAL,1
81500PAK0000,REAR LEFT TURN SIGNAL LAMP,SRK 800 RR,205340,22587,227927,FAST,ELECTRICAL,1
81500PBD0000,REAR LEFT TURN SIGNAL,SRV 250 AMT,136890,15057,151947,MEDIUM,OTHER,1
81500PC20003,LEFT REAR TURN SIGNAL LAMP,SRV 600 V,262380,28861,291241,FAST,ELECTRICAL,1
81500U570000,REAR LEFT TURN SIGNAL,SRK 150 E (CITO),108380,11921,120301,MEDIUM,OTHER,1
81700P380000,REAR RIGHT TURN SIGNAL LAMP,FORT 250  ADVENTURE ABS,176820,19450,196270,FAST,ELECTRICAL,1
81700PAK0000,REAR RIGHT TURN SIGNAL LAMP,SRK 800 RR,205340,22587,227927,FAST,ELECTRICAL,1
81700PBD0000,REAR RIGHT TURN SIGNAL,SRV 250 AMT,136890,15057,151947,MEDIUM,OTHER,1
81700PC20003,RIGHT REAR TURN SIGNAL LAMP,SRV 600 V,262380,28861,291241,FAST,ELECTRICAL,1
81700PCZ0000,REAR RIGHT TURN SIGNAL,SRV 250 AL (LIBERO),131190,14430,145620,MEDIUM,OTHER,1
81700U570000,REAR RIGHT TURN SIGNAL,SRK 150 E (CITO),108380,11921,120301,MEDIUM,OTHER,1
82000L790000,TAILLIGHT,FORT 250  ADVENTURE ABS,319410,35135,354545,MEDIUM,OTHER,1
82000M790000,TAIL LIGHT,AX 180  (VIENTO) ABS,712970,78426,791396,MEDIUM,OTHER,1
82000N510000,TAILLIGHT,FORD 250,1232010,135521,1367531,MEDIUM,OTHER,1
82000P540000,TAILLIGHT,SRV 250 AMT,359340,39527,398867,MEDIUM,OTHER,1
82000P950000,TAILLIGHT,SRK 800 RR,747200,82192,829392,MEDIUM,OTHER,1
82000PCZ0001,TAILLIGHT,SRV 250 AL (LIBERO),216750,23842,240592,MEDIUM,OTHER,1
82000U570000,TAILLIGHT,SRK 150 E (CITO),142600,15686,158286,MEDIUM,OTHER,1
82011J210000,TAIL LAMP FIXING RUBBER PAD,SRV 250 AMT,5710,628,6338,FAST,ELECTRICAL,1
82014S010010,BUSH,SRK 800 RR,5710,628,6338,MEDIUM,OTHER,1
82015S010010,BUSHING,FORD 250,5710,628,6338,MEDIUM,SUSPENSION,1
82018H010100,TAIL LIGHT BUSHING,SRK 800 RR,5710,628,6338,MEDIUM,SUSPENSION,1
82023J020000,TAIL LIGHT SPACER SLEEVE,SRV 600 V,5710,628,6338,MEDIUM,OTHER,1
82024H010002,TAIL LIGHT SHOCK PAD,SRK 800 RR,5710,628,6338,MEDIUM,OTHER,1
82900N490000,LICENSE PLATE LAMP,FORD 250,91260,10038,101298,FAST,ELECTRICAL,1
82900N490001,LICENSE PLATE LAMP,AX 180  (VIENTO) ABS,62750,6902,69652,FAST,ELECTRICAL,1
82900P370000,LICENSE PLATE LAMP,FORT 250  ADVENTURE ABS,102670,11293,113963,FAST,ELECTRICAL,1
82900P540000,REAR LICENSE PLATE LAMP,SRV 250 AMT,45630,5019,50649,FAST,ELECTRICAL,1
82900PC20000,LICENSE PLATE LIGHT,SRV 600 V,51340,5647,56987,MEDIUM,OTHER,1
84600N51000Z,BUILT IN BOX LAMP ASSEMBLY,FORD 250,79860,8784,88644,FAST,ELECTRICAL,1
86200L420000,FRONT SIDE REFLECTOR,FORT 250  ADVENTURE ABS,11410,1255,12665,MEDIUM,OTHER,1
86200P250001,FRONT REFLECTOR,SRV 250 AMT,11410,1255,12665,MEDIUM,OTHER,1
86300J000000,SIDE REFLECTOR,SRK 800 RR,5710,628,6338,MEDIUM,OTHER,1
86300N060000,SIDE REFLECTOR ASSEMBLY,FORD 250,5710,628,6338,MEDIUM,OTHER,1
86300P090000,FRONT REFLECTOR,SRV 600 V,11410,1255,12665,MEDIUM,OTHER,1
86500B300010,REAR REFLECTOR,SRV 600 V,5710,628,6338,MEDIUM,OTHER,1
86500B720001,REAR REFLECTOR,FORD 250,11410,1255,12665,MEDIUM,OTHER,1
86500L930000,REAR REFLECTOR,SRV 250 AL (LIBERO),5710,628,6338,MEDIUM,OTHER,1
86500V020000,RETROREFLECTOR,SRV 250 AMT,5710,628,6338,MEDIUM,OTHER,1
88000L790002,SLEEVE LOCK,FORT 250  ADVENTURE ABS,484820,53330,538150,MEDIUM,OTHER,1
88000M550001,KEY SET,AX 180  (VIENTO) ABS,1140750,125482,1266232,MEDIUM,OTHER,1
88000M790000,KEY SET,AX 180  (VIENTO) CBS,308010,33881,341891,MEDIUM,OTHER,1
88000N510002,SLEEVE LOCK (ELECTRONIC LOCK),FORD 250,2367060,260376,2627436,MEDIUM,OTHER,1
88000P410004,SLEEVE LOCK,SRK 800 RR,501930,55212,557142,MEDIUM,OTHER,1
88000P540000,SLEEVE LOCK,SRV 250 AMT,427790,47056,474846,MEDIUM,OTHER,1
88000PC20000,COLLET LOCK,SRV 600 V,416380,45801,462181,MEDIUM,OTHER,1
88000U570000,LOCK ASSEMBLY,SRK 150 E (CITO),302300,33253,335553,MEDIUM,OTHER,1
88100L790002,POWER LOCK,FORT 250  ADVENTURE ABS,479120,52703,531823,MEDIUM,OTHER,1
88100N290000,POWER LOCK,SRV 250 AMT,148300,16313,164613,MEDIUM,OTHER,1
88100P160000,POWER LOCK,SRV 600 V,165410,18195,183605,MEDIUM,OTHER,1
88100PCD0000,ELECTRONIC LOCK,SRK 800 RR,250970,27606,278576,MEDIUM,OTHER,1
88101N510000,POWER LOCK COVER,FORD 250,5710,628,6338,MEDIUM,BODY,1
88200P440002,LOCKER LOCK,FORT 250  ADVENTURE ABS,216750,23842,240592,MEDIUM,OTHER,1
88400P250000,FUEL TANK LOCK,SRV 600 V,222450,24469,246919,SLOW,BODY,1
88400P420000,TANK LOCK,SRV 250 AMT,188230,20705,208935,SLOW,BODY,1
88400P620000,FUEL TANK LOCK,SRK 800 RR,228150,25096,253246,SLOW,BODY,1
88800P290000,SEAT CUSHION LOCK,SRV 600 V,85560,9411,94971,MEDIUM,BODY,1
88800P410000,SEAT CUSHION LOCK,SRK 800 RR,68450,7529,75979,MEDIUM,BODY,1
88800P540000,SEAT CUSHION LOCK,SRV 250 AMT,28520,3137,31657,MEDIUM,BODY,1
88900L79090X,ELECTRONIC KEY,FORT 250  ADVENTURE ABS,34230,3765,37995,MEDIUM,OTHER,1
88900P13090X,KEY BLANK,SRV 250 AMT,28520,3137,31657,MEDIUM,OTHER,1
88900P160000,BLANK KEY,SRV 600 V,91260,10038,101298,MEDIUM,OTHER,1
88900PAD290X,KEY BLANK,SRK 800 RR,62750,6902,69652,MEDIUM,OTHER,1
91090P250000,CLUTCH SWITCH ASSEMBLY,SRK 800 RR,22820,2510,25330,MEDIUM,ENGINE,1
91170TA70002,SINGLE SUPPORT FLAMEOUT SWITCH,FORD 250,125490,13803,139293,MEDIUM,ELECTRICAL,1
91170TA70004,SINGLE STRUT FLAMEOUT SWITCH,SRK 150 E (CITO),79860,8784,88644,MEDIUM,ELECTRICAL,1
91170V020000,SINGLE SUPPORT FLAMEOUT SWITCH,SRV 250 AMT,85560,9411,94971,MEDIUM,ELECTRICAL,1
91190L790000,PUSH SWITCH,AX 180  (VIENTO) ABS,17120,1883,19003,MEDIUM,ELECTRICAL,1
91210N300000,DUMP SENSOR,FORD 250,154010,16941,170951,MEDIUM,ELECTRICAL,1
92000KTE0003,CABLE ASSEMBLY,AX 180  (VIENTO) ABS,1939280,213320,2152600,FAST,OTHER,1
92000KTE0006,CABLE ASSEMBLY,AX 180  (VIENTO) CBS,1642680,180694,1823374,FAST,OTHER,1
92000N590009,CABLE ASSEMBLY,FORD 250,3422250,376447,3798697,FAST,OTHER,1
92000N930000,CABLE ASSEMBLY,SRV 250 AL (LIBERO),3753070,412837,4165907,FAST,OTHER,1
92000NT50002,CABLE ASSEMBLY,FORT 250  ADVENTURE ABS,3097140,340685,3437825,FAST,OTHER,1
92000NT50003,CABLE ASSEMBLY,FORT 250  ADVENTURE CBS,2241580,246573,2488153,FAST,OTHER,1
92000P54000J,CABLE ASSEMBLY,SRV 250 AMT,3587660,394642,3982302,FAST,OTHER,1
92000PC20003,CABLE ASSEMBLY,SRV 600 V,3536330,388996,3925326,FAST,OTHER,1
92000PCD0003,CABLE ASSEMBLY,SRK 800 RR,3507810,385859,3893669,FAST,OTHER,1
92000U570002,CABLE ASSEMBLY,SRK 150 E (CITO),1996320,219595,2215915,FAST,OTHER,1
92039S010000,RELAY,SRV 250 AMT,57040,6274,63314,MEDIUM,ELECTRICAL,1
92056U430000,PROTECTIVE SLEEVE FOR POSITIVE WIRE,SRV 250 AMT,5710,628,6338,MEDIUM,OTHER,1
92058P060000,ABS SWITCH FOR PLUG-IN,FORD 250,11410,1255,12665,FAST,ELECTRICAL,1
92059D730000,INTELLIGENT CONTROLLER PAIR PLUG-IN,FORD 250,11410,1255,12665,FAST,DRIVE,1
92059P060000,INTELLIGENT CONTROLLER PAIR PLUG-IN,FORD 250,11410,1255,12665,FAST,DRIVE,1
92155P090000,DOUBLE SIDED ADHESIVE TAPE FOR CAPACITOR ASSEMBLY,FORT 250  ADVENTURE ABS,5710,628,6338,MEDIUM,OTHER,1
92200P540001,POWER CORD,SRV 250 AMT,57040,6274,63314,MEDIUM,OTHER,1
92200PCD0000,POWER LINE,SRK 800 RR,51340,5647,56987,MEDIUM,OTHER,1
92300P540001,MOTOR LINE,SRV 250 AMT,114080,12548,126628,MEDIUM,OTHER,1
92360P320003,FRONT BRAKE SWITCH ADAPTER,FORD 250,45630,5019,50649,FAST,BRAKE,1
92360P320005,REAR BRAKE SWITCH WIRE,FORT 250  ADVENTURE ABS,39930,4392,44322,FAST,BRAKE,1
92360P320006,BRAKE SWITCH WIRE,SRV 250 AMT,51340,5647,56987,FAST,BRAKE,1
92500P540000,GROUND WIRE,SRV 250 AMT,102670,11293,113963,MEDIUM,OTHER,1
92500PC20000,GROUNDING WIRE,SRV 600 V,302300,33253,335553,MEDIUM,OTHER,1
92620N590000,PKE ADAPTER CABLE,FORD 250,228150,25096,253246,FAST,OTHER,1
92640P950000,OIL PRESSURE LINE,SRK 800 RR,39930,4392,44322,FAST,OIL_FLUID,1
92640PC20001,OIL PRESSURE ADAPTER LINE,SRV 600 V,28520,3137,31657,FAST,OIL_FLUID,1
92680PC20000,TAIL LIGHT ADAPTER CABLE,SRV 600 V,119780,13175,132955,FAST,OTHER,1
92928P290000,OXYGEN SENSOR CONNECTOR CLIP,SRV 600 V,5710,628,6338,MEDIUM,ELECTRICAL,1
92950L790000,CAR USB CHARGER,SRV 600 V,239560,26351,265911,MEDIUM,OTHER,1
94100J800000,RELAY,AX 180  (VIENTO) ABS,34230,3765,37995,MEDIUM,ELECTRICAL,1
94100P060001,RELAY,FORD 250,28520,3137,31657,MEDIUM,ELECTRICAL,1
94100P540000,START RELAY,SRV 250 AMT,114080,12548,126628,MEDIUM,ELECTRICAL,1
94100PCD0000,START RELAY,SRK 800 RR,114080,12548,126628,MEDIUM,ELECTRICAL,1
94100V020000,START RELAY,FORD 250,62750,6902,69652,MEDIUM,ELECTRICAL,1
95100B130010,HORN,SRK 150 E (CITO),34230,3765,37995,MEDIUM,ELECTRICAL,1
95100K670001,HORN,FORD 250,45630,5019,50649,MEDIUM,ELECTRICAL,1
95100P160002,HORN,SRV 600 V,91260,10038,101298,MEDIUM,ELECTRICAL,1
95100P950000,HORN,SRK 800 RR,45630,5019,50649,MEDIUM,ELECTRICAL,1
95100S010002,HORN,SRV 250 AL (LIBERO),45630,5019,50649,MEDIUM,ELECTRICAL,1
95100S010012,HORN,SRV 250 AMT,39930,4392,44322,MEDIUM,ELECTRICAL,1
95100T750000,SPEAKER,AX 180  (VIENTO) ABS,28520,3137,31657,MEDIUM,OTHER,1
95950P730000,TIRE PRESSURE SENSOR,SRK 800 RR,370750,40782,411532,MEDIUM,ELECTRICAL,1
95950P850000,TIRE SENSING SENSOR,SRV 600 V,296600,32626,329226,MEDIUM,ELECTRICAL,1
96001N350000,BANDAGE,SRK 800 RR,5710,628,6338,MEDIUM,OTHER,1
96001P360000,THREAD BINDING,FORD 250,5710,628,6338,MEDIUM,OTHER,1
96001P950000,ELLIPTICAL STRAP,SRK 150 E (CITO),5710,628,6338,MEDIUM,OTHER,1
96003P250000,CORD CLAMP,SRV 250 AMT,5710,628,6338,FAST,ELECTRICAL,1
96003P360000,NYLON CABLE TIE,FORD 250,5710,628,6338,FAST,OTHER,1
96004P600000,SPLITTING STRAPS,FORD 250,5710,628,6338,MEDIUM,OTHER,1
96004T450000,BATTERY STRAP,SRK 150 E (CITO),11410,1255,12665,MEDIUM,OTHER,1
96004W020010,BATTERY STRAP,AX 180  (VIENTO) ABS,11410,1255,12665,MEDIUM,OTHER,1
96005P600000,SPLIT-TYPE CABLE TIE 25,FORD 250,11410,1255,12665,FAST,OTHER,1
96020L790000,BATTERY STRAP ASSEMBLY,FORT 250  ADVENTURE ABS,17120,1883,19003,MEDIUM,OTHER,1
96020P950000,BATTERY STRAP ASSEMBLY,SRK 800 RR,17120,1883,19003,MEDIUM,OTHER,1
96020T750000,BATTERY STRAP,SRV 250 AMT,11410,1255,12665,MEDIUM,OTHER,1
96030N420000,DOUBLE HEADED BUCKLE,SRV 250 AMT,5710,628,6338,MEDIUM,OTHER,1
96031L750000,WIRE HARNESS BUCKLE,SRK 800 RR,11410,1255,12665,MEDIUM,ELECTRICAL,1
96031N350000,BUCKLE 1.5 SERIES,FORD 250,5710,628,6338,MEDIUM,OTHER,1
96031P600000,SHEET METAL BUCKLE,FORD 250,5710,628,6338,MEDIUM,OTHER,1
96032N350000,BUCKLE 2.3 SERIES,FORT 250  ADVENTURE ABS,5710,628,6338,MEDIUM,OTHER,1
96032P600000,SHEET METAL CARD BUCKLE,SRV 250 AL (LIBERO),5710,628,6338,MEDIUM,OTHER,1
96037D350000,PLASTIC CLIP,FORT 250  ADVENTURE ABS,5710,628,6338,MEDIUM,FASTENER,1
96039P600000,SELF-ADHESIVE FIXING SEAT,FORD 250,5710,628,6338,MEDIUM,BODY,1
96100N510000,BATTERY,FORD 250,661640,72780,734420,MEDIUM,OTHER,1
96100P410000,BATTERY,FORT 250  ADVENTURE ABS,581790,63996,645786,MEDIUM,OTHER,1
96100P810000,STORAGE BATTERY,SRV 250 AMT,678750,74662,753412,MEDIUM,OTHER,1
96110P340000,STORAGE BATTERY,AX 180  (VIENTO) ABS,513340,56467,569807,MEDIUM,OTHER,1
96110P370000,STORAGE BATTERY,SRV 600 V,792830,87211,880041,MEDIUM,OTHER,1
96200KAE0000,HIGH PRESSURE BAG,SRK 150 E (CITO),96970,10666,107636,MEDIUM,OTHER,1
96200L810000,IGNITION COIL,AX 180  (VIENTO) ABS,102670,11293,113963,FAST,ELECTRICAL,1
96200L950000,HIGH PRESSURE PACKAGE ASSEMBLY,FORD 250,108380,11921,120301,MEDIUM,OTHER,1
96200P250000,PEN TYPE HIGH PRESSURE PACK,SRV 600 V,268080,29488,297568,MEDIUM,OTHER,1
96200P540000,HIGH VOLTAGE PACKAGE,SRV 250 AMT,302300,33253,335553,MEDIUM,OTHER,1
96200P540001,LEFT HIGH-PRESSURE PACKAGE,SRV 250 AMT,302300,33253,335553,MEDIUM,OTHER,1
96200P950005,HIGH PRESSURE BAG,SRK 800 RR,268080,29488,297568,MEDIUM,OTHER,1
96200P950006,HIGH PRESSURE BAG,SRK 800 RR,262380,28861,291241,MEDIUM,OTHER,1
96200PT70000,HIGH PRESSURE BAG,FORT 250  ADVENTURE ABS,245270,26979,272249,MEDIUM,OTHER,1
96201PT70001,HIGH PRESSURE RUBBER SLEEVE,FORT 250  ADVENTURE ABS,28520,3137,31657,MEDIUM,OTHER,1
96400P930001,FLASHER,SRK 800 RR,125490,13803,139293,MEDIUM,ELECTRICAL,1
96400PDG0000,FLASHER,SRK 150 E (CITO),96970,10666,107636,MEDIUM,ELECTRICAL,1
96400T960000,ESS FLASHER,FORD 250,131190,14430,145620,MEDIUM,ELECTRICAL,1
96400TA70100,FLASHER,SRV 250 AMT,136890,15057,151947,MEDIUM,ELECTRICAL,1
96810P060000,FUSES,FORD 250,5710,628,6338,MEDIUM,OTHER,1
96820P060000,MINI FUSE/15A,SRV 250 AMT,5710,628,6338,MEDIUM,OTHER,1
96840P060000,MINI FUSE/25A,SRV 250 AMT,5710,628,6338,MEDIUM,OTHER,1
96890P060000,CHIP FUSE/40A,SRV 250 AMT,5710,628,6338,MEDIUM,OTHER,1
96910PAK0000,INTAKE PRESSURE SENSOR,FORD 250,336530,37018,373548,MEDIUM,ELECTRICAL,1
96C00H504901,ECU,FORD 250,1157870,127365,1285235,MEDIUM,ELECTRICAL,1
96C00H50D601,ECU,SRK 150 E (CITO),981050,107915,1088965,MEDIUM,ELECTRICAL,1
96C00H50E001,ECU,AX 180  (VIENTO) ABS,1015270,111679,1126949,MEDIUM,ELECTRICAL,1
96C00H50E401,ECU,FORT 250  ADVENTURE ABS,1123640,123600,1247240,MEDIUM,ELECTRICAL,1
96C00H50E501,ECU,AX 180  (VIENTO) CBS,1015270,111679,1126949,MEDIUM,ELECTRICAL,1
96C00N890002,ECU,SRV 250 AMT,1425940,156853,1582793,MEDIUM,ELECTRICAL,1
96C00N930001,ECU,SRV 250 AL (LIBERO),1357500,149325,1506825,MEDIUM,ELECTRICAL,1
96C00PC20003,ECU,SRV 600 V,2868990,315588,3184578,MEDIUM,ELECTRICAL,1
96C00PCD0003,ECU,SRK 800 RR,2840470,312451,3152921,MEDIUM,ELECTRICAL,1
96J00PBY0000,CENTRAL CONTROLLER,SRV 600 V,1020980,112307,1133287,FAST,DRIVE,1
96T00N890000,TCU,SRV 250 AMT,4580120,503813,5083933,MEDIUM,OTHER,1
96T00P540060,TCU,SRV 250 AL (LIBERO),4106700,451737,4558437,MEDIUM,OTHER,1
98901S010000,SENSOR RUBBER,FORD 250,11410,1255,12665,MEDIUM,ELECTRICAL,1
99200L790001,PKE CONTROLLER,FORT 250  ADVENTURE ABS,1386020,152462,1538482,FAST,DRIVE,1
99200L790010,QHCU HYBRID CONTROLLER,AX 180  (VIENTO) ABS,1009570,111052,1120622,FAST,DRIVE,1
99200L940001,START STOP CONTROLLER,SRK 150 E (CITO),838460,92230,930690,FAST,DRIVE,1
99700N510000,ON BOARD USB CHARGER,FORD 250,148300,16313,164613,MEDIUM,OTHER,1
99700P800001,CAR USB CHARGER,AX 180  (VIENTO) ABS,256670,28233,284903,MEDIUM,OTHER,1
99700S070004,VEHICLE USB CHARGER,SRV 250 AMT,131190,14430,145620,MEDIUM,OTHER,1
99C00PT30000,INTELLIGENT CONTROLLER,SRV 250 AL (LIBERO),941120,103523,1044643,FAST,DRIVE,1
B00010130007,PIPE CLAMP Ф13,SRV 600 V,5710,628,6338,FAST,ELECTRICAL,1
B0103050126H,BOLT M5×12,FORD 250,5710,628,6338,FAST,FASTENER,1
B0103060126H,HEX BOLTS M6×12,SRV 250 AMT,5710,628,6338,FAST,FASTENER,1
B0103060146H,BOLT M6×14,AX 180  (VIENTO) ABS,5710,628,6338,FAST,FASTENER,1
B0107050126H,HEXAGON FLANGE BOLT M5×12,SRV 600 V,5710,628,6338,FAST,FASTENER,1
B0107050166H,BOLT M5×16,FORD 250,5710,628,6338,FAST,FASTENER,1
B0107050206H,HEXAGON FLANGE BOLTS M5×20,SRV 250 AMT,5710,628,6338,FAST,FASTENER,1
B0107060126H,HEXAGON FLANGE BOLT M6×12,SRV 250 AMT,5710,628,6338,FAST,FASTENER,1
B01070601298,BOLT M6×12,FORT 250  ADVENTURE ABS,5710,628,6338,FAST,FASTENER,1
B0107060146H,Hexagon bolts with flange,SRV 250 AMT,5710,628,6338,FAST,FASTENER,1
B0107060156H,BOLT M6×15,SRV 250 AMT,5710,628,6338,FAST,FASTENER,1
B0107060166H,BOLT M6×16,FORD 250,5710,628,6338,FAST,FASTENER,1
B0107060186H,BOLT M6×18,SRV 250 AMT,5710,628,6338,FAST,FASTENER,1
B0107060206H,BOLT M6×20,FORD 250,5710,628,6338,FAST,FASTENER,1
B0107060226H,HEXAGON FLANGE BOLT M6×22,FORD 250,5710,628,6338,FAST,FASTENER,1
B0107060256H,BOLT M6×25,FORD 250,5710,628,6338,FAST,FASTENER,1
B0107060286H,BOLT M6×28,SRK 800 RR,5710,628,6338,FAST,FASTENER,1
B0107060306H,BOLT M6×40,AX 180  (VIENTO) ABS,5710,628,6338,FAST,FASTENER,1
B0107060356H,BOLT M6×35,SRK 800 RR,5710,628,6338,FAST,FASTENER,1
B0107060406H,BOLT M6×40,SRK 800 RR,5710,628,6338,FAST,FASTENER,1
B0107060456H,BOLT M6×45,SRV 250 AMT,5710,628,6338,FAST,FASTENER,1
B0107060506H,BOLT M6×50,SRV 250 AMT,5710,628,6338,FAST,FASTENER,1
B0107060556H,BOLT M6×55,SRV 250 AMT,5710,628,6338,FAST,FASTENER,1
B0107060606H,BOLT M6×60,FORD 250,5710,628,6338,FAST,FASTENER,1
B0107060656H,BOLT M6×65,AX 180  (VIENTO) ABS,5710,628,6338,FAST,FASTENER,1
B0107060706H,BOLT M6×70,FORD 250,5710,628,6338,FAST,FASTENER,1
B0107060756H,BOLT M6×75,SRV 250 AMT,5710,628,6338,FAST,FASTENER,1
B0107060806H,BOLT M6×80,FORD 250,5710,628,6338,FAST,FASTENER,1
B0107060906H,BOLTS M6×90,SRK 150 E (CITO),5710,628,6338,FAST,FASTENER,1
B0107061056H,BOLT M6×105,FORD 250,5710,628,6338,FAST,FASTENER,1
B01070612564,BOLT M6×125,FORD 250,5710,628,6338,FAST,FASTENER,1
B0107061306H,BOLT M6×130,AX 180  (VIENTO) ABS,5710,628,6338,FAST,FASTENER,1
B0107080126H,BOLT M8×12,SRK 150 E (CITO),5710,628,6338,FAST,FASTENER,1
B0107080156H,BOLT M8×15,FORD 250,5710,628,6338,FAST,FASTENER,1
B0107080256H,BOLT M8×25,FORD 250,5710,628,6338,FAST,FASTENER,1
B0107080456H,BOLT M8×45,SRK 800 RR,5710,628,6338,FAST,FASTENER,1
B0107080556H,BOLT M8×55,AX 180  (VIENTO) ABS,5710,628,6338,FAST,FASTENER,1
B0107100756H,BOLT M10×75,SRK 800 RR,11410,1255,12665,FAST,FASTENER,1
B0109050106H,HEXAGONAL FLANGE BOLT M5×10,FORT 250  ADVENTURE ABS,5710,628,6338,FAST,FASTENER,1
B0109050126H,HEXAGONAL FLANGE BOLT M5×12,AX 180  (VIENTO) ABS,5710,628,6338,FAST,FASTENER,1
B0109060086H,BOLT M6×8,FORT 250  ADVENTURE ABS,5710,628,6338,FAST,FASTENER,1
B0109060106H,HEXAGONAL FLANGE BOLT M6×10,AX 180  (VIENTO) ABS,5710,628,6338,FAST,FASTENER,1
B0109060126G,HEXAGONAL FLANGE BOLT M6×12,AX 180  (VIENTO) ABS,5710,628,6338,FAST,FASTENER,1
B0109060146H,BOLT M6×14,SRV 600 V,5710,628,6338,FAST,FASTENER,1
B0109060206H,HEXAGON HEAD FLANGE BOLT M6×20,FORT 250  ADVENTURE ABS,5710,628,6338,FAST,FASTENER,1
B0109060236H,BOLT M6×23,AX 180  (VIENTO) ABS,5710,628,6338,FAST,FASTENER,1
B0109060256H,BOLT M6×25,SRV 250 AMT,5710,628,6338,FAST,FASTENER,1
B0109060256K,HEXAGONAL TORX BOLT M6×25,FORD 250,5710,628,6338,FAST,FASTENER,1
B0109060286H,BOLT M6×28,FORT 250  ADVENTURE ABS,5710,628,6338,FAST,FASTENER,1
B0109060306H,BOLT M6×30,SRV 600 V,5710,628,6338,FAST,FASTENER,1
B0109060326H,BOLT M6×32,SRK 800 RR,5710,628,6338,FAST,FASTENER,1
B0109060356H,HEXAGONAL FLANGE BOLT M6×35,AX 180  (VIENTO) ABS,5710,628,6338,FAST,FASTENER,1
B0109060406H,BOLT M6×40,AX 180  (VIENTO) ABS,5710,628,6338,FAST,FASTENER,1
B0109060606K,HEXAGONAL FLANGE BOLT M6×60,SRV 250 AL (LIBERO),11410,1255,12665,FAST,FASTENER,1
B0109080126H,BOLT M8 × 12,FORT 250  ADVENTURE ABS,5710,628,6338,FAST,FASTENER,1
B0109080206H,BOLT M8×20,AX 180  (VIENTO) ABS,5710,628,6338,FAST,FASTENER,1
B0109080256H,BOLT M8×25,AX 180  (VIENTO) ABS,5710,628,6338,FAST,FASTENER,1
B0109080306H,HEXAGON HEAD FLANGE BOLT M8×30,FORT 250  ADVENTURE ABS,5710,628,6338,FAST,FASTENER,1
B0109080356H,BOLT M8×35,SRK 800 RR,5710,628,6338,FAST,FASTENER,1
B0109080456H,HEXAGON FLANGE BOLT M8×45 WITH HEXAGONAL FLOWER SHAPED RECESS,FORT 250  ADVENTURE ABS,5710,628,6338,FAST,FASTENER,1
B0109080486H,BOLT M8×48,AX 180  (VIENTO) ABS,5710,628,6338,FAST,FASTENER,1
B0109080706H,HEXAGON HEAD FLANGE BOLT M8 × 70,FORT 250  ADVENTURE ABS,5710,628,6338,FAST,FASTENER,1
B0159100256H,BOLT M10×1.25×25,AX 180  (VIENTO) ABS,5710,628,6338,FAST,FASTENER,1
B0159100406H,BOLT M10×1.25×40,AX 180  (VIENTO) ABS,5710,628,6338,FAST,FASTENER,1
B0159100506H,BOLT M10×1.25×50,AX 180  (VIENTO) ABS,5710,628,6338,FAST,FASTENER,1
B0159100606H,HEXAGONAL FLANGE BOLT M10×1.25×60,SRK 150 E (CITO),5710,628,6338,FAST,FASTENER,1
B0159101136H,HEXAGON FLANGE BOLT M10×1.25×113,SRV 250 AMT,11410,1255,12665,FAST,FASTENER,1
B0159101256H,BOLT M10×1.25×125,SRV 250 AL (LIBERO),17120,1883,19003,FAST,FASTENER,1
B0159101656H,HEXAGON FLANGE BOLT M10×1.25×165,SRV 250 AMT,17120,1883,19003,FAST,FASTENER,1
B0159101706H,BOLT M10×1.25×170,SRV 250 AMT,17120,1883,19003,FAST,FASTENER,1
B0182050106H,BOLT M5×10,AX 180  (VIENTO) ABS,5710,628,6338,FAST,FASTENER,1
B0182080406H,BOLT M8×40,FORD 250,5710,628,6338,FAST,FASTENER,1
B02000300862,SCREW M3×8,FORD 250,5710,628,6338,FAST,FASTENER,1
B0200030252H,PAN HEAD SCREWS WITH CROSS RECESS M3×25,FORT 250  ADVENTURE ABS,5710,628,6338,FAST,FASTENER,1
B0200040102K,CROSS RECESSED PAN HEAD SCREW M4×10,SRV 600 V,5710,628,6338,FAST,FASTENER,1
B0200050082H,BOLT M5×8,FORD 250,5710,628,6338,FAST,FASTENER,1
B02000501029,SCREWS M5×10,SRV 600 V,5710,628,6338,FAST,FASTENER,1
B0200050102G,CROSS RECESSED PAN HEAD SCREW M5×10,SRK 800 RR,5710,628,6338,FAST,FASTENER,1
B0200050122H,SCREW M5×12,AX 180  (VIENTO) ABS,5710,628,6338,FAST,FASTENER,1
B02000501429,SCREWS M5×14,SRK 800 RR,5710,628,6338,FAST,FASTENER,1
B0201060126H,CROSS RECESSED COUNTERSUNK HEAD SCREW M6×12,SRV 250 AMT,5710,628,6338,FAST,FASTENER,1
B0201060162H,CROSS RECESSED COUNTERSUNK HEAD SCREW M6×16,SRK 800 RR,5710,628,6338,FAST,FASTENER,1
B0201060252S,CROSS RECESSED COUNTERSUNK HEAD SCREW M6×25,SRV 600 V,5710,628,6338,FAST,FASTENER,1
B0201060256H,OIL PUMP SCREW M6×25,FORD 250,5710,628,6338,FAST,ENGINE,1
B0204040122H,SCREW ASSEMBLY M4×10,SRK 800 RR,5710,628,6338,FAST,FASTENER,1
B02040501629,SCREWS M5×16,SRK 800 RR,5710,628,6338,FAST,FASTENER,1
B0205050126H,SCREW M5×12,SRV 250 AMT,5710,628,6338,FAST,FASTENER,1
B0205050256H,BOLT M5×25,SRK 150 E (CITO),5710,628,6338,FAST,FASTENER,1
B0205050306H,SCREW M5×30,SRV 250 AMT,5710,628,6338,FAST,FASTENER,1
B0205060128H,SCREW M6×12,FORD 250,5710,628,6338,FAST,FASTENER,1
B0205060146H,SCREWS M6×14,FORT 250  ADVENTURE ABS,5710,628,6338,FAST,FASTENER,1
B0205060156H,HEXAGONAL SOCKET HEAD SCREW M6×15,FORD 250,5710,628,6338,FAST,FASTENER,1
B0205060166H,HEXAGONAL CYLINDRICAL HEAD M6×16,SRV 250 AMT,5710,628,6338,MEDIUM,OTHER,1
B0205060206H,ALLEN CYLINDRICAL HEAD SCREW M6X20,SRV 600 V,5710,628,6338,FAST,FASTENER,1
B0205060226H,BOLTS M6×22,FORT 250  ADVENTURE ABS,5710,628,6338,FAST,FASTENER,1
B0205060256A,HEXAGON SOCKET SCREW M6×25,SRK 800 RR,5710,628,6338,FAST,FASTENER,1
B0205060256H,HEXAGON SCREW M6×25,FORD 250,5710,628,6338,FAST,FASTENER,1
B0205060326H,ALLEN CYLINDRICAL HEAD SCREW M6×32,SRV 600 V,5710,628,6338,FAST,FASTENER,1
B0205060356H,HEXAGON SOCKET SCREW M6×35,SRV 600 V,5710,628,6338,FAST,FASTENER,1
B02050801264,SCREW M8×12,SRK 800 RR,5710,628,6338,FAST,FASTENER,1
B0205080156H,HEXAGON SOCKET BOLT M8×15,FORT 250  ADVENTURE ABS,5710,628,6338,FAST,FASTENER,1
B0205080206H,HEXAGON SOCKET HEAD CAP SCREW M8×20,SRK 800 RR,5710,628,6338,FAST,FASTENER,1
B02050813064,SCREW M8×130,SRV 250 AMT,11410,1255,12665,FAST,FASTENER,1
B0205081406H,SCREW M6×140,SRV 250 AMT,11410,1255,12665,FAST,FASTENER,1
B0206050122H,CROSS RECESSED OVAL HEAD SCREW M5×12,SRK 150 E (CITO),5710,628,6338,FAST,FASTENER,1
B0217060168H,SCREW M6×16,FORD 250,5710,628,6338,FAST,FASTENER,1
B0218060106A,HEXAGON SOCKET SCREW M6×10,SRK 800 RR,5710,628,6338,FAST,FASTENER,1
B0218060126A,HEXAGONAL FLAT ROUND HEAD SCREW M6×12,SRV 250 AL (LIBERO),5710,628,6338,FAST,FASTENER,1
B0218060146A,INTERNAL HEXAGON FLAT ROUND HEAD SCREW M6×14,FORT 250  ADVENTURE ABS,5710,628,6338,FAST,FASTENER,1
B0218060156H,HEXAGONAL FLAT ROUND HEAD SCREW M6×15,SRV 250 AL (LIBERO),193930,21332,215262,FAST,FASTENER,1
B0218060206A,INTERNAL HEXAGON FLAT ROUND HEAD SCREW M6×20,FORT 250  ADVENTURE ABS,5710,628,6338,FAST,FASTENER,1
B0218060236H,SCREW M6×23,AX 180  (VIENTO) ABS,5710,628,6338,FAST,FASTENER,1
B0226040106S,HEXAGON SOCKET HEAD CAP SCREW M4×10,SRV 250 AMT,5710,628,6338,FAST,FASTENER,1
B0226050126S,HEXAGON LOBULAR CYLINDRICAL HEAD SCREW M5×12,SRV 600 V,5710,628,6338,FAST,FASTENER,1
B0226050146A,HEXAGON SOCKET HEAD CAP SCREW M5×14,SRV 250 AMT,5710,628,6338,FAST,FASTENER,1
B0226050146S,HEXAGON SOCKET HEAD CAP SCREW M5×14,SRV 250 AMT,5710,628,6338,FAST,FASTENER,1
B0226050166S,HEXAGON LOBULAR CYLINDRICAL HEAD SCREW M5×16,SRK 800 RR,5710,628,6338,FAST,FASTENER,1
B0226050306A,HEXAGON SOCKET HEAD CAP SCREW M5×30,SRV 250 AMT,5710,628,6338,FAST,FASTENER,1
B0226060126S,HEXAGON SOCKET HEAD CAP SCREW M6×12,SRV 250 AMT,5710,628,6338,FAST,FASTENER,1
B0226060146S,HEXAGON SOCKET FLOWER SHAPED CHEESE HEAD SCREW M6×14,SRV 250 AL (LIBERO),5710,628,6338,FAST,FASTENER,1
B0226060166H,HEXAGON SOCKET TORX CHEESE HEAD SCREW M6×16,SRV 250 AL (LIBERO),5710,628,6338,FAST,FASTENER,1
B0226060166P,HEXAGON SOCKET TORX CHEESE HEAD SCREW M6×16,SRV 250 AMT,5710,628,6338,FAST,FASTENER,1
B0226060166S,BOLTM6×16,SRV 250 AMT,5710,628,6338,FAST,FASTENER,1
B0226060206S,HEXAGONAL FLOWER SHAPED CYLINDRICAL HEAD SCREW M6×20,SRV 250 AMT,5710,628,6338,FAST,FASTENER,1
B0226060256S,HEXAGON SOCKET HEAD CAP SCREW M6×25,SRV 250 AMT,5710,628,6338,FAST,FASTENER,1
B0226060306S,HEXAGONAL FLOWER SHAPED CYLINDRICAL HEAD SCREW M6×30,SRV 250 AMT,5710,628,6338,FAST,FASTENER,1
B0226080206S,HEXAGONAL FLOWER SHAPED CYLINDRICAL HEAD SCREW M8×20,SRV 250 AL (LIBERO),5710,628,6338,FAST,FASTENER,1
B0226080256K,HEXAGON SOCKET HEAD CAP SCREW M8×25,SRV 250 AL (LIBERO),5710,628,6338,FAST,FASTENER,1
B0226080256S,HEXAGON SOCKET HEAD CAP SCREW M8×25,SRK 800 RR,5710,628,6338,FAST,FASTENER,1
B0226080306S,HEXAGON SOCKET HEAD CAP SCREW M8×30,FORD 250,5710,628,6338,FAST,FASTENER,1
B0226080356S,HEXAGON SOCKET HEAD SCREW M8×35,SRV 250 AMT,5710,628,6338,FAST,FASTENER,1
B0226080406S,HEXAGON SOCKET HEAD CAP SCREW M8×40,SRV 600 V,5710,628,6338,FAST,FASTENER,1
B0226100226S,HEXAGON SOCKET HEAD CAP SCREW M10×22,SRV 250 AMT,5710,628,6338,FAST,FASTENER,1
B0226100256S,HEXAGONAL FLOWER SHAPED CYLINDRICAL HEAD SCREW M10×25,SRV 250 AL (LIBERO),5710,628,6338,FAST,FASTENER,1
B0226100306S,HEXAGON LOBULAR CYLINDRICAL HEAD SCREW M10×30,SRV 600 V,11410,1255,12665,FAST,FASTENER,1
B0226100356S,HEXAGON SOCKET HEAD CAP SCREW M10×35,SRV 250 AMT,11410,1255,12665,FAST,FASTENER,1
B0226100406S,HEXAGONAL FLOWER SHAPED CYLINDRICAL HEAD SCREW M10×40,SRV 250 AL (LIBERO),11410,1255,12665,FAST,FASTENER,1
B0226100656S,HEXAGONAL FLOWER SHAPED CYLINDRICAL HEAD SCREW M10×65,SRV 600 V,11410,1255,12665,FAST,FASTENER,1
B0255100506H,HEXAGONAL SOCKET HEAD SCREW M10×1.25×50,AX 180  (VIENTO) ABS,5710,628,6338,FAST,FASTENER,1
B0276100456P,HEXAGON SOCKET HEAD CAP SCREW M10×1.25×45,FORD 250,11410,1255,12665,FAST,FASTENER,1
B0280050140A,HEXAGON SOCKET SCREW M5×14,SRV 600 V,5710,628,6338,FAST,FASTENER,1
B0280050300A,HEXAGON SOCKET SCREW M5×30,SRV 600 V,5710,628,6338,FAST,FASTENER,1
B02810602562,SCREW M6×25-8.8-ZG,SRV 600 V,5710,628,6338,FAST,FASTENER,1
B02810603062,BOLT M6×30,SRV 250 AMT,5710,628,6338,FAST,FASTENER,1
B0281080256K,BOLT M8×1.25×25,SRV 250 AMT,5710,628,6338,FAST,FASTENER,1
B02810803562,BOLT M8×1.25×35,SRV 250 AMT,5710,628,6338,FAST,FASTENER,1
B02810804062,BOLT M8×1.25×40,SRK 150 E (CITO),5710,628,6338,FAST,FASTENER,1
B0283060146H,SCREWS M6×14,SRV 600 V,5710,628,6338,FAST,FASTENER,1
B02830601962,BOLT M6×19,FORD 250,5710,628,6338,FAST,FASTENER,1
B02830602562,BOLT M6×25,FORD 250,5710,628,6338,FAST,FASTENER,1
B0400050005A,NUT M5,FORD 250,5710,628,6338,FAST,FASTENER,1
B0400050005H,NUT M5,FORT 250  ADVENTURE ABS,5710,628,6338,FAST,FASTENER,1
B0400080005H,NUT M8,SRV 250 AMT,5710,628,6338,FAST,FASTENER,1
B0402050001H,HEXAGON THIN NUT M5,SRK 800 RR,5710,628,6338,FAST,FASTENER,1
B04020600018,THIN NUT M6,SRK 800 RR,5710,628,6338,FAST,FASTENER,1
B0403101251H,HEXAGON THIN NUT M10×1.25,SRV 250 AMT,5710,628,6338,FAST,FASTENER,1
B0407050005H,NUT M5,AX 180  (VIENTO) ABS,5710,628,6338,FAST,FASTENER,1
B0407060005G,HEXAGONAL FLANGE NUT M6,AX 180  (VIENTO) ABS,5710,628,6338,FAST,FASTENER,1
B0407060005H,NUT M6,FORD 250,5710,628,6338,FAST,FASTENER,1
B0407080005H,HEXAGON FLANGE NUT M8,SRV 600 V,5710,628,6338,FAST,FASTENER,1
B0407080007H,NUT M8,FORD 250,5710,628,6338,FAST,FASTENER,1
B0417050004H,ALL METAL HEXAGON FLANGE LOCK NUT M5,SRV 250 AMT,5710,628,6338,FAST,FASTENER,1
B0417060004A,ALL METAL HEXAGONAL FLANGE LOCKING NUT M6,SRK 150 E (CITO),5710,628,6338,FAST,FASTENER,1
B0417060004H,SELF LOCKING NUT M6,SRV 250 AMT,5710,628,6338,FAST,FASTENER,1
B04170600055,SELF-LOCKING NUT M6,SRK 800 RR,5710,628,6338,FAST,FASTENER,1
B0417080004H,SELF LOCKING NUT M8,SRV 250 AMT,5710,628,6338,FAST,FASTENER,1
B0417100004H,FULL METAL HEXAGONAL FLANGE LOCKING NUT M10,SRV 600 V,5710,628,6338,FAST,FASTENER,1
B0417101254H,HEXAGON FLANGE NUT M10,FORD 250,5710,628,6338,FAST,FASTENER,1
B0417121254H,SELF-LOCKING NUT M12×1.25,SRK 800 RR,5710,628,6338,FAST,FASTENER,1
B0417141504H,SELF-LOCKING NUT M14×1.5,FORD 250,5710,628,6338,FAST,FASTENER,1
B0417161504H,SELF LOCKING NUT M16×1.5,FORD 250,11410,1255,12665,FAST,FASTENER,1
B04220500044,CAP NUT M5,SRV 600 V,5710,628,6338,FAST,FASTENER,1
B0422060004G,COVER NUT M6,AX 180  (VIENTO) ABS,5710,628,6338,FAST,BODY,1
B0422060004H,NUT M6,SRV 250 AMT,5710,628,6338,FAST,FASTENER,1
B0422080004H,CAP NUT M5,SRV 250 AL (LIBERO),5710,628,6338,FAST,FASTENER,1
B04220800054,CAP NUT M8,SRV 250 AMT,5710,628,6338,FAST,FASTENER,1
B0443050120H,RIVET NUT M5×12,SRK 800 RR,5710,628,6338,FAST,FASTENER,1
B04800600052,NUT M6-8-ZG ZINC,SRV 600 V,5710,628,6338,FAST,FASTENER,1
B04810600052,NUT M6×1,FORD 250,5710,628,6338,FAST,FASTENER,1
B04821012552,SELF LOCKING NUT M10×1.25,SRV 250 AMT,5710,628,6338,FAST,FASTENER,1
B0482101255P,SELF-LOCKING NUT M10×1.25,SRK 800 RR,5710,628,6338,FAST,FASTENER,1
B0500420070H,CROSS SLOTTED SMALL PAN HEAD SCREW ST4.2×7.5,AX 180  (VIENTO) ABS,5710,628,6338,FAST,FASTENER,1
B0500420130H,SELF TAPPING SCREW ST4.2×13,FORD 250,5710,628,6338,FAST,FASTENER,1
B0500420160H,CROSS RECESSED PAN HEAD TAPPING SCREW ST4.2×16,SRV 250 AMT,5710,628,6338,FAST,FASTENER,1
B0507350130H,CROSS RECESSED PAN HEAD SELF TAPPING SCREW ST3.5×13,SRV 250 AL (LIBERO),5710,628,6338,FAST,FASTENER,1
B0507420100G,CROSS GROOVE LARGE SPHERICAL HEAD SELF TAPPING SCREW ST4.2×9.5,AX 180  (VIENTO) ABS,5710,628,6338,FAST,FASTENER,1
B0507420100H,SELF TAPPING SCREW ST4.2 × 9.5,FORT 250  ADVENTURE ABS,5710,628,6338,FAST,FASTENER,1
B0507420101G,CROSS RECESSED FLAT ROUND HEAD TAPPING SCREW ST4.2×TEN,FORT 250  ADVENTURE ABS,5710,628,6338,FAST,FASTENER,1
B0507420101H,SELF TAPPING SCREW ST4.2×10,SRV 600 V,5710,628,6338,FAST,FASTENER,1
B0507420130G,CROSS RECESSED LARGE SPHERICAL HEAD TAPPING SCREW ST4.2×13,SRV 600 V,5710,628,6338,FAST,FASTENER,1
B0507420130H,TAPPING SCREW ST4.2×13,FORD 250,5710,628,6338,FAST,FASTENER,1
B0507420131G,CROSS GROOVE LARGE SPHERICAL HEAD SELF TAPPING SCREW ST4.2×13,AX 180  (VIENTO) ABS,5710,628,6338,FAST,FASTENER,1
B0507420160G,CROSS GROOVE LARGE SPHERICAL HEAD SELF TAPPING SCREW ST4.2×16,AX 180  (VIENTO) ABS,5710,628,6338,FAST,FASTENER,1
B0507420160H,SELF TAPPING SCREW ST4.2×16,SRV 250 AMT,5710,628,6338,FAST,FASTENER,1
B0507480130G,SELF TAPPING SCREW ST4.8×13,FORD 250,5710,628,6338,FAST,FASTENER,1
B0507480130H,SELF-SCREW4.8X13,FORD 250,5710,628,6338,FAST,FASTENER,1
B0507480160H,SELF TAPPING SCREW ST4.8×16,AX 180  (VIENTO) ABS,5710,628,6338,FAST,FASTENER,1
B0514480160H,TAPPING SCREW,AX 180  (VIENTO) ABS,5710,628,6338,FAST,FASTENER,1
B0700000050A,SPRING WASHER 8,FORD 250,5710,628,6338,FAST,FASTENER,1
B0700000050H,SPRING WASHER 5,FORT 250  ADVENTURE ABS,5710,628,6338,FAST,FASTENER,1
B07000000604,SPRING WASHER 6,FORT 250  ADVENTURE ABS,5710,628,6338,FAST,FASTENER,1
B0700000060A,SPRING WASHER 6,FORD 250,5710,628,6338,FAST,FASTENER,1
B0700000060G,SPRING WASHER 6,SRK 800 RR,5710,628,6338,FAST,FASTENER,1
B0700000060H,SPRING WASHER 6,SRV 250 AMT,5710,628,6338,FAST,FASTENER,1
B0700000080A,SPRING WASHER 8,FORD 250,5710,628,6338,FAST,FASTENER,1
B0700000080H,SPRING WASHER 8,SRV 600 V,5710,628,6338,FAST,FASTENER,1
B0700000100H,SPRING WASHER 10,FORD 250,5710,628,6338,FAST,FASTENER,1
B07010000603,GASKET Φ 6,AX 180  (VIENTO) ABS,5710,628,6338,FAST,FASTENER,1
B0702000050H,WASHER 5,SRK 800 RR,5710,628,6338,FAST,FASTENER,1
B0702000050K,WASHER,FORD 250,5710,628,6338,FAST,FASTENER,1
B0702000060A,WASHER Φ 6,FORD 250,5710,628,6338,FAST,FASTENER,1
B0702000060G,FLAT WASHER Φ6,FORD 250,5710,628,6338,FAST,FASTENER,1
B0702000060H,WASHER Φ6,SRV 250 AMT,5710,628,6338,FAST,FASTENER,1
B0702000080H,WASHER 8,SRV 600 V,5710,628,6338,FAST,FASTENER,1
B0702000100H,LARGE GASKET Φ10,SRV 250 AMT,5710,628,6338,FAST,FASTENER,1
B0703000050H,FLAT WASHER Φ5,SRV 250 AMT,5710,628,6338,FAST,FASTENER,1
B07030000603,WASHER 6,FORT 250  ADVENTURE ABS,5710,628,6338,FAST,FASTENER,1
B0703000060A,WASHERS Φ 6,FORD 250,5710,628,6338,FAST,FASTENER,1
B0703000060G,FLAT WASHER Φ 6,AX 180  (VIENTO) ABS,5710,628,6338,FAST,FASTENER,1
B0703000060H,WASHERS Φ6,SRV 250 AMT,5710,628,6338,FAST,FASTENER,1
B0703000080A,WASHER 8,FORD 250,5710,628,6338,FAST,FASTENER,1
B0703000080G,FLAT WASHER 8,SRV 600 V,5710,628,6338,FAST,FASTENER,1
B0703000080H,WASHER 8,SRV 250 AMT,5710,628,6338,FAST,FASTENER,1
B0703000100H,WASHER 10,FORD 250,5710,628,6338,FAST,FASTENER,1
B0703000100K,WASHER 10,FORD 250,5710,628,6338,FAST,FASTENER,1
B0703000120H,FLAT WASHER Φ 12,SRV 250 AL (LIBERO),5710,628,6338,FAST,FASTENER,1
B080000020A1,ELASTIC RETAINING RING FOR HOLES 20,SRV 250 AMT,5710,628,6338,MEDIUM,OTHER,1
B08000002800,RING Φ28,FORD 250,5710,628,6338,MEDIUM,OTHER,1
B080000032A1,RETAINING RING Ф32,AX 180  (VIENTO) ABS,5710,628,6338,MEDIUM,OTHER,1
B080000035A0,RETAINING RING Ф35,FORT 250  ADVENTURE ABS,5710,628,6338,MEDIUM,OTHER,1
B08000003701,CIRCLIP FOR HOLE Φ37,SRK 800 RR,5710,628,6338,MEDIUM,FASTENER,1
B08000004001,"ELASTIC RETAINING RING FOR HOLE,DIAMETER 40",SRK 150 E (CITO),5710,628,6338,MEDIUM,ELECTRICAL,1
B08000004701,CIRCLIP FOR HOLE φ47,FORD 250,5710,628,6338,MEDIUM,FASTENER,1
B080000065A0,ELASTIC RETAINER 65,FORT 250  ADVENTURE ABS,5710,628,6338,MEDIUM,OTHER,1
B080000075A0,RETAINING RING 75,AX 180  (VIENTO) ABS,5710,628,6338,MEDIUM,OTHER,1
B08010001000,SHAFT WITH ELASTIC RETAINER 10,SRV 250 AMT,5710,628,6338,SLOW,OTHER,1
B08010001201,RETAINING RINGS FOR SHAFTS Φ12,FORD 250,5710,628,6338,SLOW,OTHER,1
B080100014A1,CIRCLIP FOR SHAFT 14,SRV 600 V,5710,628,6338,SLOW,FASTENER,1
B08010002501,SHAFT RETAINING RING 25,FORD 250,5710,628,6338,SLOW,OTHER,1
B08030000200,CIRCLIP,SRK 800 RR,5710,628,6338,MEDIUM,FASTENER,1
B08030000601,RING 6,FORD 250,5710,628,6338,MEDIUM,OTHER,1
B0803000060A,OPEN END RETAINING RING 6,FORT 250  ADVENTURE ABS,5710,628,6338,MEDIUM,OTHER,1
B080300035PH,CIRCLIP φ3.5,FORT 250  ADVENTURE ABS,5710,628,6338,MEDIUM,FASTENER,1
B0881000500H,RETAINING RING Φ55,SRK 800 RR,5710,628,6338,MEDIUM,OTHER,1
B08810006200,RETAINING RING Φ62,SRK 800 RR,5710,628,6338,MEDIUM,OTHER,1
B08820000501,RETAINING RING Φ5,SRK 150 E (CITO),5710,628,6338,MEDIUM,OTHER,1
B090002018AH,COTTER PIN Φ 2×18,FORD 250,5710,628,6338,MEDIUM,OTHER,1
B090003025AH,OPEN MOUTH SALES 3x25,AX 180  (VIENTO) ABS,5710,628,6338,MEDIUM,OTHER,1
B0900250241H,SPLIT PIN Φ TWO POINT FIVE×24,SRV 600 V,5710,628,6338,MEDIUM,OTHER,1
B090100024A1,RETAINING RING Φ24,SRK 150 E (CITO),5710,628,6338,MEDIUM,OTHER,1
B090103022B0,PARALLEL PIN B3×22,FORD 250,5710,628,6338,MEDIUM,OTHER,1
B090104005A0,PIN 4×5.0,SRK 800 RR,5710,628,6338,MEDIUM,OTHER,1
B090104008B0,CYLINDRICAL PINS 4×8,SRV 600 V,5710,628,6338,MEDIUM,OTHER,1
B09010500814,SPROCKET PIN 5×8,SRK 150 E (CITO),5710,628,6338,FAST,DRIVE,1
B090105008AA,LOCATING PIN 5×8,SRV 250 AMT,5710,628,6338,MEDIUM,OTHER,1
B09012501220,PARALLEL PIN B2.5×12,FORD 250,5710,628,6338,MEDIUM,OTHER,1
B090406014AH,PIN SHAFT Φ 6×14,SRV 250 AL (LIBERO),5710,628,6338,SLOW,OTHER,1
B090408020BH,PIN SHAFT 8×20,SRV 600 V,5710,628,6338,SLOW,OTHER,1
B091403014B0,PARALLEL PIN B3×14,FORD 250,5710,628,6338,MEDIUM,OTHER,1
B091404006B0,PIN 4×6,SRV 250 AMT,5710,628,6338,MEDIUM,OTHER,1
B091404008B4,CYLINDRICAL PIN 4×8,SRK 800 RR,5710,628,6338,MEDIUM,OTHER,1
B091406010A0,CYLINDRICAL PIN 6×10,SRK 800 RR,5710,628,6338,MEDIUM,OTHER,1
B091408040A4,CYLINDRICAL PIN 8×40,SRV 250 AL (LIBERO),5710,628,6338,MEDIUM,OTHER,1
B091410016A0,CYLINDER PIN 10×16,SRK 800 RR,5710,628,6338,SLOW,ENGINE,1
B100432007P0,BLIND RIVET 3.2×7,FORD 250,5710,628,6338,MEDIUM,OTHER,1
B11120404012,FLAT KEY,SRV 250 AL (LIBERO),5710,628,6338,MEDIUM,OTHER,1
B11130404006,FLAT KEY,SRV 250 AL (LIBERO),5710,628,6338,MEDIUM,OTHER,1
B11130404009,FLAT KEY,SRV 250 AL (LIBERO),5710,628,6338,MEDIUM,OTHER,1
B11810305013,SEMICIRCULAR KEY 3×5×13,SRK 150 E (CITO),5710,628,6338,MEDIUM,OTHER,1
B11810400016,WOODRUFF KEY 4×6.5×16,SRV 250 AL (LIBERO),5710,628,6338,MEDIUM,OTHER,1
B12016000003,BEARING 6000,SRV 250 AMT,22820,2510,25330,FAST,SUSPENSION,1
B12016000100,ROLLING BEARING 6001,SRK 150 E (CITO),17120,1883,19003,FAST,SUSPENSION,1
B12016000200,BEARING 6002-2RS,FORD 250,11410,1255,12665,FAST,SUSPENSION,1
B12016000217,DEEP GROOVE BALL BEARING 6002/P6,SRK 150 E (CITO),28520,3137,31657,FAST,SUSPENSION,1
B12016000303,DEEP GROOVE BALL BEARING 6003/P6,SRV 250 AL (LIBERO),22820,2510,25330,FAST,SUSPENSION,1
B12016000305,DEEP GROOVE BALL BEARING 6003-RS/P0,SRV 250 AL (LIBERO),22820,2510,25330,FAST,SUSPENSION,1
B12016000500,BEARING 6005-2RS,SRV 600 V,22820,2510,25330,FAST,SUSPENSION,1
B12016000600,BEARINGS,FORD 250,39930,4392,44322,FAST,SUSPENSION,1
B12016020100,ROLLING BEARING 6201-2RS,FORT 250  ADVENTURE ABS,17120,1883,19003,FAST,SUSPENSION,1
B12016020101,BEARING 6201/P6,AX 180  (VIENTO) ABS,17120,1883,19003,FAST,SUSPENSION,1
B12016020211,BEARING 6202/P6,AX 180  (VIENTO) ABS,34230,3765,37995,FAST,SUSPENSION,1
B12016020216,DEEP GROOVE BALL BEARING 6202/P6,SRK 150 E (CITO),28520,3137,31657,FAST,SUSPENSION,1
B12016020300,ROLLING BEARING 6203-2RS,SRK 150 E (CITO),17120,1883,19003,FAST,SUSPENSION,1
B12016020303,DEEP GROOVE BALL BEARING 6203/P6,SRK 150 E (CITO),22820,2510,25330,FAST,SUSPENSION,1
B12016020400,ROLLING BEARING 6204-2RS,FORD 250,22820,2510,25330,FAST,SUSPENSION,1
B12016020411,DEEP GROOVE BALL BEARING 6204/P53Z2,SRK 150 E (CITO),39930,4392,44322,FAST,SUSPENSION,1
B12016020415,DEEP GROOVE BALL BEARING 6204-RS/P53,SRK 800 RR,119780,13175,132955,FAST,SUSPENSION,1
B12016020500,ROLLING BEARING 6205-2RS,SRV 250 AMT,28520,3137,31657,FAST,SUSPENSION,1
B12016020506,BEARING 6205-2RS/P6,AX 180  (VIENTO) ABS,34230,3765,37995,FAST,SUSPENSION,1
B12016020517,DEEP GROOVE BALL BEARING 6205-P63,FORD 250,79860,8784,88644,FAST,SUSPENSION,1
B12016020702,ROLLING BEARING,SRV 250 AMT,91260,10038,101298,FAST,SUSPENSION,1
B12016020707,DEEP GROOVE BALL BEARING 6207/C4,SRV 250 AL (LIBERO),85560,9411,94971,FAST,SUSPENSION,1
B12016020708,LEFT CRANK BEARING,SRK 150 E (CITO),114080,12548,126628,FAST,SUSPENSION,1
B12016030100,ROLLING BEARING 6301-2RS,AX 180  (VIENTO) ABS,17120,1883,19003,FAST,SUSPENSION,1
B12016030105,BEARING 6301/P6,AX 180  (VIENTO) ABS,34230,3765,37995,FAST,SUSPENSION,1
B12016030206,DEEP GROOVE BALL BEARING 6302/P6,FORD 250,79860,8784,88644,FAST,SUSPENSION,1
B12016030211,DEEP GROOVE BALL BEARING 6302,AX 180  (VIENTO) ABS,28520,3137,31657,FAST,SUSPENSION,1
B12016030300,ROLLING BEARING 6303-2RS,AX 180  (VIENTO) ABS,22820,2510,25330,FAST,SUSPENSION,1
B12016030303,DEEP GROOVE BALL BEARINGS 6303/P6,FORD 250,28520,3137,31657,FAST,SUSPENSION,1
B12016030400,ROLLING BEARING 6304-2RS,SRV 250 AMT,34230,3765,37995,FAST,SUSPENSION,1
B12016030402,DEEP GROOVE BALL BEARING 6304/P53 Z2,SRV 250 AMT,34230,3765,37995,FAST,SUSPENSION,1
B12016160500,DEEP GROOVE BALL BEARINGS 25×47×8,SRV 600 V,131190,14430,145620,FAST,SUSPENSION,1
B12016190303,ROLLING BEARING,SRV 250 AL (LIBERO),28520,3137,31657,FAST,SUSPENSION,1
B12016190400,ROLLING BEARING 61904-2RS,SRK 800 RR,22820,2510,25330,FAST,SUSPENSION,1
B12016190503,ROLLING BEARING,SRV 250 AL (LIBERO),28520,3137,31657,FAST,SUSPENSION,1
B12016190603,BEARINGS 61906-2LS,FORD 250,39930,4392,44322,FAST,SUSPENSION,1
B12016600401,ROLLING BEARING 16004,SRV 600 V,34230,3765,37995,FAST,SUSPENSION,1
B12016602207,OUTPUT SHAFT RIGHT BEARING 62/22-2RS/C3,SRK 150 E (CITO),45630,5019,50649,FAST,SUSPENSION,1
B12016622203,DEEP GROOVE BALL BEARING 62/22D2/P63,SRV 250 AL (LIBERO),79860,8784,88644,FAST,SUSPENSION,1
B12016632202,ROLLING BEARING,SRV 250 AMT,51340,5647,56987,FAST,SUSPENSION,1
B1203J102400,THRUST NEEDLE ROLLER AND CAGE ASSEMBLY,SRV 250 AMT,17120,1883,19003,FAST,DRIVE,1
B1210H262001,NEEDLE BEARING 26×34×20,SRV 600 V,39930,4392,44322,FAST,SUSPENSION,1
B1210H490400,NEEDLE BEARING NA4904,SRK 800 RR,39930,4392,44322,FAST,SUSPENSION,1
B1212K121002,NEEDLE BEARING 12×16×10,SRV 600 V,5710,628,6338,FAST,SUSPENSION,1
B1212K141202,NEEDLE BEARING HK1412,SRV 600 V,57040,6274,63314,FAST,SUSPENSION,1
B1212K151800,NEEDLE ROLLER BEARING 15×21×18,SRV 250 AMT,22820,2510,25330,FAST,DRIVE,1
B1212K202000,NEEDLE ROLLER BEARING HK2020,SRV 250 AMT,11410,1255,12665,FAST,DRIVE,1
B1304040120H,CROSS RECESSED PAN HEAD SCREW AND SPRING WASHER AND FLAT WASHER ASSEMBLY M4 × 12,FORT 250  ADVENTURE ABS,5710,628,6338,FAST,FASTENER,1
B1308040102H,COMBINATION SCREW M4×10,SRV 250 AMT,5710,628,6338,FAST,FASTENER,1
B1308040140H,COMBINATION SCREW M4×14,FORD 250,5710,628,6338,FAST,FASTENER,1
B1308050100H,COMBINATION SCREW M5×10,SRV 250 AMT,5710,628,6338,FAST,FASTENER,1
B13080501223,COMBINATION SCREW M5×12,AX 180  (VIENTO) ABS,5710,628,6338,FAST,FASTENER,1
B140104F1224,VACUUM TIRE 90/90-12,SRK 150 E (CITO),462010,50821,512831,MEDIUM,OTHER,1
B140105E1422,VACUUM TIRE 110/80-14,AX 180  (VIENTO) ABS,564680,62114,626794,MEDIUM,OTHER,1
B140105F1021,VACUUM TIRE 100/90-10,SRK 150 E (CITO),536160,58977,595137,MEDIUM,OTHER,1
B140106E1424,VACUUM TIRE 110/80-14,FORT 250  ADVENTURE ABS,684450,75289,759739,MEDIUM,OTHER,1
B140107D1320,VACUUM TYRE 120/70-13,FORD 250,678750,74662,753412,MEDIUM,OTHER,1
B140107D1420,VACUUM TIRE 120/70-14,AX 180  (VIENTO) ABS,735790,80936,816726,MEDIUM,OTHER,1
B140107D1726,VACUUM TIRE 120/70 ZR17,SRK 800 RR,2156020,237162,2393182,MEDIUM,OTHER,1
B140107E1620,VACUUM TIRE 120 / 80-16,SRV 250 AMT,1089420,119836,1209256,MEDIUM,OTHER,1
B140108D1324,VACUUM TIRE 130/70-13,FORT 250  ADVENTURE ABS,935420,102896,1038316,MEDIUM,OTHER,1
B140108F1620,VACUUM TIRE 130/90-16,SRV 600 V,1477280,162500,1639780,MEDIUM,OTHER,1
B140110D1320,VACUUM TIRE 150/70-13,FORD 250,1146460,126110,1272570,MEDIUM,OTHER,1
B140110E1520,VACUUM TIRE 150 / 80-15,SRV 250 AMT,1574240,173166,1747406,MEDIUM,OTHER,1
B140110E1620,VACUUM TIRE 150 / 80-15,SRV 250 AL (LIBERO),1682610,185087,1867697,MEDIUM,OTHER,1
B140113B1722,VACUUM TIRE 180/55 ZR17,SRK 800 RR,3068620,337548,3406168,MEDIUM,OTHER,1
B1403Z201100,VALVE STEM,SRV 250 AMT,5710,628,6338,MEDIUM,ENGINE,1
B1403Z201120,VALVE,FORD 250,11410,1255,12665,MEDIUM,ENGINE,1
B1701008000H,WIRE CLAMP 8,SRK 150 E (CITO),5710,628,6338,FAST,ELECTRICAL,1
B1701009000H,"CLIP,STEEL WIRE 9",AX 180  (VIENTO) ABS,5710,628,6338,MEDIUM,FASTENER,1
B1701010000H,STEEL WIRE CLAMP Φ TEN,FORT 250  ADVENTURE ABS,5710,628,6338,FAST,ELECTRICAL,1
B1701010500H,STEEL WIRE CLAMP,SRV 250 AMT,5710,628,6338,FAST,ELECTRICAL,1
B1701012500H,PLATE CLAMP Φ 12.5,FORD 250,5710,628,6338,FAST,ELECTRICAL,1
B190102240A0,O-RING 22.4×1.8,SRV 250 AMT,5710,628,6338,MEDIUM,OTHER,1
B190102580B0,O-RING 25.8×2.65,SRV 600 V,5710,628,6338,MEDIUM,OTHER,1
B190102650B0,O-RING 26.5×1.8,SRV 600 V,5710,628,6338,MEDIUM,OTHER,1
B190102700A0,O-RING 27×2,FORD 250,5710,628,6338,MEDIUM,OTHER,1
B190102730B0,O-RING 22 × TWO POINT EIGHT,FORT 250  ADVENTURE ABS,5710,628,6338,MEDIUM,OTHER,1
B190103000A0,O-RING 30×1.8,SRK 150 E (CITO),5710,628,6338,MEDIUM,OTHER,1
B190103000B0,O-RING,SRK 800 RR,5710,628,6338,MEDIUM,OTHER,1
B190103350B0,O-RING 33.5×2.65,SRV 250 AMT,5710,628,6338,MEDIUM,OTHER,1
B190103650A0,O-RING 36.5×1.8,SRK 800 RR,5710,628,6338,MEDIUM,OTHER,1
B190103650A1,O-RING 36.5×1.8,AX 180  (VIENTO) ABS,5710,628,6338,MEDIUM,OTHER,1
B190103870A0,O-RING 38.7×1.8,FORD 250,5710,628,6338,MEDIUM,OTHER,1
B190103870B0,O-RING Φ38.7×Φ2.65,SRK 800 RR,5710,628,6338,MEDIUM,OTHER,1
B190104000A1,O-RING 40×1.8,FORT 250  ADVENTURE ABS,5710,628,6338,MEDIUM,OTHER,1
B190104170B0,O-RING Φ 41.7×Φ 2.65,SRV 600 V,5710,628,6338,MEDIUM,OTHER,1
B190106050B0,O-RING SEAL RING,SRV 250 AMT,5710,628,6338,FAST,FASTENER,1
B2001100120H,WRENCH 10-12㎜,AX 180  (VIENTO) ABS,11410,1255,12665,MEDIUM,OTHER,1
B200110012PE,WRENCH14-17,FORD 250,22820,2510,25330,MEDIUM,OTHER,1
B2001130160H,WRENCH 13-16㎜,AX 180  (VIENTO) ABS,17120,1883,19003,MEDIUM,OTHER,1
B200113016PE,DOUBLE END OPEN-END WRENCH 13-16,SRV 250 AMT,28520,3137,31657,MEDIUM,OTHER,1
B200114017PE,WRENCH14-17,FORD 250,28520,3137,31657,MEDIUM,OTHER,1
B2004T250004,HEXAGONAL WRENCH T25,FORD 250,5710,628,6338,MEDIUM,OTHER,1
B2004T300004,HEXAGONAL WRENCH T30,FORD 250,11410,1255,12665,MEDIUM,OTHER,1
B2004T400004,HEXAGONAL WRENCH T40,FORD 250,11410,1255,12665,MEDIUM,OTHER,1
B2004T500004,HEXAGONAL WRENCH T50,FORD 250,22820,2510,25330,MEDIUM,OTHER,1
B210125198P2,PIN 2.5×19.8,SRV 250 AMT,5710,628,6338,MEDIUM,OTHER,1
B210140158P2,PIN 4×15.8,SRV 250 AMT,5710,628,6338,MEDIUM,OTHER,1
B2201FB30477,LIP SEAL 30×47×7,SRK 800 RR,11410,1255,12665,FAST,FASTENER,1
C24720050000,ENGINE,SRK 150 E (CITO),11378990,1251688,12630678,SLOW,ENGINE,1
C25450010000,ENGINE,FORD 250,20419430,2246137,22665567,SLOW,ENGINE,1
C25470070000,ENGINE,AX 180  (VIENTO) ABS,15622580,1718483,17341063,SLOW,ENGINE,1
C25470100000,ENGINE,AX 180  (VIENTO) CBS,15622580,1718483,17341063,SLOW,ENGINE,1
C25530050000,ENGINE,FORT 250  ADVENTURE ABS,27229710,2995268,30224978,SLOW,ENGINE,1
C2559001MMN9,ENGINE ASSEMBLY,SRV 250 AMT,37422310,4116454,41538764,SLOW,ENGINE,1
C2567001NB01,ENGINE,SRV 250 AL (LIBERO),38945210,4283973,43229183,SLOW,ENGINE,1
C2690002BG00,ENGINE,SRV 600 V,52309100,5754001,58063101,SLOW,ENGINE,1
C2692002NBMM,ENGINE,SRK 800 RR,49885000,5487350,55372350,SLOW,ENGINE,1
LIDEM0000001,OIL 1L 15W50 API SL JASO MA 2,SRV/FORT/SRK/VIENTO/SRT,123552,13590,137142,FAST,OIL_FLUID,1
LIDEM0000002,OIL GEAR 120ML 10W40 JASO MB,FORT/SRK/VIENTO (MATIC),25920,2851,28771,FAST,DRIVE,1
LIDEM0000003,"OIL 0,8L 15W50 API SL JASO MA 2",AX 180  (VIENTO) ABS,46036,5063,51099,FAST,OIL_FLUID,1
COOLANT,AIR RADIATOR,SRV 250 AMT/LIBERO/FORT 250/FORT 250 ADV,0,0,0,MEDIUM,COOLING,2
