Part Code,Part Name,Motor Type,Retail,TAX,Harga Jual,Kategori Moving,Jenis Part,Prioritas
02100N220003,VEHICLE TOOLS,SRV 250 AMT,74150,8156,82306,MEDIUM,OTHER,1
02100N510000,ONBOARD TOOLS,FORD 250,102670,11293,113963,MEDIUM,OTHER,1
02100P410100,TOOL KIT,SRK 800 RR,74150,8156,82306,MEDIUM,OTHER,1
02102G010100,"SOCKET,SPARK PLUG",FORD 250,5710,628,6338,FAST,ELECTRICAL,1
02103J000100,DRIVER SCREW,FORD 250,5710,628,6338,FAST,FASTENER,1
02103P250000,DOUBLE ENDED SCREWDRIVER,SRV 250 AMT,5710,628,6338,FAST,FASTENER,1
02106J000100,"HANDLE,SCREW DRIVER",FORD 250,5710,628,6338,FAST,FASTENER,1
02106P250000,HANDLE AS,SRV 250 AMT,5710,628,6338,MEDIUM,OTHER,1
02110P250000,TOOL  BAG,FORD 250,17120,1883,19003,MEDIUM,OTHER,1
02120J690000,ON BOARD TOOL STRAP,SRV 250 AMT,17120,1883,19003,MEDIUM,OTHER,1
02401N590001,INSTRUCTIONS,FORD 250,39930,4392,44322,MEDIUM,OTHER,1
02401N890001,INSTRUCTIONS,SRV 250 AMT,22820,2510,25330,MEDIUM,OTHER,1
02401PC20003,INSTRUCTIONS,SRV 600 V,22820,2510,25330,MEDIUM,OTHER,1
02401PCD0001,INSTRUCTIONS,SRK 800 RR,22820,2510,25330,MEDIUM,OTHER,1
03310N510000,HELMET HOOK ASSEMBLY,FORD 250,39930,4392,44322,MEDIUM,OTHER,1
05501L79FB01,FRONT MUDGUARD DECAL,SRV 250 AMT,5710,628,6338,MEDIUM,BODY,1
05501L79ND01,FRONT FENDER DECAL,SRK 800 RR,5710,628,6338,SLOW,BODY,1
05501N510000,USB LABEL,FORD 250,51340,5647,56987,MEDIUM,OTHER,1
05501PC20000,SHOCK ABSORBER LOWER SEAT CRYSTAL SOFT LABEL,SRV 600 V,11410,1255,12665,SLOW,BODY,1
05502N510000,"GUARD BOARD HARD LABEL,MARK FORT250",FORD 250,68450,7529,75979,MEDIUM,BODY,1
05503N490002,ECU LABEL STICKER,SRV 250 AMT,5710,628,6338,MEDIUM,ELECTRICAL,1
05503V040002,ECU LABEL STICKER,SRV 250 AMT,5710,628,6338,MEDIUM,ELECTRICAL,1
05511N59NJ00,LEFT PROTECTIVE PANEL STICKER,FORD 250,11410,1255,12665,MEDIUM,BODY,1
05511N59RG00,LEFT PROTECTIVE PANEL STICKER,FORD 250,11410,1255,12665,MEDIUM,BODY,1
05511N59VM00,LEFT PROTECTIVE PANEL STICKER,FORD 250,11410,1255,12665,MEDIUM,BODY,1
05511N89X901,LEFT PROTECTIVE PANEL DECAL,SRV 250 AMT,11410,1255,12665,MEDIUM,BODY,1
05511PC20001,3D HARD LABEL FOR PROTECTIVE BOARD,SRV 600 V,34230,3765,37995,MEDIUM,OTHER,1
05512N59NJ00,RIGHT PROTECTIVE PANEL STICKER,FORD 250,11410,1255,12665,MEDIUM,BODY,1
05512N59RG00,RIGHT PROTECTIVE PANEL STICKER,FORD 250,11410,1255,12665,MEDIUM,BODY,1
05512N59VM00,RIGHT PROTECTIVE PANEL STICKER,FORD 250,11410,1255,12665,MEDIUM,BODY,1
05512N89X901,RIGHT PROTECTIVE PLATE DECAL,SRV 250 AMT,11410,1255,12665,MEDIUM,BODY,1
05513N59NJ00,LEFT AND RIGHT DARKROAD STICKER,FORD 250,5710,628,6338,MEDIUM,BODY,1
05513N59RG00,LEFT AND RIGHT DARKROAD STICKER,FORD 250,5710,628,6338,MEDIUM,BODY,1
05513N59VM00,LEFT AND RIGHT DARKROAD STICKER,FORD 250,5710,628,6338,MEDIUM,BODY,1
05513PC20001,3D HARD LABEL ON THE RIGHT FENDER,SRV 600 V,34230,3765,37995,SLOW,BODY,1
05521N59NJ00,LEFT CONNECTING PLATE STICKER,FORD 250,11410,1255,12665,MEDIUM,BODY,1
05521N59RG00,LEFT CONNECTING PLATE STICKER,FORD 250,11410,1255,12665,MEDIUM,BODY,1
05521N59VM00,LEFT CONNECTING PLATE STICKER,FORD 250,11410,1255,12665,MEDIUM,BODY,1
05522N59NJ00,RIGHT CONNECTING PLATE STICKER,FORD 250,11410,1255,12665,MEDIUM,BODY,1
05522N59RG00,RIGHT CONNECTING PLATE STICKER,FORD 250,11410,1255,12665,MEDIUM,BODY,1
05522N59VM00,RIGHT CONNECTING PLATE STICKER,FORD 250,11410,1255,12665,MEDIUM,BODY,1
05523P410000,SHROUD HARD MARK,FORD 250,45630,5019,50649,MEDIUM,OTHER,1
05523PC20001,FUEL TANK LABEL,SRV 600 V,51340,5647,56987,SLOW,BODY,1
05531N280004,FUEL TANK WARNING STICKER,SRV 250 AMT,5710,628,6338,SLOW,BODY,1
05531N47BG03,LEFT FUEL TANK STICKER,SRV 250 AMT,17120,1883,19003,SLOW,BODY,1
05531N47S603,LEFT FUEL TANK STICKER,SRV 250 AMT,17120,1883,19003,SLOW,BODY,1
05531N47X903,LEFT FUEL TANK STICKER,SRV 250 AMT,17120,1883,19003,SLOW,BODY,1
05532N47BG03,RIGHT FUEL TANK DECAL,SRV 250 AMT,17120,1883,19003,SLOW,BODY,1
05532N47S603,RIGHT FUEL TANK DECAL,SRV 250 AMT,17120,1883,19003,SLOW,BODY,1
05532N47X903,RIGHT FUEL TANK DECAL,SRV 250 AMT,17120,1883,19003,SLOW,BODY,1
05532PCDBL00,FUEL TANK STICKER,SRK 800 RR,5710,628,6338,SLOW,BODY,1
05532PCDFB00,FUEL TANK STICKER,SRK 800 RR,5710,628,6338,SLOW,BODY,1
05532PCDRG00,FUEL TANK STICKER,SRK 800 RR,5710,628,6338,SLOW,BODY,1
05533PCDBL00,LEFT FUEL TANK STICKER I,SRK 800 RR,5710,628,6338,SLOW,BODY,1
05533PCDRG00,LEFT FUEL TANK STICKER I,SRK 800 RR,5710,628,6338,SLOW,BODY,1
05533PCDX900,LEFT FUEL TANK STICKER I,SRK 800 RR,5710,628,6338,SLOW,BODY,1
05534PCDBL00,RIGHT FUEL TANK STICKER I,SRK 800 RR,5710,628,6338,SLOW,BODY,1
05534PCDRG00,RIGHT FUEL TANK STICKER I,SRK 800 RR,5710,628,6338,SLOW,BODY,1
05534PCDX900,RIGHT FUEL TANK STICKER I,SRK 800 RR,5710,628,6338,SLOW,BODY,1
05541PCDBL02,LEFT FOOT PROTECTIVE BOARD STICKER,SRK 800 RR,22820,2510,25330,MEDIUM,BODY,1
05541PCDFB03,LEFT FOOT PROTECTIVE BOARD STICKER,SRK 800 RR,22820,2510,25330,MEDIUM,BODY,1
05541PCDRG02,LEFT FOOT PROTECTIVE BOARD STICKER,SRK 800 RR,22820,2510,25330,MEDIUM,BODY,1
05541PCDX902,LEFT FOOT PROTECTIVE BOARD STICKER,SRK 800 RR,22820,2510,25330,MEDIUM,BODY,1
05542PCDBL00,RIGHT FOOT PROTECTIVE BOARD STICKER,SRK 800 RR,22820,2510,25330,MEDIUM,BODY,1
05542PCDFB00,RIGHT FOOT PROTECTIVE BOARD STICKER,SRK 800 RR,22820,2510,25330,MEDIUM,BODY,1
05542PCDRG00,RIGHT FOOT PROTECTIVE BOARD STICKER,SRK 800 RR,22820,2510,25330,MEDIUM,BODY,1
05542PCDX900,RIGHT FOOT PROTECTIVE BOARD STICKER,SRK 800 RR,22820,2510,25330,MEDIUM,BODY,1
05543PCDBL02,LEFT FOOT PROTECTION BOARD DECAL II,SRK 800 RR,11410,1255,12665,MEDIUM,BODY,1
05543PCDFB04,LEFT FOOT PROTECTION BOARD DECAL II,SRK 800 RR,11410,1255,12665,MEDIUM,BODY,1
05543PCDRG02,LEFT FOOT PROTECTION BOARD DECAL II,SRK 800 RR,11410,1255,12665,MEDIUM,BODY,1
05544PCDBL02,RIGHT FOOT PROTECTION BOARD DECAL II,SRK 800 RR,11410,1255,12665,MEDIUM,BODY,1
05544PCDFB04,RIGHT FOOT PROTECTION BOARD DECAL II,SRK 800 RR,11410,1255,12665,MEDIUM,BODY,1
05544PCDRG02,RIGHT FOOT PROTECTION BOARD DECAL II,SRK 800 RR,11410,1255,12665,MEDIUM,BODY,1
05545PCDBL00,LEFT FOOT PROTECTION BOARD DECAL III,SRK 800 RR,22820,2510,25330,MEDIUM,BODY,1
05545PCDFB00,LEFT FOOT PROTECTION BOARD DECAL III,SRK 800 RR,22820,2510,25330,MEDIUM,BODY,1
05545PCDRG00,LEFT FOOT PROTECTION BOARD DECAL III,SRK 800 RR,22820,2510,25330,MEDIUM,BODY,1
05545PCDX900,LEFT FOOT PROTECTION BOARD DECAL III,SRK 800 RR,22820,2510,25330,MEDIUM,BODY,1
05546PCDBL00,RIGHT FOOT PROTECTION BOARD DECAL III,SRK 800 RR,22820,2510,25330,MEDIUM,BODY,1
05546PCDFB00,RIGHT FOOT PROTECTION BOARD DECAL III,SRK 800 RR,22820,2510,25330,MEDIUM,BODY,1
05546PCDRG00,RIGHT FOOT PROTECTION BOARD DECAL III,SRK 800 RR,22820,2510,25330,MEDIUM,BODY,1
05546PCDX900,RIGHT FOOT PROTECTION BOARD DECAL III,SRK 800 RR,22820,2510,25330,MEDIUM,BODY,1
05547PCDBL00,LEFT FOOT PROTECTION BOARD DECAL IV,SRK 800 RR,5710,628,6338,MEDIUM,BODY,1
05547PCDFB00,LEFT FOOT PROTECTION BOARD DECAL IV,SRK 800 RR,5710,628,6338,MEDIUM,BODY,1
05547PCDRG00,LEFT FOOT PROTECTION BOARD DECAL IV,SRK 800 RR,5710,628,6338,MEDIUM,BODY,1
05547PCDRG01,LEFT FOOT PROTECTION BOARD DECAL IV,SRK 800 RR,5710,628,6338,MEDIUM,BODY,1
05548PCDBL00,RIGHT FOOT PROTECTION BOARD DECAL IV,SRK 800 RR,5710,628,6338,MEDIUM,BODY,1
05548PCDFB00,RIGHT FOOT PROTECTION BOARD DECAL IV,SRK 800 RR,5710,628,6338,MEDIUM,BODY,1
05548PCDRG00,RIGHT FOOT PROTECTION BOARD DECAL IV,SRK 800 RR,5710,628,6338,MEDIUM,BODY,1
05548PCDRG01,RIGHT FOOT PROTECTION BOARD DECAL IV,SRK 800 RR,5710,628,6338,MEDIUM,BODY,1
05549PCDRG00,LEFT ENGINE HOOD DECAL,SRK 800 RR,5710,628,6338,SLOW,ENGINE,1
05559PCDRG00,RIGHT ENGINE HOOD DECAL,SRK 800 RR,5710,628,6338,SLOW,ENGINE,1
05561N470000,DECORATIVE NICKEL LABEL OF AIR FILTER,SRV 250 AMT,102670,11293,113963,FAST,ENGINE,1
05571N47S603,LEFT STICKER ON THE REAR MUDGUARD,SRV 250 AMT,17120,1883,19003,MEDIUM,BODY,1
05571PCDBL01,TAIL COVER DECAL,SRK 800 RR,5710,628,6338,MEDIUM,BODY,1
05571PCDFB01,TAIL COVER DECAL,SRK 800 RR,5710,628,6338,MEDIUM,BODY,1
05571PCDRG02,TAIL COVER DECAL,SRK 800 RR,5710,628,6338,MEDIUM,BODY,1
05571PCDX901,TAIL COVER DECAL,SRK 800 RR,5710,628,6338,MEDIUM,BODY,1
05572N47S603,RIGHT STICKER ON THE REAR MUDGUARD,SRV 250 AMT,17120,1883,19003,MEDIUM,BODY,1
05572PC20000,TAIL COVER APPLIQUE,SRV 600 V,11410,1255,12665,MEDIUM,BODY,1
05572PC20100,TAIL COVER APPLIQUE,SRV 600 V,11410,1255,12665,MEDIUM,BODY,1
05572PCDBL00,LEFT TAIL COVER STICKER,SRK 800 RR,5710,628,6338,MEDIUM,BODY,1
05572PCDFB00,LEFT TAIL COVER STICKER,SRK 800 RR,5710,628,6338,MEDIUM,BODY,1
05572PCDX900,LEFT TAIL COVER STICKER,SRK 800 RR,5710,628,6338,MEDIUM,BODY,1
05573PCDBL00,RIGHT TAIL COVER DECAL,SRK 800 RR,5710,628,6338,MEDIUM,BODY,1
05573PCDFB00,RIGHT TAIL COVER DECAL,SRK 800 RR,5710,628,6338,MEDIUM,BODY,1
05573PCDX900,RIGHT TAIL COVER DECAL,SRK 800 RR,5710,628,6338,MEDIUM,BODY,1
05581N220001,TIRE PRESSURE LABELING,SRV 250 AMT,5710,628,6338,MEDIUM,OTHER,1
05582K980000,TRANSPARENT WEAR RESISTANT STICKER,SRK 800 RR,5710,628,6338,MEDIUM,BODY,1
05582PCDWD00,WHEEL RIM DECALS,SRK 800 RR,51340,5647,56987,SLOW,BODY,1
05583P380000,CHAIN ADJUSTMENT LABEL,SRK 800 RR,5710,628,6338,FAST,DRIVE,1
05589P810000,3M VELCRO,SRV 600 V,17120,1883,19003,MEDIUM,OTHER,1
06101P540000,OUTLET PIPE OF EXPANSION KETTLE,SRV 250 AMT,11410,1255,12665,MEDIUM,OTHER,1
06101PC20000,EXPANSION KETTLE INLET PIPE,SRV 600 V,11410,1255,12665,MEDIUM,OTHER,1
06103N120100,WATER PIPE PLATE CLAMP ?25,SRV 250 AMT,5710,628,6338,FAST,ELECTRICAL,1
06103N140000,CLAMP 13,SRK 800 RR,5710,628,6338,FAST,ELECTRICAL,1
06103N290100,CLAMP ?28,FORD 250,5710,628,6338,FAST,ELECTRICAL,1
06103N510000,OVERFLOW PIPE OF EXPANSION KETTLE,FORD 250,5710,628,6338,MEDIUM,OTHER,1
06103P160100,WATER PIPE PLATE CLAMP ? 32,SRV 600 V,11410,1255,12665,FAST,ELECTRICAL,1
06106P540000,CONNECTING PIPE BETWEEN EXPANSION KETTLE AND WATER INLET OF WATER TANK,SRV 250 AMT,11410,1255,12665,SLOW,BODY,1
06107N510000,CONNECTING PIPE BETWEEN WATER INLET AND WATER TANK,FORD 250,91260,10038,101298,SLOW,BODY,1
06107P540000,WATER INLET OF WATER TANK AND CONNECTING PIPE OF WATER TANK,SRV 250 AMT,22820,2510,25330,SLOW,BODY,1
06107PC20000,CONNECTING PIPE BETWEEN WATER INLET AND WATER TANK,SRV 600 V,28520,3137,31657,SLOW,BODY,1
06110P950000,EXPANSION KETTLE ASSEMBLY,SRK 800 RR,62750,6902,69652,MEDIUM,OTHER,1
06111N510000,EXPANSION KETTLE,FORD 250,57040,6274,63314,MEDIUM,OTHER,1
06111P540000,EXPANSION KETTLE,SRV 250 AMT,57040,6274,63314,MEDIUM,OTHER,1
06111PC20000,EXPANSION KETTLE,SRV 600 V,51340,5647,56987,MEDIUM,OTHER,1
06112J690000,EXPANSION KETTLE COVER,FORD 250,5710,628,6338,MEDIUM,BODY,1
06113P950000,EXPANSION KETTLE LID,SRV 600 V,11410,1255,12665,MEDIUM,OTHER,1
06130P540000,COVER AS-EXPANSION KETTLE,SRV 250 AMT,11410,1255,12665,MEDIUM,BODY,1
06140P950000,LEFT MOUNTING BASE OF EXPANSION KETTLE,SRK 800 RR,11410,1255,12665,MEDIUM,OTHER,1
06160N510001,OUTLET PIPE ASSEMBLY OF PENG BULGING KETTLE,FORD 250,45630,5019,50649,MEDIUM,OTHER,1
06160P950000,RADIATOR OVERFLOW PIPE ASSEMBLY,SRK 800 RR,34230,3765,37995,MEDIUM,COOLING,1
06210N590000,ENGINE WATER INLET PIPE ASSEMBLY,FORD 250,114080,12548,126628,SLOW,ENGINE,1
06211P540000,ENGINE WATER INLET PIPE,SRV 250 AMT,45630,5019,50649,SLOW,ENGINE,1
06211P950000,ENGINE WATER INLET PIPE,SRK 800 RR,51340,5647,56987,SLOW,ENGINE,1
06211PC20000,ENGINE WATER INLET PIPE,SRV 600 V,51340,5647,56987,SLOW,ENGINE,1
06250N590000,WATER OUTLET PIPE ASSEMBLY OF ENGINE,FORD 250,136890,15057,151947,SLOW,ENGINE,1
06250PC20000,ENGINE OUTLET PIPE ASSEMBLY,SRV 600 V,68450,7529,75979,SLOW,ENGINE,1
06251P540000,ENGINE WATER OUTLET PIPE,SRV 250 AMT,28520,3137,31657,SLOW,ENGINE,1
06251P950000,ENGINE WATER OUTLET PIPE,SRK 800 RR,57040,6274,63314,SLOW,ENGINE,1
06270N510001,SMALL CIRCULATING PIPE ASSEMBLY,FORD 250,39930,4392,44322,MEDIUM,OTHER,1
08001B030200,BOLT M8×20,FORD 250,5710,628,6338,FAST,FASTENER,1
08001N510000,FRONT WINDSHIELD MOUNTING SCREW M8×35,FORD 250,5710,628,6338,FAST,BODY,1
08001P32000J,HEXAGON SOCKET HEAD CAP SCREW M8×25,SRV 250 AMT,5710,628,6338,FAST,FASTENER,1
08001P56000J,HEXAGON SOCKET HEAD CAP SCREW M10×1.25×40,SRV 250 AMT,11410,1255,12665,FAST,FASTENER,1
08001P620000,HEXAGON SOCKET TORX FLANGE SCREW M5×12,FORD 250,5710,628,6338,FAST,FASTENER,1
08001P620001,INTERNAL HEXAGONAL FLOWER SHAPED FLANGE SCREW M5×16,FORD 250,5710,628,6338,FAST,FASTENER,1
08001P62000J,HEXAGON SOCKET HEAD CAP SCREW M8×20,SRV 600 V,11410,1255,12665,FAST,FASTENER,1
08001P620100,HEXAGON LOBULAR FLANGE SCREW M5×12,SRV 600 V,5710,628,6338,FAST,FASTENER,1
08001P620101,HEXAGON SOCKET TORX FLANGE SCREW M5×16,SRK 800 RR,5710,628,6338,FAST,FASTENER,1
08001P65020J,HEXAGONAL FLOWER SHAPED CYLINDRICAL HEAD SCREW M10×1.25×55,SRV 250 AMT,11410,1255,12665,FAST,FASTENER,1
08001P950000,HEXAGON SOCKET TORX CYLINDRICAL FLANGE SCREW M12×1.00×30,SRK 800 RR,5710,628,6338,FAST,FASTENER,1
08002N510000,REAR SHELF MOUNTING SCREW M8×55,FORD 250,5710,628,6338,FAST,FASTENER,1
08002P32001J,HEXAGON SOCKET HEAD CAP SCREW M6×12,SRV 250 AMT,5710,628,6338,FAST,FASTENER,1
08002P32002J,HEXAGON LOBULAR CYLINDRICAL HEAD SCREW M6×16,SRV 600 V,5710,628,6338,FAST,FASTENER,1
08002P32003J,HEXAGON SOCKET PAN HEAD SCREW M6×20,SRV 250 AMT,5710,628,6338,FAST,FASTENER,1
08002P32004J,HEXAGON SOCKET HEAD CAP SCREW M6×25,SRV 250 AMT,5710,628,6338,FAST,FASTENER,1
08002P32005J,HEXAGON LOBULAR CYLINDRICAL HEAD SCREW M6×30,SRV 600 V,5710,628,6338,FAST,FASTENER,1
08002P410000,CHAIN ADJUSTMENT SCREW M8×50,SRV 600 V,5710,628,6338,FAST,DRIVE,1
08002P56000J,HEXAGON SOCKET HEAD CAP SCREW M8×30,SRV 250 AMT,11410,1255,12665,FAST,FASTENER,1
08002P620000,HEXAGON LOBULAR FLANGE SCREW M6×8,SRV 600 V,5710,628,6338,FAST,FASTENER,1
08002P620001,HEXAGON SOCKET TORX FLANGE SCREW M6×12,FORD 250,5710,628,6338,FAST,FASTENER,1
08002P620002,HEXAGON SOCKET TORX FLANGE SCREW M6×14,FORD 250,5710,628,6338,FAST,FASTENER,1
08002P620003,HEXAGON SOCKET FLANGE SCREW M6×20,SRV 250 AMT,5710,628,6338,FAST,FASTENER,1
08002P620004,HEXAGON SOCKET TORX FLANGE SCREW,FORD 250,5710,628,6338,FAST,FASTENER,1
08002P620005,HEXAGON SOCKET FLANGE SCREW M6×30,SRV 250 AMT,5710,628,6338,FAST,FASTENER,1
08002P620006,INTERNAL HEXAGONAL FLOWER SHAPED FLANGE SCREW M6×40,SRV 250 AMT,5710,628,6338,FAST,FASTENER,1
08002P620009,HEXAGON LOBULAR FLANGE SCREW M6×16,SRV 600 V,5710,628,6338,FAST,FASTENER,1
08002P62000J,HEXAGON SOCKET HEAD CAP SCREW M8×16,SRV 600 V,5710,628,6338,FAST,FASTENER,1
08002P620102,HEXAGON SOCKET TORX FLANGE SCREW M6×14,SRK 800 RR,5710,628,6338,FAST,FASTENER,1
08002P620108,HEXAGON SOCKET TORX FLANGE SCREW M6×16,SRK 800 RR,5710,628,6338,FAST,FASTENER,1
08002P620J03,HEXAGON SOCKET FLANGE SCREW M6×20,SRV 250 AMT,5710,628,6338,FAST,FASTENER,1
08003P620000,HEXAGON SOCKET FLANGE STEP SCREW M6×15,FORD 250,5710,628,6338,FAST,FASTENER,1
08003P620100,HEXAGON SOCKET TORX FLANGE STEP SCREW M6×15,SRK 800 RR,5710,628,6338,FAST,FASTENER,1
08005P620000,THIN HEXAGON FLANGE SCREW M8×16,SRV 250 AMT,5710,628,6338,FAST,FASTENER,1
08005P620002,REAR SHELF MOUNTING SCREW M8×55,FORD 250,5710,628,6338,FAST,FASTENER,1
08005P620J00,THIN HEXAGON FLANGE SCREW M8×16,SRV 250 AMT,5710,628,6338,FAST,FASTENER,1
08006P620J01,THIN HEXAGONAL TORX FLANGE SCREW M10×1.25×55,SRK 800 RR,11410,1255,12665,FAST,FASTENER,1
08010N350000,GROUNDING BOLT ASSEMBLY,SRV 600 V,5710,628,6338,FAST,FASTENER,1
08010P060000,GROUNDING BOLT M6×16,FORD 250,5710,628,6338,FAST,FASTENER,1
08011N510000,GAS SPRING FIXING BOLT,FORD 250,5710,628,6338,FAST,FASTENER,1
08011N59000J,BOLT M8×50,FORD 250,5710,628,6338,FAST,FASTENER,1
08011N59001J,BOLT M8×55,FORD 250,5710,628,6338,FAST,FASTENER,1
08011P950000,LEFT FRONT ENGINE MOUNTING BOLT M12×1.25×65,SRK 800 RR,17120,1883,19003,FAST,ENGINE,1
08011T090200,COMBINATION BOLT,FORD 250,5710,628,6338,FAST,FASTENER,1
08012P620000,HEXAGON SOCKET TORX RECESSED HEXAGON FLANGE BOLT M5×10,SRK 800 RR,5710,628,6338,FAST,FASTENER,1
08012P620001,HEXAGON SOCKET HEXAGON FLANGE BOLT M5×16,SRV 250 AMT,5710,628,6338,FAST,FASTENER,1
08012P620002,HEXAGON FLOWER BOLT M5×20,FORD 250,5710,628,6338,FAST,FASTENER,1
08012P950000,RIGHT FRONT ENGINE MOUNTING BOLT M12×1.25×40,SRK 800 RR,11410,1255,12665,FAST,ENGINE,1
08012T090100,COMBINATION BOLT M6×25,FORD 250,5710,628,6338,FAST,FASTENER,1
08013P06000J,SCREW M6×20,SRV 250 AMT,5710,628,6338,FAST,FASTENER,1
08013P620000,HEXAGONAL FLOWER SHAPED CONCAVE HEXAGONAL FLANGE BOLT M6×10,SRV 600 V,5710,628,6338,FAST,FASTENER,1
08013P620002,HEXAGONAL FLOWER SHAPED CONCAVE HEXAGONAL FLANGE BOLT M6×14,SRV 600 V,5710,628,6338,FAST,FASTENER,1
08014P620001,HEXAGON FLANGE BOLT M8×14,FORD 250,5710,628,6338,FAST,FASTENER,1
08014P620002,HEXAGONAL FLOWER SHAPED CONCAVE HEXAGONAL FLANGE BOLT M8×16,SRV 600 V,5710,628,6338,FAST,FASTENER,1
08014P620003,HEXAGONAL FLOWER BOLT M8×20,FORD 250,5710,628,6338,FAST,FASTENER,1
08014P620004,HEXAGONAL FLOWER SHAPED CONCAVE HEXAGONAL FLANGE BOLT M8×30,SRV 600 V,5710,628,6338,FAST,FASTENER,1
08014P620005,HEXAGON FLANGE BOLT M8×40,FORD 250,5710,628,6338,FAST,FASTENER,1
08014P620006,HEXAGONAL FLOWER SHAPED CONCAVE HEXAGONAL FLANGE BOLT M8×45,SRK 800 RR,5710,628,6338,FAST,FASTENER,1
08014P620009,BOLT M6×65,SRV 250 AMT,11410,1255,12665,FAST,FASTENER,1
08014P620011,HEXAGONAL FLOWER SHAPED CONCAVE HEXAGONAL FLANGE BOLT M8×55,SRK 800 RR,5710,628,6338,FAST,FASTENER,1
08014P620012,INTERNAL HEXAGONAL FLOWER SHAPED CONCAVE HEXAGONAL FLANGE BOLT M8×25,SRV 250 AMT,5710,628,6338,FAST,FASTENER,1
08014T800100,FAUCET FIXING BOLT M10×1.25×50,FORD 250,5710,628,6338,FAST,FASTENER,1
08015P620002,INTERNAL HEXAGONAL FLOWER SHAPED CONCAVE HEXAGONAL FLANGE BOLT M10×1.25×25,SRV 250 AMT,11410,1255,12665,FAST,FASTENER,1
08015P620003,HEXAGON FLANGE BOLT M10×1.25×30,FORD 250,11410,1255,12665,FAST,FASTENER,1
08015P620004,HEXAGON FLANGE BOLT M10×1.25×40,FORD 250,11410,1255,12665,FAST,FASTENER,1
08015P620J04,"HEXAGON SOCKET HEXAGON FLANGE BOLT WITH INNER HEXAGON FLOWER SHAPE, M10×1.25×40",SRV 250 AMT,17120,1883,19003,FAST,FASTENER,1
08015P620J05,HEXAGON LOBULAR SOCKET HEAD CAP SCREWS M10×1.25×45,FORD 250,11410,1255,12665,FAST,FASTENER,1
08015P620J14,HEXAGON LOBULAR SOCKET HEAD CAP SCREWS M10×1.25×60,FORD 250,17120,1883,19003,FAST,FASTENER,1
08021J830100,FLANGE WASHER,SRV 600 V,5710,628,6338,FAST,FASTENER,1
08021N510000,ENGINE LIMIT ROD INSTALLATION GASKET,FORD 250,5710,628,6338,FAST,ENGINE,1
08021P950000,SHIM ?14.5×?28×0.3,SRK 800 RR,5710,628,6338,MEDIUM,OTHER,1
08022N050000,INSULATION GASKET I,FORD 250,5710,628,6338,FAST,FASTENER,1
08022N510000,HANGER SHAFT MOUNTING PAD,FORD 250,5710,628,6338,SLOW,OTHER,1
08023J000100,FUEL TANK MOUNTING GASKET,SRK 800 RR,5710,628,6338,FAST,BODY,1
08029S020300,BOLT M10×1.25×55,SRV 600 V,11410,1255,12665,FAST,FASTENER,1
08051N030100,NUT M8,FORD 250,5710,628,6338,FAST,FASTENER,1
08051P100100,SELF LOCKING NUT M20×1.5,SRV 250 AMT,11410,1255,12665,FAST,FASTENER,1
08051S040010,LEFT NUT M6,SRV 600 V,5710,628,6338,FAST,FASTENER,1
08053G120100,GUARD PLATE MOUNTING CLAMP NUT,SRK 800 RR,5710,628,6338,FAST,FASTENER,1
08200N590000,FRONT PLATE BRACKET WELDED ASSEMBLY,FORD 250,114080,12548,126628,MEDIUM,OTHER,1
08202P160001,REAR LICENSE PLATE BRACKET,SRV 600 V,22820,2510,25330,MEDIUM,OTHER,1
08203N700000,FRONT PLATE SUPPORT,SRV 250 AMT,11410,1255,12665,MEDIUM,OTHER,1
08210PCD0000,FRONT PLATE BRACKET WELDED ASSEMBLY,SRK 800 RR,28520,3137,31657,MEDIUM,OTHER,1
08251T440000,NUMBER PLATE BRACKET SPACER SLEEVE,SRK 800 RR,5710,628,6338,MEDIUM,OTHER,1
08252U430000,REAR LICENSE PLATE BRACKET,SRV 250 AMT,17120,1883,19003,MEDIUM,OTHER,1
08260P540000,MOUNTING SEAT OF REAR LICENSE PLATE BRACKET,SRV 250 AMT,85560,9411,94971,MEDIUM,BODY,1
08305B400100,BUSHING,SRK 800 RR,5710,628,6338,MEDIUM,SUSPENSION,1
08331P540000,HEADLAMP SHIELD,SRV 250 AMT,205340,22587,227927,FAST,ELECTRICAL,1
08331P620000,HEADLIGHT BUFFER RUBBER,SRK 800 RR,5710,628,6338,MEDIUM,OTHER,1
08371P540000,SHIFT LEVER LINK,SRK 800 RR,57040,6274,63314,MEDIUM,OTHER,1
08371PC20000,SHIFT LEVER CONNECTING ROD,SRV 600 V,51340,5647,56987,MEDIUM,OTHER,1
08372D010000,SHIFT PEDAL RUBBER,SRK 800 RR,5710,628,6338,MEDIUM,OTHER,1
08375S010000,NODAL HEAD,SRV 600 V,34230,3765,37995,MEDIUM,OTHER,1
08380P95000Z,SHIFT LEVER COMBINATION,SRK 800 RR,199640,21960,221600,MEDIUM,OTHER,1
08380PC20000,SHIFT LEVER ASSEMBLY,SRV 600 V,233860,25724,259584,MEDIUM,OTHER,1
08381P950000,SHIFT LEVER MOUNTING BASE,SRK 800 RR,57040,6274,63314,MEDIUM,OTHER,1
08383PAD0000,SHIFT LEVER ROCKER ARM,SRV 600 V,176820,19450,196270,MEDIUM,OTHER,1
08386PAD0000,SHIFT LEVER BUSHING I,SRV 600 V,5710,628,6338,MEDIUM,SUSPENSION,1
08471N510000,FRONT LEFT REFLECTOR BRACKET,FORD 250,5710,628,6338,MEDIUM,OTHER,1
08481N510000,FRONT RIGHT REFLECTOR BRACKET,FORD 250,5710,628,6338,MEDIUM,OTHER,1
08510P540000,HEADLAMP MOUNTING BASE,SRV 250 AMT,11410,1255,12665,FAST,ELECTRICAL,1
08510P950001,HEADLIGHT BRACKET WELDING ASSEMBLY,SRK 800 RR,239560,26351,265911,MEDIUM,OTHER,1
08515P540000,LEFT BRACKET OF HEADLAMP,SRV 250 AMT,233860,25724,259584,FAST,ELECTRICAL,1
08525P540000,RIGHT HEADLAMP BRACKET,SRV 250 AMT,233860,25724,259584,FAST,ELECTRICAL,1
10004609001X,SCREW STUD,FORD 250,5710,628,6338,FAST,FASTENER,1
100046680000,SEALING RINGS,SRK 800 RR,5710,628,6338,FAST,FASTENER,1
100053070001,O-RING 10×2,SRV 600 V,5710,628,6338,MEDIUM,OTHER,1
100083050000,O-RING,SRV 600 V,5710,628,6338,MEDIUM,OTHER,1
100084050000,WASHER 5,SRV 250 AMT,5710,628,6338,FAST,FASTENER,1
100096030000,WATER TEMPERATURE SENSOR,SRK 800 RR,142600,15686,158286,MEDIUM,ELECTRICAL,1
100136680000,PLUGS,SRK 800 RR,17120,1883,19003,FAST,OTHER,1
100155450000,OUTLET PIPE ASSY,FORD 250,11410,1255,12665,MEDIUM,OTHER,1
100156530000,PLUG M12×1.5,SRV 600 V,148300,16313,164613,FAST,OTHER,1
100156680000,WATER PIPE,SRK 800 RR,17120,1883,19003,MEDIUM,OTHER,1
100176680000,EXHAUST FITTING GROUP,SRK 800 RR,119780,13175,132955,SLOW,OTHER,1
100205040000,STOPPER,FORD 250,5710,628,6338,MEDIUM,OTHER,1
100236030000,CYLINDER HEAD BOLT ASSEMBLY,SRV 600 V,17120,1883,19003,FAST,ENGINE,1
100255150000,LOCATING PIN,SRV 600 V,5710,628,6338,MEDIUM,OTHER,1
100286030000,SET BUSHING,SRV 600 V,5710,628,6338,MEDIUM,SUSPENSION,1
100296680000,WATER INLET CONNECTION,SRK 800 RR,51340,5647,56987,MEDIUM,OTHER,1
100306680000,SEALING RINGS,SRK 800 RR,11410,1255,12665,FAST,FASTENER,1
100325150100,WATER JACKET SCREW M12×1×10,SRV 600 V,5710,628,6338,FAST,FASTENER,1
10901668MM01,CYLINDER HEAD COVER,SRK 800 RR,422080,46428,468508,SLOW,ENGINE,1
109026520000,GASKET ASSEMBLY,SRV 600 V,11410,1255,12665,FAST,FASTENER,1
109026590000,CYLINDER HEAD COVER O-RING,SRV 250 AMT,39930,4392,44322,SLOW,ENGINE,1
109026680000,CYLINDER HEAD COVER GASKET ASSEMBLY,SRK 800 RR,228150,25096,253246,FAST,ENGINE,1
109055450000,CYLINDER HEAD MACHINING COMPONENTS,FORD 250,1100830,121091,1221921,SLOW,ENGINE,1
10905659N901,MACHINED AS-CYLINDER HEAD,SRV 250 AMT,1574240,173166,1747406,SLOW,ENGINE,1
10905668BY01,CYLINDER HEAD MACHINING COMPONENTS,SRK 800 RR,4397600,483736,4881336,SLOW,ENGINE,1
10905690BG00,CYLINDER HEAD MACHINING COMPONENTS,SRV 600 V,3154180,346959,3501139,SLOW,ENGINE,1
109075450000,CYLINDER HEAD GASKET,FORD 250,62750,6902,69652,FAST,ENGINE,1
109076590000,CYLINDER HEAD GASKET,SRV 250 AMT,62750,6902,69652,FAST,ENGINE,1
109076680000,CYLINDER HEAD GASKET,SRK 800 RR,182520,20077,202597,FAST,ENGINE,1
109076900000,FRONT CYLINDER HEAD GASKET,SRV 600 V,96970,10666,107636,FAST,ENGINE,1
109106520000,CYLINDER HEAD BOLT,SRK 800 RR,17120,1883,19003,FAST,ENGINE,1
10910659N901,CYLINDER HEAD SIDE COVER,SRV 250 AMT,62750,6902,69652,SLOW,ENGINE,1
109115450000,CYLINDER HEAD COVER,FORD 250,96970,10666,107636,SLOW,ENGINE,1
109116590000,INTAKE ELBOW CLAMP,SRV 250 AMT,11410,1255,12665,FAST,ELECTRICAL,1
109125450000,CYLINDER HEAD COVER  GASKET,FORD 250,17120,1883,19003,FAST,ENGINE,1
109126590000,CYLINDER HEAD BOLT,SRV 250 AMT,17120,1883,19003,FAST,ENGINE,1
109135250000,"PLATE, PORT",FORD 250,5710,628,6338,MEDIUM,OTHER,1
109135450000,CHAIN WHEEL COVER,FORD 250,45630,5019,50649,FAST,BODY,1
10913690BG00,CYLINDER HEAD MACHINING COMPONENTS,SRV 600 V,45630,5019,50649,SLOW,ENGINE,1
109145450000,ORING,FORD 250,5710,628,6338,MEDIUM,OTHER,1
109146680000,LABYRINTH CLAMP,SRK 800 RR,11410,1255,12665,FAST,ELECTRICAL,1
109155450000,OIL AND GAS SEPARATOR ASSEMBLY,FORD 250,22820,2510,25330,FAST,OIL_FLUID,1
10915668MM01,SECONDARY RECHARGE VALVE COVER,SRK 800 RR,45630,5019,50649,MEDIUM,ENGINE,1
109166590000,INTAKE PIPE O-RING,SRV 250 AMT,5710,628,6338,MEDIUM,OTHER,1
109166680000,CYLINDER HEAD COVER CANNULA,SRK 800 RR,5710,628,6338,SLOW,ENGINE,1
109176460000,OIL PLUG,FORD 250,11410,1255,12665,FAST,OIL_FLUID,1
109185450000,GASKET,FORD 250,5710,628,6338,FAST,FASTENER,1
109195450000,CLAMP,FORD 250,5710,628,6338,FAST,ELECTRICAL,1
109196590000,CYLINDER HEAD SIDE COVER GASKET,SRV 250 AMT,5710,628,6338,FAST,ENGINE,1
109206520000,CYLINDER HEAD COVER BOLT,SRK 800 RR,11410,1255,12665,FAST,ENGINE,1
109216590020,CYLINDER HEAD OUTLET PIPE,SRV 250 AMT,28520,3137,31657,SLOW,ENGINE,1
10921690MM01,FRONT CYLINDER HEAD COVER,SRV 600 V,268080,29488,297568,SLOW,ENGINE,1
10921690MM02,REAR CYLINDER HEAD COVER,SRV 600 V,273780,30115,303895,SLOW,ENGINE,1
109226570000,O-RING SEAL,SRV 600 V,5710,628,6338,FAST,FASTENER,1
109226590000,O-RING OF CYLINDER HEAD OUTLET PIPE,SRV 250 AMT,5710,628,6338,SLOW,ENGINE,1
109226900000,FRONT CYLINDER HEAD COVER GASKET ASSEMBLY,SRV 600 V,142600,15686,158286,FAST,ENGINE,1
109226900010,FRONT CYLINDER HEAD COVER GASKET ASSEMBLY,SRV 600 V,142600,15686,158286,FAST,ENGINE,1
109236520000,SCREW STUD,SRK 800 RR,11410,1255,12665,FAST,FASTENER,1
109236590000,ROCKER SHAFT BAFFLE,SRV 250 AMT,5710,628,6338,SLOW,OTHER,1
109236890000,CYLINDER HEAD COVER BOLT GASKET,SRV 600 V,11410,1255,12665,FAST,FASTENER,1
109256520000,GASKET,SRV 250 AMT,5710,628,6338,FAST,FASTENER,1
109266460000,WASHER 10.3×13.5×0.7,FORD 250,5710,628,6338,FAST,FASTENER,1
109276460000,BOLT M10×8.2,FORD 250,17120,1883,19003,FAST,FASTENER,1
109286460010,THERMOSTAT  COVER,FORD 250,34230,3765,37995,MEDIUM,BODY,1
109286900000,HIGH PRESSURE PACK POSITIONING CLIP,SRV 600 V,11410,1255,12665,MEDIUM,FASTENER,1
109306680000,CLAMP COMPONENT,SRK 800 RR,11410,1255,12665,FAST,ELECTRICAL,1
10931659MM01,COVER AS-CYLINDER HEAD,SRV 250 AMT,239560,26351,265911,SLOW,ENGINE,1
109316900000,REAR CYLINDER HEAD GASKET,SRV 600 V,102670,11293,113963,FAST,ENGINE,1
109326900000,PIPE JOINT,SRV 600 V,28520,3137,31657,MEDIUM,OTHER,1
109336900000,BOLT M6,SRV 600 V,11410,1255,12665,FAST,FASTENER,1
109406680000,CLAMP COMPONENT,SRK 800 RR,11410,1255,12665,FAST,ELECTRICAL,1
109506900000,CYLINDER HEAD COVER BOLT,SRV 600 V,11410,1255,12665,FAST,ENGINE,1
109516590000,CYLINDER HEAD COVER BOLT,SRV 250 AMT,5710,628,6338,FAST,ENGINE,1
109646460000,BOLT M5×16,FORD 250,5710,628,6338,FAST,FASTENER,1
110013540000,O-RING,SRV 600 V,5710,628,6338,MEDIUM,OTHER,1
110036030000,BACKFIRE STOPPER,SRK 800 RR,5710,628,6338,MEDIUM,OTHER,1
110043050030,DAMP,FORD 250,5710,628,6338,MEDIUM,OTHER,1
110043090015,CLAMP COMPONENT32-48,SRV 600 V,5710,628,6338,FAST,ELECTRICAL,1
110066030000,REED VALVE ASSEMBLY,SRK 800 RR,45630,5019,50649,MEDIUM,ENGINE,1
110103070000,VENTILATION CHAMBER COVER,FORD 250,17120,1883,19003,MEDIUM,BODY,1
119016590000,INTAKE MANIFOLD ASSEMBLY,SRV 250 AMT,62750,6902,69652,MEDIUM,OTHER,1
119043070020,REED VALVES,FORD 250,34230,3765,37995,MEDIUM,ENGINE,1
120013050000,VALVE SEAL,SRV 250 AMT,5710,628,6338,FAST,ENGINE,1
120013140000,PLUG,FORD 250,5710,628,6338,FAST,OTHER,1
120015090000,OIL SEAL SYS. VALVE,FORD 250,5710,628,6338,FAST,ENGINE,1
120086030000,"COTTER,VALUE",SRV 600 V,5710,628,6338,MEDIUM,OTHER,1
120093090000,WASHER 8,FORD 250,5710,628,6338,FAST,FASTENER,1
120111270H00,CAP NUT M6×14,FORD 250,5710,628,6338,FAST,FASTENER,1
120126030000,VALVE OIL SEAL,SRV 600 V,5710,628,6338,FAST,ENGINE,1
120156030000,BOLT M7×11,SRK 800 RR,5710,628,6338,FAST,FASTENER,1
120176220000,VALVE SPRING,SRV 600 V,17120,1883,19003,MEDIUM,ENGINE,1
120506030000,TAPPET,SRV 600 V,28520,3137,31657,MEDIUM,OTHER,1
120506030400,TAPPET 400,SRV 600 V,28520,3137,31657,MEDIUM,OTHER,1
120506030402,TAPPET 402,SRV 600 V,28520,3137,31657,MEDIUM,OTHER,1
120506030404,TAPPET 404,SRV 600 V,28520,3137,31657,MEDIUM,OTHER,1
120506030406,TAPPET 406,SRV 600 V,28520,3137,31657,MEDIUM,OTHER,1
120506030408,TAPPET 408,SRV 600 V,28520,3137,31657,MEDIUM,OTHER,1
120506030410,TAPPET 410,SRV 600 V,28520,3137,31657,MEDIUM,OTHER,1
120506030412,TAPPET 412,SRV 600 V,28520,3137,31657,MEDIUM,OTHER,1
120506030414,TAPPET 414,SRV 600 V,28520,3137,31657,MEDIUM,OTHER,1
120506030416,TAPPET 416,SRV 600 V,28520,3137,31657,MEDIUM,OTHER,1
120506030418,TAPPET 418,SRV 600 V,28520,3137,31657,MEDIUM,OTHER,1
120506030420,TAPPET 420,SRV 600 V,28520,3137,31657,MEDIUM,OTHER,1
120506030422,TAPPET 422,SRV 600 V,28520,3137,31657,MEDIUM,OTHER,1
120506030424,TAPPET 424,SRV 600 V,28520,3137,31657,MEDIUM,OTHER,1
120506030426,TAPPET 426,SRV 600 V,28520,3137,31657,MEDIUM,OTHER,1
120506030428,TAPPET 428,SRV 600 V,28520,3137,31657,MEDIUM,OTHER,1
120506030430,TAPPET 430,SRV 600 V,28520,3137,31657,MEDIUM,OTHER,1
129016590000,TIMING CHAIN,SRV 250 AMT,136890,15057,151947,FAST,DRIVE,1
129016600000,BOLT M6×11,SRV 250 AMT,5710,628,6338,FAST,FASTENER,1
129016680000,SPROCKET,SRK 800 RR,62750,6902,69652,FAST,DRIVE,1
129025440000,TIMING CHAIN,SRV 600 V,519050,57095,576145,FAST,DRIVE,1
129026460010,TIMING CHAIN,FORD 250,125490,13803,139293,FAST,DRIVE,1
129026680000,TIMING CHAIN,SRK 800 RR,450600,49566,500166,FAST,DRIVE,1
129035450000,"CHAIN WHEEL,CAMSHAFT",FORD 250,28520,3137,31657,FAST,ENGINE,1
129036590000,CAMSHAFT SPROCKET,SRV 250 AMT,62750,6902,69652,FAST,ENGINE,1
129036680000,"CHAIN WHEEL,CAMSHAFT",SRK 800 RR,79860,8784,88644,FAST,ENGINE,1
129046590000,CAMSHAFT SPROCKET PRESS PLATE,SRV 250 AMT,5710,628,6338,FAST,ENGINE,1
129055450000,APRON,FORD 250,5710,628,6338,MEDIUM,OTHER,1
129076680010,"CAMSHAFT,INTAKE",SRK 800 RR,667340,73407,740747,SLOW,ENGINE,1
129086680010,"CAMSHAFT,EXHAUST",SRK 800 RR,667340,73407,740747,SLOW,ENGINE,1
129095450000,CAMSHAFT ASSY,FORD 250,245270,26979,272249,SLOW,ENGINE,1
129096590000,FRONT CAMSHAFT ASSEMBLY,SRV 250 AMT,205340,22587,227927,SLOW,ENGINE,1
129096680010,"CAMSHAFT ASSY,INTAKE",SRK 800 RR,781420,85956,867376,SLOW,ENGINE,1
129106590000,REAR CAMSHAFT ASSEMBLY,SRV 250 AMT,205340,22587,227927,SLOW,ENGINE,1
129106680010,"CAMSHAFT ASSY,EXHAUST",SRK 800 RR,781420,85956,867376,SLOW,ENGINE,1
129116900020,"CAMSHAFT ASSY,EXHAUST",SRV 600 V,456300,50193,506493,SLOW,ENGINE,1
129116900030,"CAMSHAFT ASSY,EXHAUST",SRV 600 V,456300,50193,506493,SLOW,ENGINE,1
129126900020,"CAMSHAFT ASSY,INTAKE",SRV 600 V,456300,50193,506493,SLOW,ENGINE,1
129126900030,"CAMSHAFT ASSY,INTAKE",SRV 600 V,456300,50193,506493,SLOW,ENGINE,1
129166590000,ROCKER ARM SHAFT,SRV 250 AMT,22820,2510,25330,SLOW,OTHER,1
129175450000,"SHAFT,ROCKER ARM",FORD 250,62750,6902,69652,SLOW,OTHER,1
129185450000,"VALVE,INTAKE",FORD 250,39930,4392,44322,MEDIUM,ENGINE,1
129186590000,INLET VALVE,SRV 250 AMT,45630,5019,50649,MEDIUM,ENGINE,1
129186680000,"VALVE,INTAKE",SRK 800 RR,39930,4392,44322,MEDIUM,ENGINE,1
129186900000,"VALVE,INTAKE",SRV 600 V,39930,4392,44322,MEDIUM,ENGINE,1
129195450000,"VALVE,EXHAUST",FORD 250,62750,6902,69652,SLOW,ENGINE,1
129196590000,THE EXHAUST VALVE,SRV 250 AMT,62750,6902,69652,SLOW,ENGINE,1
129196680000,"VALVE,EXHAUST",SRK 800 RR,62750,6902,69652,SLOW,ENGINE,1
129196900000,"VALVE,EXHAUST",SRV 600 V,96970,10666,107636,SLOW,ENGINE,1
129205090000,VALVE SPRING PLATE,FORD 250,5710,628,6338,MEDIUM,ENGINE,1
129206590000,VALVE SPRING SEAT,SRV 250 AMT,11410,1255,12665,MEDIUM,ENGINE,1
129206680000,VALVE SPRING PLATE,SRK 800 RR,11410,1255,12665,MEDIUM,ENGINE,1
129215090001,VALVE SPRING SEAT,FORD 250,5710,628,6338,MEDIUM,ENGINE,1
129216220000,VALVE SPRING SEAT,SRV 600 V,5710,628,6338,MEDIUM,ENGINE,1
129216590000,VALVE SPRING LOWER SEAT,SRV 250 AMT,11410,1255,12665,MEDIUM,ENGINE,1
129216680000,VALVE SPRING SEAT,SRK 800 RR,5710,628,6338,MEDIUM,ENGINE,1
129225090000,COTTER?VALUE,FORD 250,5710,628,6338,MEDIUM,OTHER,1
129226590000,VALVE LOCK CLAMP,SRV 250 AMT,5710,628,6338,FAST,ENGINE,1
129226680000,"COTTER,VALUE",SRK 800 RR,5710,628,6338,MEDIUM,OTHER,1
129246680462,TAPPET4.62,SRK 800 RR,51340,5647,56987,MEDIUM,OTHER,1
129246680465,TAPPET4.65,SRK 800 RR,51340,5647,56987,MEDIUM,OTHER,1
129246680468,TAPPET4.68,SRK 800 RR,51340,5647,56987,MEDIUM,OTHER,1
129246680471,TAPPET4.71,SRK 800 RR,51340,5647,56987,MEDIUM,OTHER,1
129246680474,TAPPET4.74,SRK 800 RR,51340,5647,56987,MEDIUM,OTHER,1
129246680477,TAPPET4.77,SRK 800 RR,51340,5647,56987,MEDIUM,OTHER,1
129255450000,VALVE SPRING?INNER,FORD 250,11410,1255,12665,MEDIUM,ENGINE,1
129256590000,VALVE SPRINGS,SRV 250 AMT,17120,1883,19003,MEDIUM,ENGINE,1
129256680000,VALVE SPRING,SRK 800 RR,17120,1883,19003,MEDIUM,ENGINE,1
129265450000,VALVE SPRING?OUTER,FORD 250,17120,1883,19003,MEDIUM,ENGINE,1
129316610000,OIL SEAL SYS. VALVE,SRK 800 RR,5710,628,6338,FAST,ENGINE,1
129336220000,VALVE SPRING PLATE,SRV 600 V,5710,628,6338,MEDIUM,ENGINE,1
129345450010,"ARM,VALVE ROCKER,IN",FORD 250,142600,15686,158286,MEDIUM,ENGINE,1
129346590000,INTAKE ROCKER ARM ASSEMBLY,SRV 250 AMT,211040,23214,234254,MEDIUM,OTHER,1
129355450000,"ARM,VALVE ROCKER,EX",FORD 250,136890,15057,151947,MEDIUM,ENGINE,1
129356590000,EXHAUST ROCKER ARM ASSEMBLY,SRV 250 AMT,211040,23214,234254,SLOW,OTHER,1
130014050000,LOCATING PIN 10×16,FORD 250,5710,628,6338,MEDIUM,OTHER,1
130015090000,POSITIONING SLEEVE,SRV 600 V,5710,628,6338,MEDIUM,OTHER,1
130015250000,RUBBRT PLUG,SRV 600 V,5710,628,6338,FAST,OTHER,1
130016460000,"PIN,DOWEL",SRK 800 RR,5710,628,6338,MEDIUM,OTHER,1
130023090000,CYLINDER BLOCK LOCATING PIN ?11×?8.5×13,SRV 250 AMT,5710,628,6338,SLOW,ENGINE,1
130052140000,LOCATING PIN 8×14,SRV 600 V,5710,628,6338,MEDIUM,OTHER,1
139015450000,CYLINDER BLOCK ASSY,FORD 250,479120,52703,531823,SLOW,ENGINE,1
13901659N901,CYLINDER BLOCK AS-REAR,SRV 250 AMT,479120,52703,531823,SLOW,ENGINE,1
13901659N902,CYLINDER BLOCK AS-FRONT,SRV 250 AMT,479120,52703,531823,SLOW,ENGINE,1
139025450000,CYLINDER GASKET,FORD 250,11410,1255,12665,FAST,ENGINE,1
139026590000,CYLINDER GASKET,SRV 250 AMT,22820,2510,25330,FAST,ENGINE,1
140016590000,TENSION PLATE BOLTS,SRV 250 AMT,5710,628,6338,FAST,FASTENER,1
140026590000,TENSIONING PLATE BOLT WASHER,SRV 250 AMT,5710,628,6338,FAST,FASTENER,1
140035090010,GASKET,FORD 250,5710,628,6338,FAST,FASTENER,1
140036590000,TENSIONER GASKET,SRV 250 AMT,5710,628,6338,FAST,FASTENER,1
14003S040200,RADIATOR UPPER BUSHING,FORD 250,11410,1255,12665,MEDIUM,SUSPENSION,1
14004505011X,CHAIN GUIDE PLATE SCREWS M6×28.5,FORD 250,5710,628,6338,FAST,DRIVE,1
140046680000,BUSHING,SRK 800 RR,11410,1255,12665,MEDIUM,SUSPENSION,1
14005305001X,NAIL WALL,SRV 250 AMT,5710,628,6338,MEDIUM,OTHER,1
140065050000,O-RING,FORD 250,5710,628,6338,MEDIUM,OTHER,1
14007505001X,WASHERS,FORD 250,5710,628,6338,FAST,FASTENER,1
14008505011X,BOLT M10×1.25×25,FORD 250,5710,628,6338,FAST,FASTENER,1
140116060000,O-RING 18.5×2,SRV 600 V,5710,628,6338,MEDIUM,OTHER,1
140156570000,DOMINANT CHAIN SCREWS,SRV 600 V,5710,628,6338,FAST,DRIVE,1
140186030000,UPPER CHAIN PLATE ASSEMBLY,SRV 600 V,11410,1255,12665,FAST,DRIVE,1
149015450000,MAIN CHAIN-GUIDING PLATE ASSY,FORD 250,39930,4392,44322,FAST,DRIVE,1
149016680000,MAIN CHAIN-GUIDING PLATE ASSY,SRK 800 RR,85560,9411,94971,FAST,DRIVE,1
149016900000,DOMINANT CHAIN ASSEMBLY,SRV 600 V,79860,8784,88644,FAST,DRIVE,1
149025450000,VICE CHAIN-GUIDING PLATE,FORD 250,45630,5019,50649,FAST,DRIVE,1
149026520000,VICE CHAIN-GUIDING PLATE,SRK 800 RR,28520,3137,31657,FAST,DRIVE,1
149026590000,CHAIN GUIDE,SRV 250 AMT,51340,5647,56987,FAST,DRIVE,1
149026900000,SECONDARY CHAIN GUIDE,SRV 600 V,74150,8156,82306,FAST,DRIVE,1
149035040010,TENSIONER ASSY,FORD 250,45630,5019,50649,MEDIUM,OTHER,1
149036590000,CHAIN TENSIONING PLATE,SRV 250 AMT,51340,5647,56987,FAST,DRIVE,1
14903668BG01,TENSIONER ASSY,SRK 800 RR,159710,17568,177278,MEDIUM,OTHER,1
14903690BG01,TENSIONER ASSEMBLY,SRV 600 V,142600,15686,158286,MEDIUM,OTHER,1
14904659N901,CHAIN TENSIONER ASSEMBLY,SRV 250 AMT,57040,6274,63314,FAST,DRIVE,1
149046680000,TENSIONER GASKET,SRK 800 RR,5710,628,6338,FAST,FASTENER,1
149056680000,UPPER GUIDE CHAIN,SRK 800 RR,28520,3137,31657,FAST,DRIVE,1
150013070000,WASHER,FORD 250,5710,628,6338,FAST,FASTENER,1
15001668BG00,CLOSED BOX MACHINING ASSY,SRK 800 RR,5390050,592905,5982955,MEDIUM,OTHER,1
150025050000,O-RING,FORD 250,5710,628,6338,MEDIUM,OTHER,1
150032140H00,OIL DRAIN SCREW PLUG,SRK 800 RR,5710,628,6338,FAST,OIL_FLUID,1
150035050000,OIL SEAL,FORD 250,11410,1255,12665,FAST,OIL_FLUID,1
150043050000,ANSATZBUCHSE,SRK 800 RR,5710,628,6338,MEDIUM,OTHER,1
150043090000,THE POSITIONING PIN ?13×?10.4×18,SRV 250 AMT,5710,628,6338,MEDIUM,OTHER,1
150045050000,HOSE,FORD 250,11410,1255,12665,MEDIUM,OTHER,1
150045090020,CLUTCH SUPPORT,FORD 250,136890,15057,151947,MEDIUM,ENGINE,1
15006305002X,"BOLT,OIL",FORD 250,5710,628,6338,FAST,OIL_FLUID,1
150074230000,LIP SEAL RING,SRK 800 RR,5710,628,6338,FAST,FASTENER,1
150083070000,PIN 10×14,FORD 250,5710,628,6338,MEDIUM,OTHER,1
15008659BG00,OIL FILTER COVER,SRV 250 AMT,51340,5647,56987,FAST,ENGINE,1
150086600000,WASHER,SRV 600 V,5710,628,6338,FAST,FASTENER,1
150093090000,SEALING GASKET,SRV 250 AMT,5710,628,6338,FAST,FASTENER,1
150093160000,REAR SHOCK ABSORBER FIXING BUSH ASSEMBLY,SRV 250 AMT,11410,1255,12665,SLOW,SUSPENSION,1
150103070002,PLUG,SRV 600 V,5710,628,6338,FAST,OTHER,1
150103090000,FILTER ELEMENTS,SRV 250 AMT,5710,628,6338,FAST,ENGINE,1
150105050000,"SCREEN,OIL FILTER",FORD 250,5710,628,6338,FAST,ENGINE,1
150112070000,LOCATING PIN FROM ?9×?7×12,SRV 250 AMT,5710,628,6338,MEDIUM,OTHER,1
150115050000,FITTINGS,FORD 250,28520,3137,31657,MEDIUM,OTHER,1
150123090000,LOCATING BOLT,SRV 250 AMT,5710,628,6338,FAST,FASTENER,1
150135050010,WASHER,FORD 250,5710,628,6338,FAST,FASTENER,1
150145050000,OIL SEALS,FORD 250,17120,1883,19003,FAST,OIL_FLUID,1
150155050000,NEEDLE ROLLER BEARINGS,FORD 250,28520,3137,31657,FAST,DRIVE,1
150173070000,THRUST WASHER ?14,SRV 250 AMT,5710,628,6338,FAST,FASTENER,1
150175050000,COVER,FORD 250,11410,1255,12665,MEDIUM,BODY,1
150195050000,SPRING,FORD 250,5710,628,6338,MEDIUM,OTHER,1
150196030020,GEAR SENSOR,SRV 600 V,45630,5019,50649,MEDIUM,ELECTRICAL,1
150205040000,O RING 35×3.4,FORD 250,5710,628,6338,FAST,FASTENER,1
15021504001X,"BOLT,OIL",FORD 250,17120,1883,19003,FAST,OIL_FLUID,1
150226280000,CLAMP,SRV 250 AMT,5710,628,6338,FAST,ELECTRICAL,1
150283070000,O-RING,FORD 250,5710,628,6338,MEDIUM,OTHER,1
150316030110,BOLT,SRV 250 AMT,5710,628,6338,FAST,FASTENER,1
15902545001X,LEFT CRANKCASE ASSY,FORD 250,1494390,164382,1658772,SLOW,ENGINE,1
15902706N901,LEFT CRANKCASE ASSEMBLY,SRV 250 AMT,1089420,119836,1209256,SLOW,ENGINE,1
15903545001X,RIGHT CRANKCASE ASSY,FORD 250,724380,79681,804061,SLOW,ENGINE,1
15903706N901,RIGHT CRANKCASE ASSEMBLY,SRV 250 AMT,963940,106033,1069973,SLOW,ENGINE,1
159046590000,DRAIN BOLT,SRV 250 AMT,5710,628,6338,FAST,FASTENER,1
159046680000,LIMITING PLUG,SRK 800 RR,17120,1883,19003,FAST,OTHER,1
15904690BG00,CRANKCASE,SRV 600 V,5743680,631804,6375484,SLOW,ENGINE,1
159065450000,BOLT,FORD 250,11410,1255,12665,FAST,FASTENER,1
159066600000,OIL SEAL,SRK 800 RR,39930,4392,44322,FAST,OIL_FLUID,1
159066680000,BOLT,SRK 800 RR,17120,1883,19003,FAST,FASTENER,1
15906690BG01,OIL PAN,SRV 600 V,319410,35135,354545,FAST,OIL_FLUID,1
159076680000,OIL PRESSURE SOLEPLATE,SRK 800 RR,28520,3137,31657,FAST,OIL_FLUID,1
159076900000,OIL PAN GASKET,SRV 600 V,28520,3137,31657,FAST,OIL_FLUID,1
159085450000,OIL SEAL,FORD 250,34230,3765,37995,FAST,OIL_FLUID,1
159086900000,COVER PLATE,SRV 600 V,5710,628,6338,MEDIUM,BODY,1
159095450000,BUFFER LINER,FORD 250,28520,3137,31657,MEDIUM,OTHER,1
159096590000,VENTILATION PANEL,SRV 250 AMT,5710,628,6338,MEDIUM,BODY,1
159106900000,LABYRINTH COVER GASKET,SRV 600 V,22820,2510,25330,FAST,BODY,1
159116590000,O-RING,SRV 250 AMT,5710,628,6338,MEDIUM,OTHER,1
15911690BG01,LABYRINTH COVER,SRV 600 V,68450,7529,75979,MEDIUM,BODY,1
159126520000,BOLT M8×105,SRV 600 V,11410,1255,12665,FAST,FASTENER,1
159126590000,PIN,SRV 250 AMT,5710,628,6338,MEDIUM,OTHER,1
159126680000,THERMOSTAT,SRK 800 RR,22820,2510,25330,MEDIUM,COOLING,1
15912690BG01,INLET COVER,SRV 600 V,91260,10038,101298,MEDIUM,BODY,1
159136520000,BEARING(PINK),SRV 600 V,136890,15057,151947,FAST,SUSPENSION,1
159136520010,BEARING(YELLOW),SRV 600 V,148300,16313,164613,FAST,SUSPENSION,1
159136520020,BEARING(GREEN),SRV 600 V,148300,16313,164613,FAST,SUSPENSION,1
159136520030,MAIN BEARING BUSH(brown),SRK 800 RR,136890,15057,151947,FAST,SUSPENSION,1
159136520040,MAIN BEARING BUSH(black),SRK 800 RR,136890,15057,151947,FAST,SUSPENSION,1
159136590000,VENT,SRV 250 AMT,11410,1255,12665,MEDIUM,OTHER,1
159136900000,SEAL RING,SRV 600 V,11410,1255,12665,FAST,FASTENER,1
159146520000,GEAR SHIFTING SHAFT OIL SEALPRESSURE PLATE,SRK 800 RR,5710,628,6338,FAST,DRIVE,1
159146590000,PLUG,SRV 250 AMT,5710,628,6338,FAST,OTHER,1
159146900000,OIL PIPE,SRV 600 V,108380,11921,120301,FAST,OIL_FLUID,1
159156590000,GASKET OF VENTILATION PANEL,SRV 250 AMT,5710,628,6338,FAST,BODY,1
159156610000,OIL SEAL,SRV 600 V,39930,4392,44322,FAST,OIL_FLUID,1
15915668BY01,PIPE JOINT,SRK 800 RR,57040,6274,63314,MEDIUM,OTHER,1
159166680000,GASKET,SRK 800 RR,5710,628,6338,FAST,FASTENER,1
159176610000,OIL SEAL,SRV 600 V,11410,1255,12665,FAST,OIL_FLUID,1
15918668BY01,THERMOSTAT COVER,SRK 800 RR,57040,6274,63314,MEDIUM,BODY,1
159196680000,PIPE 1,SRK 800 RR,11410,1255,12665,MEDIUM,OTHER,1
159206520000,VARIABLE SPEED JOYSTICK PRESSURE PLATE,SRK 800 RR,5710,628,6338,MEDIUM,OTHER,1
159206610000,CLASP1,SRV 600 V,11410,1255,12665,MEDIUM,OTHER,1
159206680000,PIPE 2,SRK 800 RR,22820,2510,25330,MEDIUM,OTHER,1
15921668BY01,THERMOSTAT HOLDER ASSY,SRK 800 RR,222450,24469,246919,MEDIUM,COOLING,1
159236250000,THE GASKET,SRV 250 AMT,5710,628,6338,FAST,FASTENER,1
159346190000,COPPER GASKETS,SRV 250 AMT,5710,628,6338,FAST,FASTENER,1
159356570000,NOZZLE,SRV 250 AMT,22820,2510,25330,MEDIUM,OTHER,1
159356610000,CLASP2,SRV 600 V,11410,1255,12665,MEDIUM,OTHER,1
159366460000,WASHER,SRV 600 V,5710,628,6338,FAST,FASTENER,1
159376460000,BOLT M14,SRV 600 V,17120,1883,19003,FAST,FASTENER,1
159386610000,LOCATING PIN 6×16,SRV 600 V,5710,628,6338,MEDIUM,OTHER,1
159416680000,O-RING 58.8×3,SRK 800 RR,5710,628,6338,MEDIUM,OTHER,1
159426610000,OIL NOZZLE4,SRV 600 V,5710,628,6338,FAST,OIL_FLUID,1
159456460000,WASHER 8.2×14×1,SRK 800 RR,5710,628,6338,FAST,FASTENER,1
159476600000,OIL FILTER JOINT,SRV 600 V,34230,3765,37995,FAST,ENGINE,1
159506570000,BOLT M12×1.5×22,SRV 600 V,11410,1255,12665,FAST,FASTENER,1
159556520000,NEEDLE (ROLLER) BEARING,SRK 800 RR,22820,2510,25330,FAST,DRIVE,1
159566570000,O-RINGS 4×1.2,SRV 250 AMT,45630,5019,50649,MEDIUM,OTHER,1
159586600000,OIL PRESSURE SWITCH,SRV 600 V,68450,7529,75979,FAST,ELECTRICAL,1
159596600000,RELIEF VALVE,SRV 600 V,96970,10666,107636,MEDIUM,ENGINE,1
160015050000,SEAL,FORD 250,11410,1255,12665,FAST,FASTENER,1
160036090000,OIL LEVEL INDICATOR,SRV 600 V,17120,1883,19003,FAST,OIL_FLUID,1
16004606MM00,PHASE PLUG,SRV 600 V,28520,3137,31657,FAST,OTHER,1
160056030000,LOCATING PIN ?8×?6.6×11.5,SRV 250 AMT,5710,628,6338,MEDIUM,OTHER,1
160056090000,O-RING 41×1.78,SRV 600 V,11410,1255,12665,MEDIUM,OTHER,1
160063070000,O-RING 18×3.5,SRV 600 V,5710,628,6338,MEDIUM,OTHER,1
16006309MM01,FILLER PORT PLUG,SRV 250 AMT,17120,1883,19003,FAST,OTHER,1
160073070000,LOCATING PIN,SRK 800 RR,5710,628,6338,MEDIUM,OTHER,1
160083090000,OIL LEVEL INDICATOR ASSEMBLY,SRV 250 AMT,11410,1255,12665,FAST,OIL_FLUID,1
160106110000,CONNECTING BOLTS,SRK 800 RR,11410,1255,12665,FAST,FASTENER,1
160131170000,WASHER 6,FORD 250,5710,628,6338,FAST,FASTENER,1
160135450000,LEFT COVER GASKET,FORD 250,34230,3765,37995,FAST,BODY,1
16020309011X,PLUG,SRV 250 AMT,5710,628,6338,FAST,OTHER,1
160306030010,HEXAGON TORX BOLT M6×12,FORD 250,5710,628,6338,FAST,FASTENER,1
160306030020,HEXAGON TORX BOLT M6×16,FORD 250,5710,628,6338,FAST,FASTENER,1
160306030030,HEXAGONAL TORX BOLT M6×TWENTY,FORD 250,5710,628,6338,FAST,FASTENER,1
160306030040,BOLT M6×22,SRV 600 V,5710,628,6338,FAST,FASTENER,1
160306030050,HEXAGON TORX BOLT M6×25,FORD 250,5710,628,6338,FAST,FASTENER,1
160306030060,HEXAGON TORX BOLT M6×28,FORD 250,5710,628,6338,FAST,FASTENER,1
160306030070,HEXAGONAL INTERNAL PLUM BLOSSOM BOLT M6×30,SRV 250 AMT,5710,628,6338,FAST,FASTENER,1
160306030080,HEXAGONAL TORX BOLT M6×35,SRV 600 V,5710,628,6338,FAST,FASTENER,1
160306030090,HEXAGON TORX BOLT,FORD 250,5710,628,6338,FAST,FASTENER,1
160306030100,BOLT M6×45,SRV 250 AMT,11410,1255,12665,FAST,FASTENER,1
160306030110,HEXAGON SOCKET BOLT M6×50,SRV 250 AMT,11410,1255,12665,FAST,FASTENER,1
160306030120,BOLT M6×60,SRV 250 AMT,11410,1255,12665,FAST,FASTENER,1
160306030130,BOLT M6×65,SRV 250 AMT,11410,1255,12665,FAST,FASTENER,1
160306030140,HEXAGON SOCKET BOLT M6×85,SRV 250 AMT,11410,1255,12665,FAST,FASTENER,1
160306030150,HEXAGON TORX BOLT M8×25,FORD 250,11410,1255,12665,FAST,FASTENER,1
160306030160,HEXAGON TORX BOLT M8×35,SRK 800 RR,17120,1883,19003,FAST,FASTENER,1
160306030180,HEX FLANGE BOLTS M6×14,SRV 250 AMT,5710,628,6338,FAST,FASTENER,1
160306030200,BOLT M6×72,SRV 600 V,11410,1255,12665,FAST,FASTENER,1
160306030210,HEXAGONAL TORX BOLT M6×76,SRV 600 V,11410,1255,12665,FAST,FASTENER,1
160306030220,BOLT M8×40,SRV 600 V,11410,1255,12665,FAST,FASTENER,1
160306030230,BOLT M8×70,SRV 600 V,17120,1883,19003,FAST,FASTENER,1
160306030290,HEXAGON SOCKET BOLT M6×85,SRV 250 AMT,11410,1255,12665,FAST,FASTENER,1
160306030300,BOLT M6×90,SRV 600 V,11410,1255,12665,FAST,FASTENER,1
160306030350,BOLT M6×55,SRV 600 V,11410,1255,12665,FAST,FASTENER,1
160306030380,BOLT M8×60,SRV 250 AMT,17120,1883,19003,FAST,FASTENER,1
160306030400,HEXAGONAL TORX BOLT M6×32,FORD 250,5710,628,6338,FAST,FASTENER,1
160306030420,BOLT M6×18,SRV 600 V,5710,628,6338,FAST,FASTENER,1
16901668MM01,LEFT COVER,SRK 800 RR,290900,31999,322899,MEDIUM,BODY,1
16901690MM02,RIGHT COVER,SRV 600 V,519050,57095,576145,MEDIUM,BODY,1
16902545BG01,LEFT COVER,FORD 250,849860,93484,943344,MEDIUM,BODY,1
16902659MM01,MAGNETO COVER,SRV 250 AMT,290900,31999,322899,MEDIUM,BODY,1
169026900000,RIGHT COVER NAMEPLATE,SRV 600 V,62750,6902,69652,MEDIUM,BODY,1
169046900000,HARNESS CLAMP,SRV 600 V,5710,628,6338,FAST,ELECTRICAL,1
169056900000,CLUTCH CABLE SUPPORT,SRV 600 V,11410,1255,12665,FAST,ENGINE,1
169076590000,LEFT COVER GASKET,SRV 250 AMT,22820,2510,25330,FAST,BODY,1
169076680000,LEFT REAR COVER ASSEMBLY,SRK 800 RR,51340,5647,56987,SLOW,BODY,1
16908657MM00,CRANKSHAFT OBSERVATION HOLE PLUG,SRV 250 AMT,17120,1883,19003,FAST,ENGINE,1
16908661BG00,"PLUG,COVER MAGNETO",FORD 250,22820,2510,25330,FAST,BODY,1
16909545BG01,RIGHT CRANKCASE COVER ASSEMBLY,FORD 250,382160,42037,424197,SLOW,ENGINE,1
169096900000,RIGHT COVER PRESSURE PLATE,SRV 600 V,62750,6902,69652,MEDIUM,BODY,1
16910706MM01,WATER PUMP RIGHT COVER ASSEMBLY,SRV 250 AMT,598900,65879,664779,SLOW,BODY,1
169115450000,RIGHT SIDE OF THE HEAD GASKET,FORD 250,22820,2510,25330,FAST,FASTENER,1
169116590000,CLUTCH INNER COVER GASKET,SRV 250 AMT,34230,3765,37995,FAST,ENGINE,1
16911668MM2X,RIGHT COVER,SRK 800 RR,439190,48310,487500,MEDIUM,BODY,1
169146680000,OIL LEVEL GAUGE,SRK 800 RR,22820,2510,25330,FAST,OIL_FLUID,1
169156680000,CLUTCH PULL ROD ASSEMBLY,SRK 800 RR,62750,6902,69652,MEDIUM,ENGINE,1
16916652MM01,HANDHOLE COVER,SRK 800 RR,28520,3137,31657,MEDIUM,BODY,1
169185050000,OIL RULE,FORD 250,11410,1255,12665,FAST,OIL_FLUID,1
169205150000,PLUG,SRV 600 V,5710,628,6338,FAST,OTHER,1
169206680000,SPRING,SRK 800 RR,5710,628,6338,MEDIUM,OTHER,1
169216680000,CLUTCH CABLE SUPPORT,SRK 800 RR,11410,1255,12665,FAST,ENGINE,1
169226680010,TRIGGER HEAD ASEMBLY,SRV 600 V,68450,7529,75979,MEDIUM,OTHER,1
169226680011,TRIGGER HEAD,SRK 800 RR,57040,6274,63314,MEDIUM,OTHER,1
169255450000,SPONGE SUPPORT PRESSING PLATE,FORD 250,22820,2510,25330,MEDIUM,OTHER,1
169256460000,SPIGOT,SRV 600 V,11410,1255,12665,MEDIUM,OTHER,1
169265450000,BOLT AS-LEFT COVER,FORD 250,17120,1883,19003,FAST,BODY,1
169276520000,O-RING 48.1×3.6,SRK 800 RR,5710,628,6338,MEDIUM,OTHER,1
16927706MM00,CHAIN WHEEL COVER ASSEMBLY,SRV 250 AMT,199640,21960,221600,FAST,BODY,1
169305450000,AIR INLET SPONGE ASSEMBLY,FORD 250,17120,1883,19003,MEDIUM,OTHER,1
169306520000,O-RING 18×3,SRK 800 RR,5710,628,6338,MEDIUM,OTHER,1
169306680010,RIGHT COVER PRESSURE PLATE,SRK 800 RR,5710,628,6338,MEDIUM,BODY,1
169315450000,CLAMP ASSEMBLY,FORD 250,11410,1255,12665,FAST,ELECTRICAL,1
169316570000,O-RINGS,SRV 250 AMT,45630,5019,50649,MEDIUM,OTHER,1
169316590000,THE FLANGE GASKET,SRV 250 AMT,5710,628,6338,FAST,FASTENER,1
169316680000,LEFT REAR COVER PRESS PLATE,SRK 800 RR,22820,2510,25330,MEDIUM,BODY,1
169326590000,OIL PLUG,SRV 250 AMT,11410,1255,12665,FAST,OIL_FLUID,1
169335450000,AIR INLET SLEEVE,FORD 250,28520,3137,31657,MEDIUM,OTHER,1
169347060000,SPROCKET BRACKET ASSEMBLY,SRV 250 AMT,17120,1883,19003,FAST,DRIVE,1
169356680000,RIGHT COVER HEAT SHIELD ASSEMBLY,SRK 800 RR,45630,5019,50649,MEDIUM,BODY,1
169376600000,OIL SEAL 12*20*5,SRV 250 AMT,5710,628,6338,FAST,OIL_FLUID,1
169386680000,INSULATION TIN FOIL PAPER,SRK 800 RR,45630,5019,50649,FAST,OIL_FLUID,1
169396680000,AXLE SLEEVE,SRK 800 RR,17120,1883,19003,MEDIUM,OTHER,1
169426590010,SPROCKET INNER COVER ASSEMBLY,SRV 250 AMT,17120,1883,19003,FAST,BODY,1
169516590000,RIGHT CAP CANNULA,SRV 250 AMT,5710,628,6338,MEDIUM,OTHER,1
16951690MM01,LEFT COVER,SRV 600 V,279490,30743,310233,MEDIUM,BODY,1
169526590000,WARNING PIPE,SRV 250 AMT,11410,1255,12665,MEDIUM,OTHER,1
169526900000,LEFT COVER GASKET,SRV 600 V,17120,1883,19003,FAST,BODY,1
169536900000,OUTLET PRESSURE PLATE,SRV 600 V,5710,628,6338,MEDIUM,OTHER,1
16962690BM00,SPROCKET COVER,SRV 600 V,228150,25096,253246,FAST,BODY,1
169656900000,INLET COVER DECORATE PLATE,SRV 600 V,11410,1255,12665,MEDIUM,BODY,1
17001305011X,BOLT M6×100,FORD 250,5710,628,6338,FAST,FASTENER,1
170016520000,PISTON RING ASMY,SRK 800 RR,96970,10666,107636,MEDIUM,ENGINE,1
170016590000,PISTON RING ASSEMBLY,SRV 250 AMT,91260,10038,101298,MEDIUM,ENGINE,1
170016590010,WOODRUFF KEY 4×6.5×16,SRV 250 AMT,5710,628,6338,MEDIUM,OTHER,1
170036700000,PRIMARY DRIVE GEAR,SRV 250 AMT,216750,23842,240592,MEDIUM,DRIVE,1
17004505011X,FLYWHEEL LOCK NUT M16×1,FORD 250,5710,628,6338,FAST,FASTENER,1
170046700000,PRIMARY DRIVE SUB-WHEEL,SRV 250 AMT,91260,10038,101298,MEDIUM,OTHER,1
17005505001X,PLAIN WASHER,FORD 250,5710,628,6338,FAST,FASTENER,1
170065050000,KEY,FORD 250,5710,628,6338,MEDIUM,OTHER,1
170066030100,FLYWHEEL SET-BOLT M12×40,SRV 600 V,17120,1883,19003,FAST,FASTENER,1
170066590000,PRIMARY DRIVE GEAR SPRING,SRV 250 AMT,5710,628,6338,MEDIUM,DRIVE,1
17007505002X,PLAIN WASHER,FORD 250,5710,628,6338,FAST,FASTENER,1
170076590000,HEX NUT M18×1.5,SRV 250 AMT,28520,3137,31657,FAST,FASTENER,1
17008505001X,LOCK NUT,FORD 250,5710,628,6338,FAST,FASTENER,1
170086590000,RIGHT CRANK OIL SEAL,SRV 250 AMT,17120,1883,19003,FAST,OIL_FLUID,1
170096590010,CLUTCH COVER NOZZLE,SRV 250 AMT,5710,628,6338,MEDIUM,ENGINE,1
170106030000,FLYWHEEL WASHERS,SRV 600 V,11410,1255,12665,FAST,FASTENER,1
170146590000,WATER PUMP DRIVES GEAR STOP WASHER,SRV 250 AMT,5710,628,6338,FAST,DRIVE,1
170176540000,ASEALING COVER 16,SRK 800 RR,5710,628,6338,FAST,BODY,1
170226090000,GASKET 6.5×12×1,SRV 250 AMT,5710,628,6338,FAST,FASTENER,1
170236590000,RIGHT CRANK OIL SEAL PLATE,SRV 250 AMT,5710,628,6338,FAST,OIL_FLUID,1
170274040000,KEY,SRK 800 RR,5710,628,6338,MEDIUM,OTHER,1
170336610000,PISTON RING ASMY,FORD 250,165410,18195,183605,MEDIUM,ENGINE,1
179015450000,CRANK CONNECTING ROD ASSY,FORD 250,1665500,183205,1848705,MEDIUM,OTHER,1
179016700000,CRANKSHAFT CONNECTING ROD ASSEMBLY,SRV 250 AMT,1562830,171911,1734741,SLOW,ENGINE,1
179016900000,CRANKSHAFT,SRV 600 V,2840470,312451,3152921,SLOW,ENGINE,1
179016920000,CRANKSHAFT,SRK 800 RR,3616180,397779,4013959,SLOW,ENGINE,1
179036900000,CONNECTING ROD ASSEMBLY,SRV 600 V,758600,83446,842046,MEDIUM,OTHER,1
179036920010,CONNECTING ROD ASSEMBLY,SRK 800 RR,809940,89093,899033,MEDIUM,OTHER,1
179076520040,CONNECTING ROD BEARINGS(brown),SRK 800 RR,125490,13803,139293,FAST,SUSPENSION,1
179076520050,CONNECTING ROD BEARINGS(green),SRK 800 RR,125490,13803,139293,FAST,SUSPENSION,1
179076900000,CONNECTING ROD BEARINGS(YELLOW),SRV 600 V,119780,13175,132955,FAST,SUSPENSION,1
179076900010,CONNECTING ROD BEARINGS(GREEN),SRV 600 V,125490,13803,139293,FAST,SUSPENSION,1
179076900020,CONNECTING ROD BEARINGS(BLUE),SRV 600 V,125490,13803,139293,FAST,SUSPENSION,1
179106590000,PUMP DRIVE GEAR,SRV 250 AMT,85560,9411,94971,MEDIUM,DRIVE,1
179135450000,PISTON,FORD 250,102670,11293,113963,MEDIUM,ENGINE,1
179136590000,THE PISTON,SRV 250 AMT,68450,7529,75979,MEDIUM,ENGINE,1
179136680000,PISTON,SRK 800 RR,125490,13803,139293,MEDIUM,ENGINE,1
179136900000,PISTON,SRV 600 V,96970,10666,107636,MEDIUM,ENGINE,1
179145210000,PISTON PIN,SRV 600 V,11410,1255,12665,MEDIUM,ENGINE,1
179146520000,PISTON PIN,SRK 800 RR,11410,1255,12665,MEDIUM,ENGINE,1
179146590000,THE PISTON PIN,SRV 250 AMT,11410,1255,12665,MEDIUM,ENGINE,1
179146610000,PISTON PIN,FORD 250,11410,1255,12665,MEDIUM,ENGINE,1
179153070000,PISTON PIN RETAINER,SRV 250 AMT,5710,628,6338,MEDIUM,ENGINE,1
179155050000,CIRCLIP PISTON PIN,FORD 250,5710,628,6338,MEDIUM,ENGINE,1
179155140000,CIRCLIP PISTON PIN,SRV 600 V,5710,628,6338,MEDIUM,ENGINE,1
179155210000,PISTON RING ASMY,SRV 600 V,68450,7529,75979,MEDIUM,ENGINE,1
179306900000,CLUTCH ACTIVE GEAR,SRV 600 V,798530,87838,886368,MEDIUM,ENGINE,1
179336520000,BOLT M10×25,SRV 600 V,5710,628,6338,FAST,FASTENER,1
179336900000,SPROCKET,SRV 600 V,68450,7529,75979,FAST,DRIVE,1
200001050000,SEPARATION ROD OIL SEAL,SRV 600 V,5710,628,6338,FAST,OIL_FLUID,1
200014130000,WASHER,FORD 250,5710,628,6338,FAST,FASTENER,1
200046900000,JOYSTICK RETURN SPRING,SRV 600 V,5710,628,6338,MEDIUM,OTHER,1
200056030010,WASHER 12×22×0.8,SRV 600 V,5710,628,6338,FAST,FASTENER,1
200066280000,PUTTER,SRV 600 V,11410,1255,12665,MEDIUM,OTHER,1
200076590010,A SPRING CLAMP,SRV 250 AMT,17120,1883,19003,FAST,ELECTRICAL,1
200085090000,STRAP 23×1006,FORD 250,758600,83446,842046,MEDIUM,OTHER,1
200086030000,LOCATING PIN ?8×8,SRV 600 V,5710,628,6338,MEDIUM,OTHER,1
200086590010,SPRING GASKET,SRV 250 AMT,5710,628,6338,FAST,FASTENER,1
200096280010,JOYSTICK RIVETING ASSEMBLY,SRV 600 V,28520,3137,31657,MEDIUM,OTHER,1
200096590010,CLUTCH SPRING,SRV 250 AMT,11410,1255,12665,MEDIUM,ENGINE,1
200116680020,GROMMET 25×50×2,SRK 800 RR,5710,628,6338,MEDIUM,OTHER,1
200126590010,CLUTCH DRIVEN HUB,SRV 250 AMT,159710,17568,177278,MEDIUM,ENGINE,1
200126680020,LOAD ADJUSTMENT SPRING WASHER,SRK 800 RR,39930,4392,44322,FAST,FASTENER,1
200135150020,FRICTION PLATE,SRK 800 RR,154010,16941,170951,FAST,OTHER,1
200136680020,CLUTCH SPRING PRESSURE PLATE,SRK 800 RR,131190,14430,145620,MEDIUM,ENGINE,1
200146480010,CLUTCH PLATE,SRK 800 RR,17120,1883,19003,FAST,ENGINE,1
200146680020,CLUTCH SPRING PRESSURE PLATE,SRK 800 RR,11410,1255,12665,MEDIUM,ENGINE,1
200146810000,CLUTCH SPRING PRESSURE PLATE,SRK 800 RR,5710,628,6338,MEDIUM,ENGINE,1
200154050000,THE GASKET,SRV 250 AMT,5710,628,6338,FAST,FASTENER,1
200155090000,CLUTCH SUPPORT PLATE,FORD 250,5710,628,6338,MEDIUM,ENGINE,1
200166680020,CLUTCH DRIVEN HUB,SRK 800 RR,165410,18195,183605,MEDIUM,ENGINE,1
200176030001,SHAFT SLEEVE,SRV 600 V,45630,5019,50649,SLOW,OTHER,1
200176680000,GROMMET 22×32×2,SRK 800 RR,5710,628,6338,MEDIUM,OTHER,1
200206680020,BOLT M6×30,SRK 800 RR,5710,628,6338,FAST,FASTENER,1
200216030010,CLUTCH PLATE,SRV 600 V,17120,1883,19003,FAST,ENGINE,1
200226030001,DISC SPRING,SRV 600 V,39930,4392,44322,MEDIUM,BRAKE,1
200226680020,CLUTCH PLATE,SRK 800 RR,17120,1883,19003,FAST,ENGINE,1
200236030001,WASHER,SRV 600 V,22820,2510,25330,FAST,FASTENER,1
200306680000,HEXAGON FLAT NUT,SRK 800 RR,17120,1883,19003,FAST,FASTENER,1
200326280000,SHIM,SRV 600 V,5710,628,6338,MEDIUM,OTHER,1
200366030000,FRICTION PLATE I,SRV 600 V,154010,16941,170951,FAST,OTHER,1
200376030000,FRICTION PLATE ?,SRV 600 V,159710,17568,177278,FAST,OTHER,1
200446030000,WASHER 26×52×3,SRV 600 V,11410,1255,12665,FAST,FASTENER,1
200476030000,NEEDLE BEARING 35×20,SRV 600 V,39930,4392,44322,FAST,SUSPENSION,1
200505150070,LOAD ADJUSTMENT WASHER,SRK 800 RR,22820,2510,25330,FAST,FASTENER,1
200663070120,BOLT M6×42,FORD 250,5710,628,6338,FAST,FASTENER,1
209015450010,CLUTCH ASSEMBLY,FORD 250,2053350,225868,2279218,MEDIUM,ENGINE,1
209016700020,CLUTCH ASSEMBLY,SRV 250 AMT,2344250,257867,2602117,MEDIUM,ENGINE,1
209016900000,CLUTCH ASSEMBLY,SRV 600 V,2834770,311824,3146594,MEDIUM,ENGINE,1
209016920000,CLUTCH ASSEMBLY,SRK 800 RR,3228330,355116,3583446,MEDIUM,ENGINE,1
209026900000,CLUTCH ACTIVE HUB ASSEMBLY,SRV 600 V,958230,105405,1063635,MEDIUM,ENGINE,1
209036590040,CLUTCH CENTRAL ASSEMBLY,SRV 250 AMT,1237720,136149,1373869,MEDIUM,ENGINE,1
209036920000,CLUTCH ACTIVE HUB,SRK 800 RR,1214900,133639,1348539,MEDIUM,ENGINE,1
209046920000,CLUTCH DRIVEN HUB ASSEMBLY,SRK 800 RR,1973500,217085,2190585,MEDIUM,ENGINE,1
209076920000,CLUTCH PULL ROD,SRK 800 RR,39930,4392,44322,MEDIUM,ENGINE,1
209106590000,CLUTCH ACTIVE HUB ASSEMBLY,SRV 250 AMT,165410,18195,183605,MEDIUM,ENGINE,1
209136590000,GASKET,SRV 250 AMT,5710,628,6338,FAST,FASTENER,1
209146280030,CLUTCH HUB ASSEMBLY,SRV 600 V,193930,21332,215262,MEDIUM,ENGINE,1
209146590000,HEX NUT M16,SRV 250 AMT,11410,1255,12665,FAST,FASTENER,1
209156280030,CLUTCH CENTRAL PRESSURE PLATE,SRV 600 V,96970,10666,107636,MEDIUM,ENGINE,1
209156590040,CLUTCH ACTIVE FRICTION PLATE l,SRV 250 AMT,165410,18195,183605,FAST,ENGINE,1
209166280030,CLUTCH SPRING PRESSURE PLATE,SRV 600 V,22820,2510,25330,MEDIUM,ENGINE,1
209166590010,CLUTCH DISC ?,SRV 250 AMT,17120,1883,19003,MEDIUM,ENGINE,1
209176280040,CLUTCH PLATE I,SRV 600 V,17120,1883,19003,FAST,ENGINE,1
209176590000,CLUTCH BIG HUB LINER,SRV 250 AMT,22820,2510,25330,MEDIUM,ENGINE,1
209186590000,PRIMARY DRIVEN GEAR GASKET,SRV 250 AMT,5710,628,6338,FAST,DRIVE,1
209186900000,CLUTCH SPRING,SRV 600 V,5710,628,6338,MEDIUM,ENGINE,1
209196590010,CLUTCH DISENGAGES RACK,SRV 250 AMT,39930,4392,44322,MEDIUM,ENGINE,1
209205450000,GUIDE BLOCK,FORD 250,11410,1255,12665,MEDIUM,OTHER,1
209215450000,BALL,FORD 250,17120,1883,19003,MEDIUM,OTHER,1
209216590000,THRUST WASHER,SRV 250 AMT,5710,628,6338,FAST,FASTENER,1
209226590010,CLUTCH PLATE,SRV 250 AMT,119780,13175,132955,FAST,ENGINE,1
209247060000,CLUTCH ROCKER GEAR,SRV 250 AMT,51340,5647,56987,MEDIUM,ENGINE,1
209286590010,CLUTCH ACTIVE FRICTION PLATE II,SRV 250 AMT,57040,6274,63314,FAST,ENGINE,1
209316590010,THE GASKET,SRV 250 AMT,22820,2510,25330,FAST,FASTENER,1
209316920000,OIL PUMP DRIVE SPROCKET,SRK 800 RR,57040,6274,63314,FAST,ENGINE,1
209326590010,BUTTERFLY SPRING,SRV 250 AMT,39930,4392,44322,MEDIUM,OTHER,1
209326680000,SHAFT SLEEVE,SRK 800 RR,131190,14430,145620,SLOW,OTHER,1
209386680000,NEEDLE BEARING,SRK 800 RR,68450,7529,75979,FAST,SUSPENSION,1
209406680000,CLUTCH PRESSURE PLATE ASSEMBLY,SRK 800 RR,131190,14430,145620,MEDIUM,ENGINE,1
210026590000,3 &4 DRIVE GEAR,SRV 250 AMT,125490,13803,139293,MEDIUM,DRIVE,1
210043050000,O-RINGS,SRV 250 AMT,5710,628,6338,MEDIUM,OTHER,1
210054030000,THRUST WASHER ?15,FORD 250,5710,628,6338,FAST,FASTENER,1
210063090010,LOCK NUT M16×1.5,SRV 250 AMT,17120,1883,19003,FAST,FASTENER,1
210063090100,LOCK NUT M16×1.5,SRV 250 AMT,5710,628,6338,FAST,FASTENER,1
210073090000,OIL SEAL 27×40×6,SRV 250 AMT,11410,1255,12665,FAST,OIL_FLUID,1
210076590000,1 GEAR DRIVEN GEAR BEARING,SRV 250 AMT,28520,3137,31657,FAST,ENGINE,1
210086590000,CIRCLIP 20,SRV 250 AMT,5710,628,6338,MEDIUM,FASTENER,1
210096590000,3 BLOCK DRIVEN GEAR STOP WASHER,SRV 250 AMT,5710,628,6338,FAST,DRIVE,1
210106590000,COUNTERSHAFT GASKET 20×39.8×3,SRV 250 AMT,5710,628,6338,FAST,FASTENER,1
210116590000,COUNTERSHAFT RIGHT BEARING 15×21×15,SRV 250 AMT,22820,2510,25330,FAST,SUSPENSION,1
210146590000,SPROCKET BUSHING,SRV 250 AMT,51340,5647,56987,FAST,DRIVE,1
210146900000,SPROCKET SLEEVE,SRV 600 V,51340,5647,56987,FAST,DRIVE,1
210156030001,WASHER,SRV 600 V,5710,628,6338,FAST,FASTENER,1
210156590000,OUTPUT SPROCKET O-RING 19×2.4,SRV 250 AMT,5710,628,6338,FAST,DRIVE,1
210166030001,NUT,SRV 600 V,17120,1883,19003,FAST,FASTENER,1
210166590000,SPINDLE LEFT BUSHING,SRV 250 AMT,28520,3137,31657,MEDIUM,SUSPENSION,1
210176590000,1 GEAR DRIVEN GEAR STOP WASHER 15×27×1,SRV 250 AMT,5710,628,6338,FAST,ENGINE,1
210186590010,BEARING DAMPER,SRV 250 AMT,11410,1255,12665,FAST,SUSPENSION,1
210196590000,2 GEAR DRIVEN GEAR LEFT STOP WASHER 20.5×25×0.5,SRV 250 AMT,5710,628,6338,FAST,ENGINE,1
210196590010,2 GEAR DRIVEN GEAR WASHER 23.2×27×0.5,SRV 250 AMT,5710,628,6338,FAST,ENGINE,1
210206590000,BLOCK 1,SRV 250 AMT,5710,628,6338,MEDIUM,OTHER,1
210216570000,GASKET 14.2×29×0.8,SRK 800 RR,5710,628,6338,FAST,FASTENER,1
210273090000,RIGHT CLICK,SRV 250 AMT,5710,628,6338,MEDIUM,OTHER,1
210283090000,RATCHET SPRING,SRV 250 AMT,5710,628,6338,MEDIUM,OTHER,1
210293090000,LEFT CLICK,SRV 250 AMT,5710,628,6338,MEDIUM,OTHER,1
210303070000,GASKET,SRK 800 RR,5710,628,6338,FAST,FASTENER,1
210303090000,RATCHET NEEDLE,SRV 250 AMT,5710,628,6338,MEDIUM,OTHER,1
210313090000,CONTACT SPRING,SRV 600 V,5710,628,6338,MEDIUM,OTHER,1
210323090000,SHIFT CONVERSION CONTACTS,SRV 600 V,5710,628,6338,MEDIUM,OTHER,1
210336520000,SHIFT RETURN SPRING LIMIT SHAFT,SRK 800 RR,11410,1255,12665,SLOW,OTHER,1
210373090000,OIL SEAL,SRV 250 AMT,5710,628,6338,FAST,OIL_FLUID,1
210556900000,PLUGS,SRV 600 V,5710,628,6338,FAST,OTHER,1
219016680000,GEAR SHIFTING SHAFT ASSEMBLY,SRK 800 RR,182520,20077,202597,SLOW,DRIVE,1
219016900000,SHIFTER ASSEMBLY,SRV 600 V,188230,20705,208935,MEDIUM,OTHER,1
219017060000,SHIFT SHAFT ASSEMBLY,SRV 250 AMT,85560,9411,94971,SLOW,OTHER,1
219047060000,SHIFT DRUM ASSEMBLY,SRV 250 AMT,142600,15686,158286,MEDIUM,OTHER,1
219056680000,GEAR SHIFTING DRUM,SRK 800 RR,142600,15686,158286,MEDIUM,DRIVE,1
219056900000,GEAR SHIFT DRUM,SRV 600 V,131190,14430,145620,MEDIUM,DRIVE,1
219076610000,GEAR INDICATOR,SRK 800 RR,450600,49566,500166,MEDIUM,DRIVE,1
219083090000,FORK SHAFT (MIDDLE),SRV 250 AMT,11410,1255,12665,SLOW,SUSPENSION,1
219086520000,SHIFT RAIL,SRK 800 RR,39930,4392,44322,MEDIUM,OTHER,1
219086610000,FORK SHAFT,SRV 600 V,22820,2510,25330,SLOW,SUSPENSION,1
219093090000,FORK SHAFT,SRV 250 AMT,11410,1255,12665,SLOW,SUSPENSION,1
219106590000,SHIFT FORK I,SRV 250 AMT,39930,4392,44322,SLOW,SUSPENSION,1
219106610000,SPINDLE FORK,SRV 600 V,45630,5019,50649,SLOW,SUSPENSION,1
219106680000,SPINDLE FORK,SRK 800 RR,45630,5019,50649,SLOW,SUSPENSION,1
219116590000,SHIFTING FORK ?,SRV 250 AMT,39930,4392,44322,SLOW,SUSPENSION,1
219116610000,COUNTERSHAFT FORK,SRV 600 V,45630,5019,50649,SLOW,SUSPENSION,1
219116680000,AUXILIARY SHAFT FORK I,SRK 800 RR,45630,5019,50649,SLOW,SUSPENSION,1
219126590000,SHIFT FORK ?,SRV 250 AMT,39930,4392,44322,SLOW,SUSPENSION,1
219126680000,AUXILIARY SHAFT FORK ?,SRK 800 RR,45630,5019,50649,SLOW,SUSPENSION,1
219136590000,THE SPINDLE COMBINATION,SRV 250 AMT,695860,76544,772404,MEDIUM,OTHER,1
219136680000,SPINDLE ASSEMBLy,SRK 800 RR,1500090,165009,1665099,MEDIUM,OTHER,1
219136900000,SPINDLE ASSEMBLY,SRV 600 V,1032380,113561,1145941,MEDIUM,OTHER,1
219136900001,SPINDLE COMBINATION,SRV 600 V,330820,36390,367210,MEDIUM,OTHER,1
219146610000,SPINDLE,SRV 600 V,399270,43919,443189,MEDIUM,OTHER,1
219146680000,PRINCIPAL AXIS,SRK 800 RR,433490,47683,481173,MEDIUM,OTHER,1
219147060000,THE SPINDLE,SRV 250 AMT,11410,1255,12665,MEDIUM,OTHER,1
219166590000,SECOND GEAR DRIVE GEAR,SRV 250 AMT,85560,9411,94971,MEDIUM,DRIVE,1
219166610000,SPINDLE SECOND GEAR GEAR,SRV 600 V,74150,8156,82306,MEDIUM,DRIVE,1
219166680000,SPINDLE SECOND GEAR,SRK 800 RR,125490,13803,139293,MEDIUM,DRIVE,1
219176610000,SPINDLE THREE AND FOUR GEARS,SRV 600 V,182520,20077,202597,MEDIUM,DRIVE,1
219196590000,DRIVE GEAR 5,SRV 250 AMT,85560,9411,94971,MEDIUM,DRIVE,1
219196610000,SPINDLE FIVE GEARS,SRV 600 V,102670,11293,113963,MEDIUM,DRIVE,1
219196680000,SPINDLE FIFTH GEAR,SRK 800 RR,165410,18195,183605,MEDIUM,DRIVE,1
219206590000,6 DRIVE GEAR,SRV 250 AMT,85560,9411,94971,MEDIUM,DRIVE,1
219206610000,SPINDLE SIX-SPEED GEAR,SRV 600 V,136890,15057,151947,MEDIUM,DRIVE,1
219206680000,SPINDLE SIXTH GEAR,SRK 800 RR,176820,19450,196270,MEDIUM,DRIVE,1
219216610010,COUNTERSHAFT ASSEMBLY,SRV 600 V,1431650,157481,1589131,SLOW,OTHER,1
219216680000,AUXILIARy SHAFT ASSEMBLy,SRK 800 RR,2538170,279198,2817368,SLOW,OTHER,1
219217060000,COMBINATION COUNTERSHAFT,SRV 250 AMT,701570,77172,778742,SLOW,OTHER,1
219226610000,LAYSHAFT,SRV 600 V,148300,16313,164613,SLOW,OTHER,1
219226680000,COUNTERSHAFT,SRK 800 RR,382160,42037,424197,SLOW,OTHER,1
219227060000,AUXILIARY SHAFT,SRV 250 AMT,17120,1883,19003,SLOW,OTHER,1
219236590000,AUXILIARY SHAFT FIRST GEAR,SRV 250 AMT,165410,18195,183605,SLOW,DRIVE,1
219236680000,FIRST GEAR OF COUNTERSHAFT,SRK 800 RR,285190,31370,316560,SLOW,DRIVE,1
219246590010,2 GEAR DRIVEN GEAR ASSEMBLY,SRV 250 AMT,85560,9411,94971,SLOW,ENGINE,1
219246610000,COUNTERSHAFT SECOND GEAR GEAR,SRV 600 V,165410,18195,183605,SLOW,DRIVE,1
219246680000,SECONDARy SHAFT SECOND GEAR,SRK 800 RR,245270,26979,272249,SLOW,DRIVE,1
219256590000,3 DRIVE DRIVEN GEAR,SRV 250 AMT,302300,33253,335553,MEDIUM,DRIVE,1
219256610000,COUNTERSHAFT THREE-SPEED GEAR,SRV 600 V,165410,18195,183605,SLOW,DRIVE,1
219256680000,AUXILIARy SHAFT THIRD GEAR,SRK 800 RR,233860,25724,259584,SLOW,DRIVE,1
219266590000,4 DRIVE DRIVEN GEAR,SRV 250 AMT,302300,33253,335553,MEDIUM,DRIVE,1
219266610000,COUNTERSHAFT FOUR-SPEED GEAR,SRV 600 V,165410,18195,183605,SLOW,DRIVE,1
219266680000,AUXILIARy SHAFT FOURTH GEAR,SRK 800 RR,222450,24469,246919,SLOW,DRIVE,1
219276590000,5 GEAR DRIVEN GEAR,SRV 250 AMT,85560,9411,94971,SLOW,ENGINE,1
219276610000,COUNTERSHAFT FIVE-SPEED GEAR,SRV 600 V,330820,36390,367210,SLOW,DRIVE,1
219276680000,AUXILIARy SHAFT FIFTH GEAR,SRK 800 RR,330820,36390,367210,SLOW,DRIVE,1
219286590010,6 DRIVE DRIVEN GEAR,SRV 250 AMT,530450,58349,588799,MEDIUM,DRIVE,1
219286610000,COUNTERSHAFT SIX-SPEED GEAR,SRV 600 V,330820,36390,367210,SLOW,DRIVE,1
219286680000,6TH GEAR OF COUNTERSHAFT,SRK 800 RR,330820,36390,367210,SLOW,DRIVE,1
219296680000,OUTPUT SPROCKET ASSEMBLY,SRK 800 RR,96970,10666,107636,FAST,DRIVE,1
219296900000,OUTPUT PULLEY,SRV 600 V,416380,45801,462181,MEDIUM,DRIVE,1
219316590000,STOP WASHER,SRV 250 AMT,5710,628,6338,FAST,FASTENER,1
219316590020,SPROCKET STOP WASHER,SRV 250 AMT,5710,628,6338,FAST,DRIVE,1
219326590000,SHIFT CAM POSITIONING PLATE COMBINATION,SRV 250 AMT,22820,2510,25330,MEDIUM,OTHER,1
219336680000,SPINDLE THIRD AND FOURTH GEAR,SRK 800 RR,330820,36390,367210,MEDIUM,DRIVE,1
219344410000,GASKET,SRK 800 RR,5710,628,6338,FAST,FASTENER,1
219356610000,STAR POSITIONING PLATE,SRV 600 V,39930,4392,44322,MEDIUM,OTHER,1
219356680000,POSITIONING WHEEL TORSION SPRING,SRK 800 RR,5710,628,6338,MEDIUM,OTHER,1
219366610000,SHIFT DRUM PRESSURE PLATE,SRV 600 V,11410,1255,12665,MEDIUM,OTHER,1
219386680000,POSITIONING WHEEL ASSEMBLY,SRK 800 RR,17120,1883,19003,MEDIUM,OTHER,1
219396590000,SHIFT CAM POSITIONING DISC,SRV 250 AMT,17120,1883,19003,MEDIUM,BRAKE,1
219407060000,WHEEL NUMBLE TEETH,SRV 250 AMT,34230,3765,37995,MEDIUM,OTHER,1
219416610000,WASHER 14.2×30×1.2,SRV 600 V,5710,628,6338,FAST,FASTENER,1
219426520000,GEAR INNER SLEEVE 25×28×12,SRK 800 RR,62750,6902,69652,MEDIUM,DRIVE,1
219436520000,SPLINE WASHER,SRK 800 RR,11410,1255,12665,FAST,FASTENER,1
219436610000,SHIFT POSITIONING WHEEL COMBINATION,SRV 600 V,28520,3137,31657,MEDIUM,OTHER,1
219446520000,RETAINING RING 25,SRK 800 RR,5710,628,6338,MEDIUM,OTHER,1
219456520000,SPLINE INNER SLEEVE 25×28×13,SRK 800 RR,62750,6902,69652,MEDIUM,OTHER,1
219466520000,SPLINE WASHER,SRK 800 RR,5710,628,6338,FAST,FASTENER,1
219476520000,LOCKING PLATE,SRK 800 RR,5710,628,6338,MEDIUM,OTHER,1
219476610000,ROCKER BUSHINGS,SRV 600 V,11410,1255,12665,MEDIUM,SUSPENSION,1
219486610000,BRAKE ARM SPRING,SRV 600 V,5710,628,6338,FAST,BRAKE,1
219486680000,LOCKING WASHER,SRK 800 RR,5710,628,6338,FAST,FASTENER,1
219494320000,SPACER,SRK 800 RR,5710,628,6338,MEDIUM,OTHER,1
219496520000,WASHER,SRK 800 RR,5710,628,6338,FAST,FASTENER,1
219496590000,SHIFTER POSITIONING PLATE GASKET,SRV 250 AMT,5710,628,6338,FAST,FASTENER,1
219496610000,COUNTERSHAFT FIRST GEAR ASSEMBLY,SRV 600 V,165410,18195,183605,SLOW,ENGINE,1
219506520000,BOLT M10×22,SRK 800 RR,5710,628,6338,FAST,FASTENER,1
219506590000,SHIFT POSITIONING PLATE TENSION SPRING,SRV 250 AMT,5710,628,6338,MEDIUM,OTHER,1
219507060000,THE GASKET13.2*20*1.5,SRV 250 AMT,5710,628,6338,FAST,FASTENER,1
219516590000,SHIFT PLATE BOLTS,SRV 250 AMT,5710,628,6338,FAST,FASTENER,1
219516680000,BUSHING 30×33×11.2,SRK 800 RR,39930,4392,44322,MEDIUM,SUSPENSION,1
219517060000,SHIFT SENSOR,SRV 250 AMT,176820,19450,196270,MEDIUM,ELECTRICAL,1
219526680000,SPLINE WASHER,SRK 800 RR,5710,628,6338,FAST,FASTENER,1
219536590000,PULLEY,SRV 250 AMT,359340,39527,398867,MEDIUM,DRIVE,1
219536680000,RETAINING RING 30,SRK 800 RR,5710,628,6338,MEDIUM,OTHER,1
219546680000,THIRD AND FOURTH GEAR SHAFT,SRK 800 RR,11410,1255,12665,SLOW,DRIVE,1
219556680000,SPLINE WASHER,SRK 800 RR,5710,628,6338,FAST,FASTENER,1
219566680000,LOCKING PLATE,SRK 800 RR,5710,628,6338,MEDIUM,OTHER,1
219576610000,SPLINE WASHERS,SRV 600 V,11410,1255,12665,FAST,FASTENER,1
219576680000,WASHER 24.4×32×1,SRK 800 RR,5710,628,6338,FAST,FASTENER,1
219586610000,ELASTIC RETAINING RING 25,SRV 600 V,11410,1255,12665,MEDIUM,OTHER,1
219586680000,OUTPUT SPROCKET SPACER,SRK 800 RR,62750,6902,69652,FAST,DRIVE,1
219606610000,NEEDLE ROLLER BEARINGS 20×25×12.8,SRV 600 V,74150,8156,82306,FAST,DRIVE,1
219616590010,RETAINING RING 23,SRV 250 AMT,5710,628,6338,MEDIUM,OTHER,1
219616610000,WASHER 25.3×30×1,SRV 600 V,5710,628,6338,FAST,FASTENER,1
219616680000,NEEDLE ROLLER BEARING 24×28×10,SRK 800 RR,108380,11921,120301,FAST,DRIVE,1
219626590010,GASKET 20.5×25×0.5,SRV 250 AMT,5710,628,6338,FAST,FASTENER,1
219626610000,BUSHINGS 26×28×16.6,SRV 600 V,45630,5019,50649,MEDIUM,SUSPENSION,1
219636610000,WASHER 25.3×33×1,SRV 600 V,5710,628,6338,FAST,FASTENER,1
219646610000,WASHERS 20.5×31×1.5,SRV 600 V,5710,628,6338,FAST,FASTENER,1
219656610000,THREE AND FOUR GEAR BUSHINGS,SRV 600 V,17120,1883,19003,MEDIUM,DRIVE,1
219666680000,BEARING PRESSURE PLATE,SRK 800 RR,11410,1255,12665,FAST,SUSPENSION,1
219676680000,NEEDLE ROLLER BEARING ASSEMBLY,SRK 800 RR,211040,23214,234254,FAST,DRIVE,1
219686610000,WASHER,SRV 600 V,5710,628,6338,FAST,FASTENER,1
219696610000,NUT,SRV 600 V,17120,1883,19003,FAST,FASTENER,1
219706520000,STAR WHEEL ASSEMBLY,SRK 800 RR,45630,5019,50649,MEDIUM,OTHER,1
219706610000,BUSHING 25×28×10.4,SRV 600 V,17120,1883,19003,MEDIUM,SUSPENSION,1
219716610000,RETURN SPRING SCREW,SRV 600 V,11410,1255,12665,FAST,FASTENER,1
219726610000,ELASTIC RETAINING RING 20,SRV 600 V,5710,628,6338,MEDIUM,OTHER,1
219736520000,WASHER 25.3×32.5×1,SRK 800 RR,22820,2510,25330,FAST,FASTENER,1
219746610000,WASHER 20.5×30×1,SRV 600 V,5710,628,6338,FAST,FASTENER,1
219746680000,BEARING ASSEMBLy,SRK 800 RR,188230,20705,208935,FAST,SUSPENSION,1
219756610000,SLEEVE,SRV 600 V,57040,6274,63314,MEDIUM,OTHER,1
219766680000,WASHER 20.2×34×2,SRK 800 RR,5710,628,6338,FAST,FASTENER,1
219776610000,DEEP GROOVE BALL BEARINGS 6205N,SRV 600 V,171120,18823,189943,FAST,SUSPENSION,1
219816680000,GEAR SHIFTING DRUM BEARING PRESSURE PLATE,SRK 800 RR,5710,628,6338,FAST,DRIVE,1
219826680000,BEARING,SRK 800 RR,51340,5647,56987,FAST,SUSPENSION,1
219836680000,DEEP GROOVE BALL BEARING,SRK 800 RR,239560,26351,265911,FAST,SUSPENSION,1
219916600000,O ring,SRV 250 AMT,5710,628,6338,FAST,FASTENER,1
220032080000,BOLT OIL,FORD 250,5710,628,6338,FAST,OIL_FLUID,1
220042080000,O RING,FORD 250,5710,628,6338,FAST,FASTENER,1
220115090000,ENTER THE AXIS,FORD 250,268080,29488,297568,MEDIUM,OTHER,1
220125450000,OUTPUT SHAFT,FORD 250,336530,37018,373548,SLOW,OTHER,1
220136800000,OUTPUT GEARS,FORD 250,456300,50193,506493,MEDIUM,DRIVE,1
220145090000,BUTTERFLY WASHERS 25×59×0.5,FORD 250,11410,1255,12665,FAST,FASTENER,1
220155090000,WASHER 22×32×2.5,FORD 250,5710,628,6338,FAST,FASTENER,1
220165090000,INTERMEDIATE GEARS,FORD 250,165410,18195,183605,MEDIUM,DRIVE,1
220176800000,INTERMEDIATE GEAR SHAFT,FORD 250,154010,16941,170951,SLOW,DRIVE,1
220185090000,WASHER 15×40×1.5,FORD 250,5710,628,6338,FAST,FASTENER,1
220215090000,BUTTERFLY WASHERS  21×56.5×0.5,FORD 250,11410,1255,12665,FAST,FASTENER,1
220225090000,CLUTCH SPACER,FORD 250,85560,9411,94971,MEDIUM,ENGINE,1
220235090000,GEARBOX COVER PAPER PADS,FORD 250,22820,2510,25330,MEDIUM,BODY,1
220265090000,O-RING 25×2,FORD 250,5710,628,6338,MEDIUM,OTHER,1
229105090020,GEARBOX COVER,FORD 250,148300,16313,164613,MEDIUM,BODY,1
240013060110,NUT M12×1.25,SRV 250 AMT,5710,628,6338,FAST,FASTENER,1
240023090000,PIN,SRV 250 AMT,11410,1255,12665,MEDIUM,OTHER,1
240023370000,OVERRIDE CLUTCH SLEEVE,SRV 250 AMT,5710,628,6338,MEDIUM,ENGINE,1
240025050000,ELECTRIC START GEAR ASSEMBLY,FORD 250,45630,5019,50649,SLOW,ENGINE,1
240025140000,SCREW M8×15,SRV 250 AMT,5710,628,6338,FAST,FASTENER,1
240435050000,CLOSE-ROW CLUTCH ASSEMBLY,FORD 250,222450,24469,246919,MEDIUM,ENGINE,1
249015050000,STARTER MOTOR ASSEMBLY,FORD 250,404970,44546,449516,MEDIUM,OTHER,1
249016590000,THE STARTER MOTOR,SRV 250 AMT,593190,65250,658440,MEDIUM,OTHER,1
24901668BG01,STARTING MOTOR ASSEMBLY,SRK 800 RR,655940,72153,728093,MEDIUM,OTHER,1
24901690BY01,STARTER MOTOR,SRV 600 V,427790,47056,474846,MEDIUM,OTHER,1
249046590000,ELECTRICALLY START IDLE GEAR,SRV 250 AMT,79860,8784,88644,MEDIUM,DRIVE,1
249046680000,STARTING IDLER,SRK 800 RR,79860,8784,88644,MEDIUM,OTHER,1
249046900000,STARTING IDLER 1,SRV 600 V,74150,8156,82306,MEDIUM,OTHER,1
249056530000,START THE IDLER AXLE,SRV 600 V,11410,1255,12665,MEDIUM,OTHER,1
249056680000,STARTING IDLER SHAFT,SRK 800 RR,11410,1255,12665,SLOW,OTHER,1
249066590000,START IDLER BUSHING,SRV 250 AMT,11410,1255,12665,MEDIUM,SUSPENSION,1
249075050001,STARTER BIG GEAR ASSEMBLY,FORD 250,114080,12548,126628,SLOW,ENGINE,1
249076590000,START LARGE GEAR ASSEMBLY,SRV 250 AMT,148300,16313,164613,SLOW,ENGINE,1
249086680000,STARTING GEAR,SRK 800 RR,148300,16313,164613,MEDIUM,DRIVE,1
249086900000,START THE BIG GEAR,SRV 600 V,131190,14430,145620,MEDIUM,DRIVE,1
249106590000,OVERRUNNING CLUTCH ASSEMBLY,SRV 250 AMT,245270,26979,272249,MEDIUM,ENGINE,1
249106680000,OVERRUNNING CLUTCH ASSEMBLY,SRK 800 RR,370750,40782,411532,MEDIUM,ENGINE,1
249106900000,BEYOND CLUTCH COMPONENTS,SRV 600 V,410670,45173,455843,MEDIUM,ENGINE,1
249146900000,STARTING IDLER 2,SRV 600 V,57040,6274,63314,MEDIUM,OTHER,1
249226680000,INTERMEDIATE GEAR ASSEMBLY,SRK 800 RR,193930,21332,215262,SLOW,ENGINE,1
249236680000,NEEDLE ROLLER BEARINGS 30×35×19.6,SRV 600 V,68450,7529,75979,FAST,DRIVE,1
249276680000,WASHER 22.2×42×3,SRV 600 V,5710,628,6338,FAST,FASTENER,1
249296680000,WASHER 10.7×31.8×4,SRV 600 V,11410,1255,12665,FAST,FASTENER,1
250033090000,RATCHET LOWER BAFFLE,SRV 250 AMT,5710,628,6338,MEDIUM,OTHER,1
250063090000,RATCHET ON THE BAFFLE,SRV 250 AMT,11410,1255,12665,MEDIUM,OTHER,1
250083090000,VARIABLE GEAR RATCHET ASSEMBLY,SRV 250 AMT,39930,4392,44322,MEDIUM,DRIVE,1
260021140000,THE POSITIONING PIN ?8×?6.5×12,SRV 250 AMT,5710,628,6338,MEDIUM,OTHER,1
260023090000,OIL PUMP ROTOR,FORD 250,5710,628,6338,FAST,ENGINE,1
260033090000,OIL PUMP EXTERNAL ROTOR,FORD 250,5710,628,6338,FAST,ENGINE,1
260045050000,WASHER,FORD 250,5710,628,6338,FAST,FASTENER,1
260086590000,OIL DRAIN BOLT,SRV 250 AMT,11410,1255,12665,FAST,OIL_FLUID,1
260106030000,WASHER 5×20×1.5,SRV 600 V,5710,628,6338,FAST,FASTENER,1
260106590000,OIL FILTER,SRV 250 AMT,39930,4392,44322,FAST,ENGINE,1
260116590000,OIL FILTER JOINT,SRV 250 AMT,17120,1883,19003,FAST,ENGINE,1
260116900000,OIL PUMP SPROCKET,SRV 600 V,22820,2510,25330,FAST,ENGINE,1
260146090011,OIL FILTER,SRK 800 RR,51340,5647,56987,FAST,ENGINE,1
260146590000,OIL PUMP DRIVES GEAR GASKET,SRV 250 AMT,5710,628,6338,FAST,ENGINE,1
260156590000,OIL PUMP IDLER,SRV 250 AMT,17120,1883,19003,FAST,ENGINE,1
260166590000,OIL PUMP IDLER SHAFT,SRV 250 AMT,17120,1883,19003,FAST,ENGINE,1
260196590000,OIL PUMP IDLER WHEEL GASKET,SRV 250 AMT,5710,628,6338,FAST,ENGINE,1
260236030000,OIL PUMP GASKET,SRV 600 V,5710,628,6338,FAST,ENGINE,1
260266610000,RELIEF VALVE COVER,SRV 600 V,5710,628,6338,MEDIUM,ENGINE,1
269016160000,OIL PUMP ASSY,FORD 250,74150,8156,82306,FAST,ENGINE,1
269016680000,THE OIL PUMP POINTS ASSEMBLY,SRK 800 RR,262380,28861,291241,FAST,ENGINE,1
269016900000,OIL PUMP COMPONENTS,SRV 600 V,154010,16941,170951,FAST,ENGINE,1
269056030010,OIL PUMP CHAIN,SRV 600 V,34230,3765,37995,FAST,ENGINE,1
269056680000,OIL PUMP CHAIN,SRK 800 RR,68450,7529,75979,FAST,ENGINE,1
269065050000,OIL PUMP GEAR,FORD 250,22820,2510,25330,FAST,ENGINE,1
269085250000,ALLEN FLAT END SET SCREW,FORD 250,5710,628,6338,FAST,FASTENER,1
269086160000,OIL PUMP SHAFT,FORD 250,5710,628,6338,FAST,ENGINE,1
269096160000,OIL PUMP,FORD 250,11410,1255,12665,FAST,ENGINE,1
269105050000,OIL PUMP COVER,FORD 250,5710,628,6338,FAST,ENGINE,1
269116900000,OIL PUMP DRIVE SPROCKET,SRV 600 V,216750,23842,240592,FAST,ENGINE,1
269126900000,CHAIN GUIDE PLATE ASSEMBLY,SRV 600 V,45630,5019,50649,FAST,DRIVE,1
269126920000,OIL PUMP DRIVEN SPROCKET,SRK 800 RR,22820,2510,25330,FAST,ENGINE,1
269136680000,CHAIN GUIDE PLATE ASSEMBLY,SRK 800 RR,22820,2510,25330,FAST,DRIVE,1
269146520000,BOLT GASKET COMBINATION,SRK 800 RR,5710,628,6338,FAST,FASTENER,1
269166520000,SEAL RING,SRV 600 V,5710,628,6338,FAST,FASTENER,1
269176680000,RELIEF VALVE ASSEMBLY,SRK 800 RR,79860,8784,88644,MEDIUM,ENGINE,1
269176900000,COARSE OIL FILTER,SRV 600 V,34230,3765,37995,FAST,ENGINE,1
269256600000,OIL FILTER,SRV 600 V,51340,5647,56987,FAST,ENGINE,1
26926668BY01,OIL PAN,SRK 800 RR,336530,37018,373548,FAST,OIL_FLUID,1
269306680000,OIL COARSE FILTER,SRK 800 RR,79860,8784,88644,FAST,ENGINE,1
269346680000,OIL COOLER ASSEMBLY,SRK 800 RR,775710,85328,861038,FAST,OIL_FLUID,1
269366680000,OIL COOLER BOLTS,SRK 800 RR,79860,8784,88644,FAST,OIL_FLUID,1
269466680000,OXYGEN SENSOR BRACKET WELDMENT,SRK 800 RR,17120,1883,19003,MEDIUM,ELECTRICAL,1
270014590000,WATER TEMPERATURE SENSOR,SRV 250 AMT,79860,8784,88644,MEDIUM,ELECTRICAL,1
270025050000,PIN SHAFT,FORD 250,5710,628,6338,SLOW,OTHER,1
270036030000,COMBINED GASKET,SRK 800 RR,5710,628,6338,FAST,FASTENER,1
27003690BG01,THERMOSTAT PUMP BODY,SRV 600 V,62750,6902,69652,MEDIUM,COOLING,1
27005690BG01,THERMOSTAT COVER,SRV 600 V,45630,5019,50649,MEDIUM,BODY,1
270066900000,SPILE,SRV 600 V,11410,1255,12665,MEDIUM,OTHER,1
270075050000,WASHER,FORD 250,5710,628,6338,FAST,FASTENER,1
270125060020,STAINLESS STEEL CLAMP ? 25,FORD 250,5710,628,6338,FAST,ELECTRICAL,1
270126900000,FROT CYLINDER OUTLET PIPE,SRV 600 V,17120,1883,19003,SLOW,ENGINE,1
270136900000,REAR CYLINDER OUTLET PIPE,SRV 600 V,17120,1883,19003,SLOW,ENGINE,1
270144410000,FAN,SRV 250 AMT,484820,53330,538150,MEDIUM,COOLING,1
270156900000,CLAMP 26,SRV 600 V,5710,628,6338,FAST,ELECTRICAL,1
270226060000,FILLER CAP,FORD 250,51340,5647,56987,MEDIUM,OTHER,1
270265050000,FILLER CAP SUBASSEMBLY,SRV 250 AMT,51340,5647,56987,MEDIUM,OTHER,1
27097505001X,BUSHING,FORD 250,5710,628,6338,MEDIUM,SUSPENSION,1
271005050010,PUMP GEAR SUBASSEMBLY,FORD 250,62750,6902,69652,MEDIUM,DRIVE,1
27149N510000,WATER FILLING PORT,FORD 250,11410,1255,12665,MEDIUM,OTHER,1
279026030042,FAN ASSEMBLY 2,SRK 800 RR,815640,89720,905360,MEDIUM,COOLING,1
279026350001,FAN ASSEMBLY 2,SRV 600 V,815640,89720,905360,MEDIUM,COOLING,1
279125430000,WATER TANK ASSEMBLY,FORD 250,1494390,164382,1658772,SLOW,BODY,1
279126590001,WATER TANK ASSEMBLY,SRV 250 AMT,1511500,166265,1677765,SLOW,BODY,1
279126680000,WATER TANK ASSEMBLY,SRK 800 RR,3165590,348214,3513804,SLOW,BODY,1
279126900000,WATER TANK COMPONENTS,SRV 600 V,2389880,262886,2652766,SLOW,BODY,1
279136590001,WATER TANK WELDING ASSEMBLY,SRV 250 AMT,1363200,149952,1513152,SLOW,BODY,1
279136680000,WELDING COMPONENTS OF WATER TANK,SRK 800 RR,1876540,206419,2082959,SLOW,BODY,1
279136900000,WELDING COMPONENTS OF WATER TANK,SRV 600 V,1711130,188224,1899354,SLOW,BODY,1
279156530000,WATER TEMPERATURE REGULATOR GROUP,SRV 600 V,119780,13175,132955,MEDIUM,OTHER,1
279166460000,THERMOSTAT,FORD 250,91260,10038,101298,MEDIUM,COOLING,1
279166590000,THERMOSTAT,SRV 250 AMT,102670,11293,113963,MEDIUM,COOLING,1
279186590000,WATER INLET ASSEMBLY,SRV 250 AMT,51340,5647,56987,MEDIUM,OTHER,1
279186590010,WATER INLET SEAT COMPONENT,SRV 600 V,85560,9411,94971,MEDIUM,BODY,1
27921659001X,THE IMPELLER,SRV 250 AMT,28520,3137,31657,MEDIUM,OTHER,1
279226590000,WATER PUMP SHAFT,SRV 250 AMT,28520,3137,31657,SLOW,COOLING,1
279236900000,OUTLET PIPE,SRV 600 V,28520,3137,31657,MEDIUM,OTHER,1
279255450000,PUMP SUBASSEMBLY,FORD 250,382160,42037,424197,MEDIUM,OTHER,1
27925668BG01,PUMP ASSY WATER,SRK 800 RR,610310,67134,677444,MEDIUM,OTHER,1
27929690BG00,PUMP ASSY WATER,SRV 600 V,547560,60231,607791,MEDIUM,OTHER,1
279305450000,AIR OUTLET PIPE,FORD 250,28520,3137,31657,MEDIUM,OTHER,1
279316590000,SEAL RING OF PUMP COVER,SRV 250 AMT,11410,1255,12665,FAST,BODY,1
279336060010,CLAMP 21,SRK 800 RR,5710,628,6338,FAST,ELECTRICAL,1
279336590000,IMPELLER GASKET,SRV 250 AMT,85560,9411,94971,FAST,FASTENER,1
279376590000,IMPELLER SEAL WASHER,SRV 250 AMT,22820,2510,25330,FAST,FASTENER,1
279376680000,CLAMP 29,SRK 800 RR,11410,1255,12665,FAST,ELECTRICAL,1
279386680000,CLAMP 31,SRK 800 RR,5710,628,6338,FAST,ELECTRICAL,1
279396590000,WATER SEAL,SRV 250 AMT,222450,24469,246919,FAST,FASTENER,1
279396680000,INLET PIPE ASSEMBLY,SRK 800 RR,74150,8156,82306,MEDIUM,OTHER,1
279406590000,OIL SEAL 10×22×5,SRV 250 AMT,11410,1255,12665,FAST,OIL_FLUID,1
279416680000,OUTLET PIPE ASSEMBLY,SRK 800 RR,79860,8784,88644,MEDIUM,OTHER,1
279424590000,CLAMPS,SRK 800 RR,5710,628,6338,FAST,ELECTRICAL,1
279446590000,GEAR PUMP,SRV 250 AMT,17120,1883,19003,MEDIUM,DRIVE,1
279466520000,THERMOSTAT ASSY,SRK 800 RR,136890,15057,151947,MEDIUM,COOLING,1
279496520000,O-RING 32.95×2.62,SRK 800 RR,5710,628,6338,MEDIUM,OTHER,1
279505430000,FAN,FORD 250,484820,53330,538150,MEDIUM,COOLING,1
279506520000,CLAMP 27,SRK 800 RR,5710,628,6338,FAST,ELECTRICAL,1
27952659BG00,HOUSING ASSEMBLY UNDER THERMOSTAT,SRV 250 AMT,96970,10666,107636,MEDIUM,COOLING,1
27953659BG00,THERMOSTAT COVER,SRV 250 AMT,34230,3765,37995,MEDIUM,BODY,1
279576590000,THERMOSTAT BYPASS HOSE,SRV 250 AMT,22820,2510,25330,MEDIUM,COOLING,1
279596590000,THERMOSTAT INLET PIPE,SRV 250 AMT,11410,1255,12665,MEDIUM,COOLING,1
279656590000,BUSHING 10×12×5,SRV 250 AMT,11410,1255,12665,MEDIUM,SUSPENSION,1
279706590000,PLATE CLAMP 14,SRV 250 AMT,5710,628,6338,FAST,ELECTRICAL,1
279716590000,WATER PUMP COVER PLUG,SRV 250 AMT,5710,628,6338,FAST,BODY,1
27972659MM01,PUMP COVER,SRV 250 AMT,96970,10666,107636,MEDIUM,BODY,1
280023180000,WASHER,FORD 250,5710,628,6338,FAST,FASTENER,1
280023300000,THROTTLE POSITION SENSOR,FORD 250,279490,30743,310233,MEDIUM,ELECTRICAL,1
280024320000,STEPPER MOTOR,FORD 250,142600,15686,158286,MEDIUM,OTHER,1
28002TAB0000,OXYGEN SENSOR,FORD 250,467710,51448,519158,MEDIUM,ELECTRICAL,1
280036680000,OIL RAIL COMPONENT,SRK 800 RR,313710,34508,348218,FAST,OIL_FLUID,1
280036900000,STEPPING MOTOR,SRV 600 V,171120,18823,189943,MEDIUM,OTHER,1
280046280000,PLATE CLAMP ?9,SRV 600 V,5710,628,6338,FAST,ELECTRICAL,1
280046680000,MOTOR SUPPORT,SRK 800 RR,39930,4392,44322,MEDIUM,OTHER,1
280046900000,STEPPER MOTOR PRESS PLATE,SRV 600 V,5710,628,6338,MEDIUM,OTHER,1
280096590000,INTAKE TEMPERATURE PRESSURE SENSOR,SRV 250 AMT,427790,47056,474846,MEDIUM,ELECTRICAL,1
280106610000,T JUNCTION,SRV 600 V,5710,628,6338,MEDIUM,OTHER,1
280116610000,STEPPER MOTOR,SRK 800 RR,296600,32626,329226,MEDIUM,OTHER,1
280136680000,MOTOR CLAMP,SRK 800 RR,5710,628,6338,FAST,ELECTRICAL,1
280146900000,FRONT OIL RAIL,SRV 600 V,136890,15057,151947,FAST,OIL_FLUID,1
28014N590000,MAP TUBE,FORD 250,5710,628,6338,MEDIUM,OTHER,1
280156900000,REAR OIL RAIL,SRV 600 V,148300,16313,164613,FAST,OIL_FLUID,1
280166680000,SEALING RING,SRK 800 RR,5710,628,6338,FAST,FASTENER,1
280206900000,DESORPTION RUBBER HOSE ?,SRV 600 V,5710,628,6338,MEDIUM,OTHER,1
280216680000,SUPPLEMENTARY AIR PIPE,SRK 800 RR,5710,628,6338,MEDIUM,OTHER,1
280216900000,DESORPTION RUBBER HOSE ?,SRV 600 V,5710,628,6338,MEDIUM,OTHER,1
280226680000,SUPPLEMENTARY AIR PIPE CLAMP PLATE,SRK 800 RR,5710,628,6338,FAST,ELECTRICAL,1
280226900000,HIGH PRESSURE OIL PIPE ASSEMBLY,SRV 600 V,79860,8784,88644,FAST,OIL_FLUID,1
280236680000,O-RING,SRK 800 RR,5710,628,6338,MEDIUM,OTHER,1
280236900000,FUEL INJECTOR,SRV 600 V,330820,36390,367210,MEDIUM,OTHER,1
280246680010,PRESSURE SENSOR RUBBER HOSE ?,SRK 800 RR,5710,628,6338,MEDIUM,ELECTRICAL,1
280256680010,PRESSURE SENSOR SUPPORT ?,SRK 800 RR,5710,628,6338,MEDIUM,ELECTRICAL,1
280256900000,INTAKE PRESSURE SENSOR BRACKET,SRV 600 V,5710,628,6338,MEDIUM,ELECTRICAL,1
280266680000,RUBBER HOSE ?,SRK 800 RR,17120,1883,19003,MEDIUM,OTHER,1
280276680000,RUBBER HOSE ?,SRK 800 RR,11410,1255,12665,MEDIUM,OTHER,1
280306680000,DESORPTION RUBBER HOSE ?,SRK 800 RR,5710,628,6338,MEDIUM,OTHER,1
280316680000,DESORPTION RUBBER HOSE ?,SRK 800 RR,5710,628,6338,MEDIUM,OTHER,1
280336680000,DESORPTION RUBBER HOSE ?,SRK 800 RR,5710,628,6338,MEDIUM,OTHER,1
280346680000,DESORPTION RUBBER HOSE ?,SRK 800 RR,5710,628,6338,MEDIUM,OTHER,1
280346900000,CONNECTING PIPE BETWEEN THREE-WAY PIPE AND THROTTLE VALVE BODY ?,SRV 600 V,11410,1255,12665,MEDIUM,ENGINE,1
280586030000,OXYGEN SENSOR,SRV 250 AMT,598900,65879,664779,MEDIUM,ELECTRICAL,1
280596090000,WATER TEMPERATURE SENSOR,FORD 250,68450,7529,75979,MEDIUM,ELECTRICAL,1
289005450000,THROTTLING VALVE BODY ASSEMBLY,FORD 250,764310,84074,848384,MEDIUM,ENGINE,1
289006590000,THROTTLING BODY ASSEMBLY,SRV 250 AMT,735790,80936,816726,MEDIUM,OTHER,1
289016590020,THROTTLE SET,SRV 250 AMT,3045810,335039,3380849,MEDIUM,OTHER,1
289016680010,THROTTLE VALVE ASSEMBLY,SRK 800 RR,4409000,484990,4893990,MEDIUM,ENGINE,1
289016900000,THROTTLE VALVE COMPONENT,SRV 600 V,4294930,472442,4767372,MEDIUM,ENGINE,1
289026590010,STEPPER MOTOR ASSEMBLY,SRV 250 AMT,444900,48939,493839,MEDIUM,OTHER,1
289026680000,AIR INTAKE PIPE,SRK 800 RR,28520,3137,31657,MEDIUM,OTHER,1
289035210000,THE NOZZLE,SRV 250 AMT,370750,40782,411532,MEDIUM,OTHER,1
289036480000,INJECTOR,FORD 250,330820,36390,367210,MEDIUM,OTHER,1
289036610000,OIL INJECTOR,SRK 800 RR,370750,40782,411532,FAST,OIL_FLUID,1
289045450000,FUEL INJECTOR SEAT,FORD 250,34230,3765,37995,MEDIUM,BODY,1
289076590000,OIL PUMP ASSEMBLY,SRV 250 AMT,125490,13803,139293,FAST,ENGINE,1
289086590000,DRIVEN GEAR OF OIL PUMP,SRV 250 AMT,28520,3137,31657,FAST,ENGINE,1
289105450000,PIPE INTAKE,FORD 250,159710,17568,177278,MEDIUM,OTHER,1
289135450000,INSULATION PAD,FORD 250,5710,628,6338,MEDIUM,OTHER,1
289156590000,WIRE CLIP,SRV 250 AMT,5710,628,6338,MEDIUM,FASTENER,1
289176590000,AIR INTAKE PIPE BENDING,SRV 250 AMT,228150,25096,253246,MEDIUM,OTHER,1
289206590000,O-RING (FLANGED BODY),SRV 250 AMT,5710,628,6338,MEDIUM,OTHER,1
289216590000,THE NOZZLE CAP,SRV 250 AMT,5710,628,6338,MEDIUM,OTHER,1
289406590000,ANCHOR SUPPORT,SRV 250 AMT,11410,1255,12665,MEDIUM,OTHER,1
289466590000,CARD HOLDER,SRV 250 AMT,5710,628,6338,MEDIUM,OTHER,1
289516900000,AIR INTAKE PIPE,SRV 600 V,28520,3137,31657,MEDIUM,OTHER,1
289993060000,TUBE JOINTER,FORD 250,5710,628,6338,MEDIUM,OTHER,1
29001307001X,SCREW,FORD 250,5710,628,6338,FAST,FASTENER,1
290026090000,WASHER ? 6,FORD 250,5710,628,6338,FAST,FASTENER,1
299025450000,FLYWHEEL ASSEMBLY,FORD 250,832750,91602,924352,MEDIUM,OTHER,1
299026030000,FLYWHEEL COMBINATION,SRV 600 V,929720,102269,1031989,MEDIUM,OTHER,1
299026590000,THE FLYWHEEL COMBINATION,SRV 250 AMT,365040,40154,405194,MEDIUM,OTHER,1
299026680000,FLYWHEEL ASSEMBLY,SRK 800 RR,872680,95994,968674,MEDIUM,OTHER,1
299035110020,STATOR ASSEMBLY,FORD 250,342230,37645,379875,MEDIUM,OTHER,1
299036030030,STATOR ASSEMBLY,SRV 600 V,342230,37645,379875,MEDIUM,OTHER,1
299036590000,COMBINATION OF THE STATOR,SRV 250 AMT,764310,84074,848384,MEDIUM,OTHER,1
299036680000,STATOR  ASSEMBLY,SRK 800 RR,901200,99132,1000332,MEDIUM,OTHER,1
299066570000,RECTIFIER,FORD 250,416380,45801,462181,MEDIUM,OTHER,1
29906N490000,RECTIFIER,SRV 250 AMT,290900,31999,322899,MEDIUM,OTHER,1
299086680000,WASHER 10.6×27×34,SRK 800 RR,11410,1255,12665,FAST,FASTENER,1
299096680000,BOLT M10×39,SRK 800 RR,11410,1255,12665,FAST,FASTENER,1
2990NGK00001,SPARK PLUG CR8E,SRK 800 RR,28520,3137,31657,FAST,ELECTRICAL,1
2990NGK00002,SPARK PLUG LMAR8A-9,SRV 250 AMT/FORD 250/SRV 600 V/SRK 800 RR,106370,11700,118070,FAST,ELECTRICAL,1
299426680000,CLAMP BAFFLE,SRK 800 RR,11410,1255,12665,FAST,ELECTRICAL,1
310013870011,VEHICLE SPEED SENSOR,SRV 250 AMT,159710,17568,177278,MEDIUM,ELECTRICAL,1
310013870012,VEHICLE SPEED SENSOR,SRV 250 AMT,159710,17568,177278,MEDIUM,ELECTRICAL,1
310015040000,INTAKE AIR TEMPERATURE SENSOR,FORD 250,62750,6902,69652,MEDIUM,ELECTRICAL,1
310016680000,OIL PRESSURE SWITCH,SRK 800 RR,68450,7529,75979,FAST,ELECTRICAL,1
3350501K0010,CLAMP 7.5,SRK 800 RR,5710,628,6338,FAST,ELECTRICAL,1
379017060000,CLUTCH ACTUATOR ASSEMBLY,SRV 250 AMT,5167600,568436,5736036,MEDIUM,ENGINE,1
379027060000,SHIFT ACTUATOR ASSEMBLY,SRV 250 AMT,4323450,475579,4799029,MEDIUM,OTHER,1
379107060000,CLUTCH SPLINE SLEEVE,SRV 250 AMT,28520,3137,31657,MEDIUM,ENGINE,1
379117060000,SHIFT SPLINE SLEEVE,SRV 250 AMT,22820,2510,25330,MEDIUM,OTHER,1
40001K740000,LEFT HANDLEBAR SLEEVE,SRV 250 AMT,22820,2510,25330,MEDIUM,OTHER,1
40001N510000,LEFT HANDLE COVER,FORD 250,34230,3765,37995,MEDIUM,BODY,1
40001PC20000,LEFT DIRECTION HANDLE SLEEVE,SRV 600 V,17120,1883,19003,MEDIUM,OTHER,1
40011P950000,REAR VIEW MIRROR BASE BUFFER RUBBER,SRK 800 RR,5710,628,6338,MEDIUM,OTHER,1
40012P130000,REAR VIEW MIRROR RUBBER PLUG,SRK 800 RR,5710,628,6338,FAST,OTHER,1
40013P130000,RELEASE HANDLE PLUG,SRK 800 RR,5710,628,6338,FAST,OTHER,1
40022N050002,CLAMP,SRK 800 RR,5710,628,6338,FAST,ELECTRICAL,1
40023P250000,CLAMP THE CORD IN THE DIRECTION,FORD 250,5710,628,6338,FAST,ELECTRICAL,1
40031N510001,LEFT BALANCE WEIGHT,FORD 250,34230,3765,37995,MEDIUM,OTHER,1
40031P130003,BALANCE BLOCK,SRV 250 AMT,45630,5019,50649,MEDIUM,OTHER,1
40031S010000,BALANCE BLOCK,SRV 600 V,11410,1255,12665,MEDIUM,OTHER,1
40031T030100,HANDLE BASE PRESSURE BLOCK,FORD 250,5710,628,6338,MEDIUM,OTHER,1
40032P250000,BALANCE BLOCK INSTALLATION SEAT,SRV 250 AMT,17120,1883,19003,MEDIUM,BODY,1
40040P130000,BUFFER LINER,SRV 250 AMT,11410,1255,12665,MEDIUM,OTHER,1
40041N510000,RIGHT BALANCE WEIGHT,FORD 250,34230,3765,37995,MEDIUM,OTHER,1
40046N510000,SHOCKPROOF RUBBER FOR STEERING HANDLE,FORD 250,5710,628,6338,MEDIUM,OTHER,1
40047B470100,BUSHING,SRK 800 RR,5710,628,6338,MEDIUM,SUSPENSION,1
40047N510000,SHOCKPROOF RUBBER MOUNTING GASKET,FORD 250,5710,628,6338,FAST,FASTENER,1
40080P410100,HANDLE AS-LH,SRK 800 RR,193930,21332,215262,MEDIUM,OTHER,1
40080PBD0000,LEFT HANDLE ASSEMBLY,SRV 600 V,684450,75289,759739,MEDIUM,OTHER,1
40083P250000,LEFT HANDLE BASE SCREW,SRK 800 RR,5710,628,6338,FAST,FASTENER,1
40084PBD0000,CLUTCH HANDLE,SRV 600 V,467710,51448,519158,MEDIUM,ENGINE,1
40086P010000,HANDLE POSITIONING DOUBLE END STUDS,SRV 600 V,11410,1255,12665,MEDIUM,OTHER,1
40086P010102,HANDLE POSITIONING STUD,SRV 250 AMT,17120,1883,19003,MEDIUM,OTHER,1
40087PBD0000,LEFT HANDLE CONNECTING PIN,SRV 600 V,17120,1883,19003,MEDIUM,OTHER,1
40089P010100,HANDLE POSITIONING GASKET,SRV 250 AMT,5710,628,6338,FAST,FASTENER,1
40098B450000,BINDING TAPE,SRV 250 AMT,5710,628,6338,MEDIUM,OTHER,1
40100N590001,STEERING HANDLE WELDING ASSEMBLY,FORD 250,353640,38900,392540,MEDIUM,OTHER,1
40101PC20000,DIRECTIONAL HANDLE,SRV 600 V,325120,35763,360883,MEDIUM,OTHER,1
40101PDM0000,DIRECTIONAL HANDLE,SRV 250 AMT,279490,30743,310233,MEDIUM,OTHER,1
40110P950001,LEFT STEERING HANDLE ASSEMBLY,SRK 800 RR,382160,42037,424197,MEDIUM,OTHER,1
40120P950001,RIGHT STEERING HANDLE ASSEMBLY,SRK 800 RR,382160,42037,424197,MEDIUM,OTHER,1
40190N510000,STEERING HANDLE MOUNTING BASE WELDING ASSEMBLY,FORD 250,268080,29488,297568,MEDIUM,OTHER,1
40210N510000,RIGHT GRIP ASSEMBLY,FORD 250,28520,3137,31657,MEDIUM,OTHER,1
40210P280000,RIGHT GRIP COMPONENT,SRV 250 AMT,17120,1883,19003,MEDIUM,OTHER,1
40210PC20000,RIGHT GRIP COMPONENT,SRV 600 V,17120,1883,19003,MEDIUM,OTHER,1
40273P250000,UPPER SPRING PIN,SRK 800 RR,5710,628,6338,MEDIUM,OTHER,1
40283S010000,JOINT M6,SRK 800 RR,28520,3137,31657,MEDIUM,OTHER,1
40300N590000,THROTTLE LINE ASSEMBLY I,FORD 250,125490,13803,139293,MEDIUM,OTHER,1
40300P950000,THROTTLE CABLE ASSEMBLY I,SRK 800 RR,79860,8784,88644,FAST,OTHER,1
40300PBS0000,ACCELERATOR CABLE ASSEMBLY I,SRV 250 AMT,91260,10038,101298,FAST,OTHER,1
40300PC20000,ACCELERATOR CABLE ASSEMBLY,SRV 600 V,182520,20077,202597,FAST,OTHER,1
40320PA20000,VALVE LINE MOUNTING SEAT,FORD 250,22820,2510,25330,MEDIUM,ENGINE,1
40330N590000,THROTTLE CABLE ASSEMBLY II,FORD 250,125490,13803,139293,FAST,OTHER,1
40330P950000,THROTTLE CABLE ASSEMBLY II,SRK 800 RR,79860,8784,88644,FAST,OTHER,1
40330PBS0000,ACCELERATOR CABLE ASSEMBLY II,SRV 250 AMT,91260,10038,101298,FAST,OTHER,1
40400P950000,CLUTCH CABLE ASSEMBLY,SRK 800 RR,102670,11293,113963,FAST,ENGINE,1
40400PC20000,CLUTCH CABLE ASSEMBLY,SRV 600 V,102670,11293,113963,FAST,ENGINE,1
40440N490010,MIRROR ASSEMBLY,SRK 800 RR,330820,36390,367210,MEDIUM,OTHER,1
40440N510001,LEFT AND RIGHT REARVIEW MIRROR ASSEMBLY,FORD 250,285190,31370,316560,MEDIUM,OTHER,1
40440P180004,MIRROR ASSEMBLY,SRV 250 AMT,188230,20705,208935,MEDIUM,OTHER,1
40440PBP0001,MIRROR ASSEMBLY,SRV 600 V,319410,35135,354545,MEDIUM,OTHER,1
40450N490010,LEFT REARVIEW MIRROR ASSEMBLY,SRK 800 RR,165410,18195,183605,MEDIUM,OTHER,1
40450N510001,LEFT REARVIEW MIRROR ASSEMBLY,FORD 250,205340,22587,227927,MEDIUM,OTHER,1
40450P180004,LEFT REARVIEW MIRROR ASSEMBLY,SRV 250 AMT,96970,10666,107636,MEDIUM,OTHER,1
40450PBP0001,LEFT REARVIEW MIRROR ASSEMBLY,SRV 600 V,159710,17568,177278,MEDIUM,OTHER,1
40480N490010,RIGHT REARVIEW MIRROR ASSEMBLY,SRK 800 RR,165410,18195,183605,MEDIUM,OTHER,1
40480N510001,RIGHT REAR-VIEW MIRROR ASSEMBLY,FORD 250,205340,22587,227927,MEDIUM,OTHER,1
40480P180004,RIGHT REARVIEW MIRROR ASSEMBLY,SRV 250 AMT,96970,10666,107636,MEDIUM,OTHER,1
40480PBP0001,RIGHT REARVIEW MIRROR ASSEMBLY,SRV 600 V,159710,17568,177278,MEDIUM,OTHER,1
40500KTL0010,LEFT COMBINATION SWITCH,FORD 250,273780,30115,303895,MEDIUM,ELECTRICAL,1
40500P530000,LEFT COMBINATION SWITCH,SRV 600 V,855570,94112,949682,MEDIUM,ELECTRICAL,1
40500P540000,LEFT COMBINATION SWITCH,SRV 250 AMT,302300,33253,335553,MEDIUM,ELECTRICAL,1
40500PCD0000,LEFT COMBINATION SWITCH,SRK 800 RR,558970,61486,620456,MEDIUM,ELECTRICAL,1
40600KTL0015,RIGHT COMBINATION SWITCH,FORD 250,211040,23214,234254,MEDIUM,ELECTRICAL,1
40600P530001,RIGHT COMBINATION SWITCH,SRV 600 V,855570,94112,949682,MEDIUM,ELECTRICAL,1
40600P540001,RIGHT COMBINATION SWITCH,SRV 250 AMT,216750,23842,240592,MEDIUM,ELECTRICAL,1
40600PCD0001,RIGHT COMBINATION SWITCH,SRK 800 RR,444900,48939,493839,MEDIUM,ELECTRICAL,1
40702P250000,BRAKE PEDAL RETURN SPRING,SRK 800 RR,5710,628,6338,FAST,BRAKE,1
40702P370000,BRAKE TORSION SPRING,SRV 600 V,5710,628,6338,FAST,BRAKE,1
40706S040000,M6 LEFT JOINT HEAD,SRV 600 V,34230,3765,37995,MEDIUM,OTHER,1
40710P95000Z,BRAKE PEDAL ASSEMBLY,SRK 800 RR,222450,24469,246919,FAST,BRAKE,1
40710PC20000,BRAKE PEDAL ASSEMBLY,SRV 600 V,268080,29488,297568,FAST,BRAKE,1
40712P100101,REAR HYDRAULIC BRAKE PEDAL,SRK 800 RR,34230,3765,37995,FAST,BRAKE,1
41080P410100,CLUTCH HANDLE ASSEMBLY,SRK 800 RR,119780,13175,132955,MEDIUM,ENGINE,1
43001N510000,UPPER BEARING UPPER STEEL BOWL,FORD 250,17120,1883,19003,FAST,SUSPENSION,1
43002N510000,UPPER BEARING LOWER STEEL BOWL,FORD 250,17120,1883,19003,FAST,SUSPENSION,1
43003N510000,UPPER STEEL BOWL OF LOWER BEARING,FORD 250,17120,1883,19003,FAST,SUSPENSION,1
43004N510000,LOWER BEARING LOWER STEEL BOWL,FORD 250,17120,1883,19003,FAST,SUSPENSION,1
43005L750000,DUST COVER,FORD 250,11410,1255,12665,MEDIUM,BODY,1
43005S010000,DUST RING (LOWER),FORD 250,5710,628,6338,MEDIUM,OTHER,1
43007T090100,TAB WASHER,FORD 250,5710,628,6338,FAST,FASTENER,1
43008S010010,FASTENING NUT OF UPPER CONNECTING PLATE,SRV 250 AMT,17120,1883,19003,FAST,FASTENER,1
43008S010100,UPPER CONNECTING PLATE FASTENING NUT,SRV 600 V,22820,2510,25330,FAST,FASTENER,1
43009G120020,LOCK NUT,FORD 250,5710,628,6338,FAST,FASTENER,1
43009P260000,COMPRESSION NUT,SRV 250 AMT,68450,7529,75979,FAST,FASTENER,1
43009S010000,NUT,SRK 800 RR,96970,10666,107636,FAST,FASTENER,1
43009S010100,NUT,SRV 600 V,96970,10666,107636,FAST,FASTENER,1
43010N510000,COMPRESSION NUT ASSEMBLY,FORD 250,28520,3137,31657,FAST,FASTENER,1
43011P540000,UPPER CONNECTING PLATE,SRV 250 AMT,673050,74035,747085,MEDIUM,OTHER,1
43011P950100,UPPER CONNECTING PLATE,SRK 800 RR,501930,55212,557142,MEDIUM,OTHER,1
43011PC20000,UPPER CONNECTING PLATE,SRV 600 V,604600,66506,671106,MEDIUM,OTHER,1
43013PC20000,LOWER SEAT OF STEERING HANDLE,SRV 600 V,302300,33253,335553,MEDIUM,BODY,1
43014P010100,LOWER HANDLE LOCATOR,SRV 250 AMT,45630,5019,50649,MEDIUM,OTHER,1
43014P540001,PRESS THE HANDLE ON THE BLOCK,SRV 250 AMT,102670,11293,113963,MEDIUM,OTHER,1
43014PC20000,UPPER SEAT OF STEERING HANDLE,SRV 600 V,159710,17568,177278,MEDIUM,BODY,1
43016PBD0000,STEERING HANDLE LOWER SEAT CUSHION,SRV 600 V,5710,628,6338,MEDIUM,BODY,1
43021P540000,INSTRUMENT CLAMP,SRV 250 AMT,5710,628,6338,FAST,ELECTRICAL,1
43029P950000,POWER LOCK INSTALLATION SLEEVE,SRK 800 RR,11410,1255,12665,MEDIUM,OTHER,1
43035J040000,ODOMETER CABLE CLAMP,SRV 250 AMT,5710,628,6338,FAST,ELECTRICAL,1
43035P420000,HYDRAULIC BRAKE PIPE CLAMP,SRV 250 AMT,5710,628,6338,FAST,BRAKE,1
43038P250000,FRONT STEERING LAMP BRACKET RUBBER SLEEVE,FORD 250,5710,628,6338,FAST,ELECTRICAL,1
43049P800000,UPPER CONNECTING PLATE FASTENING SCREW,SRV 250 AMT,68450,7529,75979,FAST,FASTENER,1
43049P800100,UPPER CONNECTING PLATE FASTENING SCREWS,SRV 600 V,68450,7529,75979,FAST,FASTENER,1
43058P810000,RUBBER PLUG ON THE UPPER SEAT OF THE STEERING HANDLE,SRV 600 V,57040,6274,63314,FAST,BODY,1
43070D010020,ODOMETER CLAMP ASSEMBLY 2,SRK 800 RR,5710,628,6338,FAST,ELECTRICAL,1
43100N25010Z,LOWER LINK BOARD COMPONENT,SRV 250 AMT,981050,107915,1088965,MEDIUM,OTHER,1
43100N51000Z,LOWER YOKE PLATE WELDING ASSEMBLY,FORD 250,912600,100386,1012986,MEDIUM,OTHER,1
43100P95000Z,LOWER YOKE ASSEMBLY,SRK 800 RR,912600,100386,1012986,MEDIUM,OTHER,1
43100PC2000Z,LOWER LINK BOARD COMPONENT,SRV 600 V,918310,101014,1019324,MEDIUM,OTHER,1
43101P25000Z,DIRECTION COLUMN ANTI LOOSENING RING COMBINATION,SRV 600 V,245270,26979,272249,MEDIUM,OTHER,1
43101P95000Z,DIRECTION COLUMN ANTI LOOSENING RING COMBINATION,SRK 800 RR,216750,23842,240592,MEDIUM,OTHER,1
43130N510000,UPPER STEEL BALL ASSEMBLY,FORD 250,11410,1255,12665,MEDIUM,OTHER,1
43130S010000,STEERING BEARING,SRV 250 AMT,39930,4392,44322,FAST,SUSPENSION,1
43140N510000,LOWER BALL ASSEMBLY,FORD 250,11410,1255,12665,MEDIUM,OTHER,1
43200N220006,FRONT LEFT SHOCK ABSORBER ASSEMBLY,SRV 250 AMT,1551420,170656,1722076,SLOW,SUSPENSION,1
43200N590000,FRONT LEFT SHOCK ABSORBER ASSEMBLY,FORD 250,963940,106033,1069973,SLOW,SUSPENSION,1
43200P950000,FRONT LEFT SHOCK ABSORBER ASSEMBLY,SRK 800 RR,2829060,311196,3140256,SLOW,SUSPENSION,1
43200PC20000,FRONT LEFT SHOCK ABSORBER ASSEMBLY,SRV 600 V,2720690,299275,3019965,SLOW,SUSPENSION,1
43204N510000,FRONT FORK BOLT CAP,FORD 250,11410,1255,12665,FAST,SUSPENSION,1
43204P540000,LEFT BOLT,SRV 250 AMT,96970,10666,107636,FAST,FASTENER,1
43250P950000,BOLT ASSEMBLY,SRK 800 RR,102670,11293,113963,FAST,FASTENER,1
43260K990000,OIL SEAL,SRV 250 AMT,34230,3765,37995,FAST,OIL_FLUID,1
43260N220010,OIL SEAL,SRV 600 V,34230,3765,37995,FAST,OIL_FLUID,1
43260N510000,OIL SEAL,FORD 250,22820,2510,25330,FAST,OIL_FLUID,1
43261N510000,SEAL RING,FORD 250,17120,1883,19003,FAST,FASTENER,1
43283P100010,SHIM,SRV 250 AMT,5710,628,6338,MEDIUM,OTHER,1
43290N100000,DUST RING ASSEMBLY,SRV 250 AMT,11410,1255,12665,MEDIUM,OTHER,1
43290N220001,DUST RING ASSEMBLY,SRV 600 V,28520,3137,31657,MEDIUM,OTHER,1
43290N510000,DUST RING,FORD 250,17120,1883,19003,MEDIUM,OTHER,1
43300N220006,FRONT RIGHT SHOCK ABSORBER ASSEMBLY,SRV 250 AMT,1551420,170656,1722076,SLOW,SUSPENSION,1
43300N590000,FRONT RIGHT SHOCK ABSORBER ASSEMBLY,FORD 250,975350,107288,1082638,SLOW,SUSPENSION,1
43300P950000,FRONT RIGHT SHOCK ABSORBER ASSEMBLY,SRK 800 RR,2817660,309942,3127602,SLOW,SUSPENSION,1
43300PC20000,FRONT RIGHT SHOCK ABSORBER ASSEMBLY,SRV 600 V,2709290,298021,3007311,SLOW,SUSPENSION,1
43304PC20000,BOLT,SRV 600 V,85560,9411,94971,FAST,FASTENER,1
44004N510000,FRONT AXLE,FORD 250,74150,8156,82306,MEDIUM,OTHER,1
44004P060001,FRONT AXLE,SRV 250 AMT,142600,15686,158286,MEDIUM,OTHER,1
44004P530000,FRONT WHEEL AXLE,SRV 600 V,142600,15686,158286,MEDIUM,OTHER,1
44004P950000,FRONT AXLE,SRK 800 RR,159710,17568,177278,MEDIUM,OTHER,1
44005N510000,FRONT LEFT AXLE SLEEVE,FORD 250,17120,1883,19003,MEDIUM,OTHER,1
44005P100100,LEFT FRONT WHEEL BUSHING,SRV 250 AMT,17120,1883,19003,MEDIUM,SUSPENSION,1
44005P160100,FRONT WHEEL LEFT LINER,SRV 600 V,22820,2510,25330,MEDIUM,OTHER,1
44005PAK0000,FRONT LEFT SPACER I,SRK 800 RR,28520,3137,31657,MEDIUM,OTHER,1
44006N510000,FRONT WHEEL INTERMEDIATE SHAFT SLEEVE,FORD 250,22820,2510,25330,SLOW,OTHER,1
44006P100100,FRONT MIDDLE SHAFT SLEEVE,SRV 250 AMT,22820,2510,25330,SLOW,OTHER,1
44006P530000,FRONT WHEEL INTERMEDIATE SHAFT SLEEVE,SRV 600 V,17120,1883,19003,SLOW,OTHER,1
44016N510000,FRONT RIGHT AXLE SLEEVE,FORD 250,17120,1883,19003,MEDIUM,OTHER,1
44016P100100,RIGHT FRONT WHEEL BUSHING,SRV 250 AMT,17120,1883,19003,MEDIUM,SUSPENSION,1
44072PAK0000,FRONT LEFT SPACER II,SRK 800 RR,17120,1883,19003,MEDIUM,OTHER,1
44091P290000,5G DYNAMIC BALANCE WEIGHT,SRV 250 AMT,5710,628,6338,MEDIUM,OTHER,1
44100N51000Z,FRONT WHEEL RIM,FORD 250,1100830,121091,1221921,SLOW,OTHER,1
44100P54001Z,FRONT WHEEL RIM ASSEMBLY,SRV 250 AMT,1083720,119209,1202929,SLOW,OTHER,1
44100P95000Z,FRONT WHEEL RING ASSEMBLY,SRK 800 RR,1568540,172539,1741079,MEDIUM,OTHER,1
44100PC2000Z,FRONT WHEEL RIM ASSEMBLY,SRV 600 V,1334680,146814,1481494,SLOW,OTHER,1
44300B910000,OIL SEAL,FORD 250,5710,628,6338,FAST,OIL_FLUID,1
44600P950000,FRONT WHEEL INTERMEDIATE SPACER ASSEMBLY,SRK 800 RR,34230,3765,37995,MEDIUM,OTHER,1
45011PBD0000,OIL CUP GASKET,SRV 600 V,5710,628,6338,FAST,OIL_FLUID,1
45013PBD0000,OIL CUP GASKET,SRV 600 V,5710,628,6338,FAST,OIL_FLUID,1
45014N510001,GUIDE PILLAR 1,FORD 250,17120,1883,19003,MEDIUM,OTHER,1
45014P180100,UPPER SLIDING SHAFT,SRV 600 V,11410,1255,12665,SLOW,OTHER,1
45015P180000,UPPER SLIDING SHAFT DUST COVER,SRV 250 AMT,5710,628,6338,SLOW,BODY,1
45017N510001,GUIDE PILLAR 2,FORD 250,11410,1255,12665,MEDIUM,OTHER,1
45017P180100,LOWER SLIDING SHAFT,SRV 600 V,5710,628,6338,SLOW,OTHER,1
45018P180000,LOWER SLIDING SHAFT SLEEVE,SRV 600 V,5710,628,6338,SLOW,OTHER,1
45019N100100,AIR RELEASE NOZZLE,SRV 250 AMT,5710,628,6338,MEDIUM,OTHER,1
45019N510001,VENT NOZZLE,FORD 250,5710,628,6338,MEDIUM,OTHER,1
45019P180100,AIR RELEASE NOZZLE,SRV 250 AMT,5710,628,6338,MEDIUM,OTHER,1
45020L810000,RIGHT HANDLE COMPONENT,SRV 250 AMT,142600,15686,158286,MEDIUM,OTHER,1
45020N510002,RIGHT HANDLE,FORD 250,193930,21332,215262,MEDIUM,OTHER,1
45020P380000,FRONT HANDLE ASSEMBLY / BREMBO,SRK 800 RR,1414530,155598,1570128,MEDIUM,OTHER,1
45021B510000,DUST COVER FOR AIR VENT NOZZLE,SRV 250 AMT,5710,628,6338,MEDIUM,BODY,1
45021P180000,DUST COVER FOR AIR VENT NOZZLE,SRV 250 AMT,5710,628,6338,MEDIUM,BODY,1
45022PC20001,FRONT HYDRAULIC BRAKE HANDLE,SRV 600 V,262380,28861,291241,FAST,BRAKE,1
45023P250000,HANDLE FIXING COVER,SRK 800 RR,11410,1255,12665,MEDIUM,BODY,1
45023PBD0000,HANDLE FIXING COVER,SRV 600 V,51340,5647,56987,MEDIUM,BODY,1
45030N510000,FRONT BRAKE DISC ASSEMBLY,FORD 250,513340,56467,569807,FAST,BRAKE,1
45030P530000,FRONT BRAKE DISC ASSEMBLY,SRV 600 V,798530,87838,886368,FAST,BRAKE,1
45030P540000,FRONT BRAKE DISC ASSEMBLY,SRV 250 AMT,712970,78426,791396,FAST,BRAKE,1
45030P620000,FRONT BRAKE DISC ASSEMBLY,SRK 800 RR,2378470,261631,2640101,FAST,BRAKE,1
45036P520100,BOLT M8×14,FORD 250,5710,628,6338,FAST,FASTENER,1
45037J000200,COUPLING BOLT/THREAD M10×1.25,FORD 250,5710,628,6338,FAST,FASTENER,1
45037P150101,OIL PIPE INSTALLATION BOLTS,SRV 600 V,11410,1255,12665,FAST,OIL_FLUID,1
45037P300200,OIL PIPE INSTALLATION BOLTS,SRV 250 AMT,11410,1255,12665,FAST,OIL_FLUID,1
45037P360100,OIL PIPE INSTALLATION BOLTS,SRV 600 V,11410,1255,12665,FAST,OIL_FLUID,1
45044N510000,FRONT HYDRAULIC BRAKE PIPELINE CLAMP I,FORD 250,5710,628,6338,FAST,BRAKE,1
45078P440001,WASHERS,FORD 250,5710,628,6338,FAST,FASTENER,1
45094P100000,ABS CONNECTION BLOCK,SRV 250 AMT,17120,1883,19003,MEDIUM,OTHER,1
45096PBD0000,RIGHT HANDLE CONNECTING PIN,SRV 600 V,17120,1883,19003,MEDIUM,OTHER,1
45110N510001,THE FRICTION PLATE (FRONT),FORD 250,216750,23842,240592,FAST,OTHER,1
45120P100000,BRAKE SHOE ASSEMBLY,SRV 250 AMT,1003860,110424,1114284,FAST,BRAKE,1
45120P280000,FRONT HYDRAULIC BRAKE PAD / BREMBO,SRK 800 RR,2002020,220222,2222242,FAST,BRAKE,1
45120S010011,BRAKE SHOE ASSEMBLY,SRV 600 V,1682610,185087,1867697,FAST,BRAKE,1
45180J000100,SEALING GASKET,SRV 250 AMT,5710,628,6338,FAST,FASTENER,1
45201K140000,FRONT HYDRAULIC BRAKE OIL PIPE RUBBER SLEEVE,FORD 250,5710,628,6338,FAST,BRAKE,1
45240N510001,FRONT BRAKE OIL PIPE ASSEMBLY,FORD 250,165410,18195,183605,FAST,BRAKE,1
45240P540001,FRONT HYDRAULIC BRAKE OIL PIPE ASSEMBLY I,SRV 250 AMT,216750,23842,240592,FAST,BRAKE,1
45240P950000,FRONT BRAKE OIL INLET PIPE ASSEMBLY,SRK 800 RR,296600,32626,329226,FAST,BRAKE,1
45240PC20000,FRONT HYDRAULIC BRAKE OIL PIPE ASSEMBLY I,SRV 600 V,308010,33881,341891,FAST,BRAKE,1
45250P950000,FRONT LEFT AND RIGHT PUMP CONNECTING PIPE COMPONENTS,SRK 800 RR,154010,16941,170951,MEDIUM,OTHER,1
45250PC20000,FRONT HYDRAULIC BRAKE OIL PIPE ASSEMBLY III,SRV 600 V,154010,16941,170951,FAST,BRAKE,1
45270N510001,FRONT BRAKE OIL PIPE,FORD 250,279490,30743,310233,FAST,BRAKE,1
45270P540001,FRONT HYDRAULIC BRAKE OIL PIPE ASSEMBLY II,SRV 250 AMT,262380,28861,291241,FAST,BRAKE,1
45270P950000,FRONT BRAKE OIL OUTLET PIPE ASSEMBLY,SRK 800 RR,416380,45801,462181,FAST,BRAKE,1
45270PC20000,FRONT HYDRAULIC BRAKE OIL PIPE ASSEMBLY II,SRV 600 V,330820,36390,367210,FAST,BRAKE,1
45300L810000,FRONT BRAKE SWITCH ASSEMBLY,SRV 250 AMT,39930,4392,44322,FAST,BRAKE,1
45300N510002,HYDRAULIC BRAKE SWITCH,FORD 250,11410,1255,12665,FAST,BRAKE,1
45300P380000,FRONT BRAKE SWITCH ASSEMBLY,SRK 800 RR,467710,51448,519158,FAST,BRAKE,1
45400L810010,FRONT OIL PUMP BODY ASSEMBLY,SRV 250 AMT,359340,39527,398867,FAST,ENGINE,1
45400N510004,FRONT OIL PUMP BODY ASSEMBLY,FORD 250,530450,58349,588799,FAST,ENGINE,1
45400P380200,FRONT OIL PUMP BODY ASSEMBLY,SRK 800 RR,3684630,405309,4089939,FAST,ENGINE,1
45400PC20000,FRONT OIL PUMP BODY ASSEMBLY,SRV 600 V,1152160,126737,1278897,FAST,ENGINE,1
45500J800015,FRONT LEFT BRAKE CYLINDER ASSEMBLY,SRV 250 AMT,827050,90975,918025,FAST,ENGINE,1
45500N510001,FRONT BRAKE CYLINDER ASSEMBLY,FORD 250,832750,91602,924352,FAST,ENGINE,1
45500P280000,FRONT LEFT BRAKE CYLINDER ASSEMBLY / BREMBO,SRK 800 RR,2857580,314333,3171913,FAST,ENGINE,1
45500P41BG00,FRONT LEFT BRAKE CYLINDER ASSEMBLY,SRV 600 V,1739650,191361,1931011,FAST,ENGINE,1
45600P280000,FRONT RIGHT BRAKE CYLINDER ASSEMBLY / BREMBO,SRK 800 RR,2857580,314333,3171913,FAST,ENGINE,1
45600P41BG00,FRONT RIGHT BRAKE CYLINDER ASSEMBLY,SRV 600 V,1745350,191988,1937338,FAST,ENGINE,1
45700N470002,DUAL CHANNEL ABS ASSEMBLY,SRV 250 AMT,2903210,319353,3222563,MEDIUM,OTHER,1
45700N590000,DUAL CHANNEL ABS ASSEMBLY,FORD 250,2754920,303041,3057961,MEDIUM,OTHER,1
45700P950000,ABS GP-DUAL CHANNEL,SRK 800 RR,5903390,649372,6552762,MEDIUM,OTHER,1
45700PC20000,DUAL CHANNEL ABS ASSEMBLY,SRV 600 V,3148470,346331,3494801,MEDIUM,OTHER,1
45702N510000,FRONT WHEEL SPEED RING GEAR,FORD 250,51340,5647,56987,MEDIUM,DRIVE,1
45702P100000,FRONT WHEEL SPEED RING GEAR,SRV 250 AMT,51340,5647,56987,MEDIUM,DRIVE,1
45702P160000,FRONT WHEEL SPEED GEAR RING,SRV 600 V,57040,6274,63314,MEDIUM,DRIVE,1
45702P250000,ABS FRONT WHEEL GEAR RING,SRK 800 RR,62750,6902,69652,MEDIUM,DRIVE,1
45710N510000,ABS WHEEL SPEED SENSOR,SRV 250 AMT,142600,15686,158286,MEDIUM,ELECTRICAL,1
45710P100000,FRONT WHEEL SPEED SENSOR,FORD 250,159710,17568,177278,MEDIUM,ELECTRICAL,1
45710P370000,FRONT AND REAR WHEEL SPEED SENSOR I,SRK 800 RR,216750,23842,240592,MEDIUM,ELECTRICAL,1
45710P370001,FRONT AND REAR WHEEL SPEED SENSOR II,SRK 800 RR,205340,22587,227927,MEDIUM,ELECTRICAL,1
45719P930000,WHEEL SPEED SENSOR CABLE CLAMP RUBBER,SRK 800 RR,5710,628,6338,FAST,ELECTRICAL,1
45730P620000,6D SENSOR,SRK 800 RR,2692170,296138,2988308,MEDIUM,ELECTRICAL,1
47013P950001,INSULATION TIN FOIL PAPER I,SRK 800 RR,34230,3765,37995,FAST,OIL_FLUID,1
47014P950000,INSULATION TIN FOIL II,SRK 800 RR,28520,3137,31657,FAST,OIL_FLUID,1
47015P010010,SILENCING PLUG,SRV 250 AMT,11410,1255,12665,FAST,OTHER,1
47016P250000,INSULATION GASKET II,FORD 250,5710,628,6338,FAST,FASTENER,1
47020P54NK00,COVER AS-TRIM,SRV 250 AMT,176820,19450,196270,MEDIUM,BODY,1
47021N290000,MUFFLER BUFFER BUSHING,SRK 800 RR,17120,1883,19003,SLOW,SUSPENSION,1
47022N290010,MUFFLER BUFFER WASHER,SRK 800 RR,5710,628,6338,FAST,FASTENER,1
47023N590000,MUFFLER GUARD,FORD 250,981050,107915,1088965,SLOW,BODY,1
47024P54MM00,DECORATIVE COVER III,SRV 250 AMT,39930,4392,44322,MEDIUM,BODY,1
47026PAK0000,MUFFLER BUFFER RUBBER,SRK 800 RR,28520,3137,31657,SLOW,OTHER,1
47028H390000,MUFFLER RUBBER SLEEVE,SRK 800 RR,5710,628,6338,SLOW,OTHER,1
47028P080000,RUBBER SLEEVE,SRK 800 RR,5710,628,6338,MEDIUM,OTHER,1
47028P380000,RUBBER SLEEVE ? 9×5,SRV 600 V,5710,628,6338,MEDIUM,OTHER,1
47035N590000,GRAPHITE WASHER,FORD 250,11410,1255,12665,FAST,FASTENER,1
47036P830000,GRAPHITE WASHER,SRV 600 V,17120,1883,19003,FAST,FASTENER,1
47039PC20001,SHIELD BUSHING,SRV 250 AMT,11410,1255,12665,MEDIUM,SUSPENSION,1
47040N510000,EXHAUST PIPE SIDE COVER WELDING ASSEMBLY,FORD 250,62750,6902,69652,SLOW,BODY,1
47041P540000,DECORATIVE COVER THERMAL INSULATION TIN FOIL PAPER I,SRV 250 AMT,39930,4392,44322,FAST,BODY,1
47041P950000,SILENCER HEAT SHIELD,SRK 800 RR,17120,1883,19003,MEDIUM,OTHER,1
47041PAK0000,MUFFLER MOUNTING BUSH,SRK 800 RR,17120,1883,19003,SLOW,OTHER,1
47042P540000,DECORATIVE COVER THERMAL INSULATION TIN FOIL PAPER II,SRV 250 AMT,51340,5647,56987,FAST,BODY,1
47044PC20000,DECORATIVE COVER INSULATION TINFOIL PAPER,SRV 600 V,22820,2510,25330,FAST,BODY,1
47050N510000,MUFFLER BUFFER BUSHING I,FORD 250,22820,2510,25330,SLOW,SUSPENSION,1
47060N510000,MUFFLER BUFFER BUSHING II,FORD 250,22820,2510,25330,SLOW,SUSPENSION,1
47100N59040Z,SILENCER ASSEMBLY,FORD 250,4688490,515733,5204223,MEDIUM,OTHER,1
47100P54019Z,MUFFLER AS-FRONT,SRV 250 AMT,1848020,203282,2051302,SLOW,OTHER,1
47128P380000,T-SHAPED BUSHING ?7×?9×6,SRK 800 RR,5710,628,6338,MEDIUM,SUSPENSION,1
47200N590040,CYLINDER ASSEMBLY,FORD 250,2692170,296138,2988308,SLOW,ENGINE,1
47200P950001,MAIN CYLINDER ASSEMBLY,SRK 800 RR,5909090,649999,6559089,SLOW,ENGINE,1
47200PC2000Z,CYLINDER ASSEMBLY II,SRV 600 V,2794840,307432,3102272,SLOW,ENGINE,1
47490P540000,GASKET AS-GASKET,SRV 250 AMT,11410,1255,12665,FAST,FASTENER,1
47490PC20000,SEALING GASKET ASSEMBLY,SRV 600 V,11410,1255,12665,FAST,FASTENER,1
47500N590000,EXHAUST PIPE ASSEMBLY,FORD 250,330820,36390,367210,SLOW,OTHER,1
47500PC2001Z,RIGHT EXHAUST PIPE ASSEMBLY,SRV 600 V,564680,62114,626794,SLOW,OTHER,1
47600N51000Z,MUFFLER HANGING PLATE ASSY,FORD 250,787120,86583,873703,SLOW,OTHER,1
47760P54NK00,DECORATIVE COVER COMPONENT/BRIGHT BLACK (NK),SRV 250 AMT,268080,29488,297568,MEDIUM,BODY,1
47761P950001,DECORATIVE COVER I,SRK 800 RR,39930,4392,44322,MEDIUM,BODY,1
47764PC20000,RIGHT OUTER DECORATIVE COVER,SRV 600 V,22820,2510,25330,MEDIUM,BODY,1
47780P950000,DECORATIVE COVER COMPONENT II,SRK 800 RR,62750,6902,69652,MEDIUM,BODY,1
47800J060000,GRAPHITE WINDING PAD,FORD 250,5710,628,6338,MEDIUM,OTHER,1
47800P950000,GASKET AS-EXHAUST PIPE,SRK 800 RR,11410,1255,12665,FAST,FASTENER,1
47800PC20000,GRAPHITE WOUND GASKET ASSEMBLY,SRV 600 V,5710,628,6338,FAST,FASTENER,1
47830P130000,CLAMP AS-EXHAUST,FORD 250,34230,3765,37995,FAST,ELECTRICAL,1
47841P540000,EXHAUST MANIFOLD I,SRV 250 AMT,136890,15057,151947,SLOW,OTHER,1
47841PC20000,EXHAUST MANIFOLD I,SRV 600 V,290900,31999,322899,SLOW,OTHER,1
47842PC20000,EXHAUST MANIFOLD II,SRV 600 V,342230,37645,379875,SLOW,OTHER,1
47936S010000,GREY NYLON,SRV 250 AMT,5710,628,6338,MEDIUM,OTHER,1
47A00PC2001Z,REAR RIGHT EXHAUST PIPE ASSEMBLY,SRV 600 V,564680,62114,626794,SLOW,OTHER,1
48020P54MM00,COVER AS-TRIM,SRV 250 AMT,193930,21332,215262,MEDIUM,BODY,1
48041P540000,DECORATIVE COVER THERMAL INSULATION TIN FOIL PAPER I,SRV 250 AMT,45630,5019,50649,FAST,BODY,1
48042P540000,DECORATIVE COVER THERMAL INSULATION TIN FOIL PAPER II,SRV 250 AMT,28520,3137,31657,FAST,BODY,1
48044PC20000,DECORATIVE COVER INSULATION TINFOIL PAPER,SRV 600 V,22820,2510,25330,FAST,BODY,1
48100P54019Z,MUFFLER AS-REAR,SRV 250 AMT,1848020,203282,2051302,SLOW,OTHER,1
48200P950001,CYLINDER ASSEMBLY II,SRK 800 RR,1157870,127365,1285235,SLOW,ENGINE,1
48200PC2000Z,CYLINDER ASSEMBLY I,SRV 600 V,2794840,307432,3102272,SLOW,ENGINE,1
48500PC2001Z,LEFT EXHAUST PIPE ASSEMBLY,SRV 600 V,758600,83446,842046,SLOW,OTHER,1
48617PC20000,RUBBER SLEEVE II,SRV 250 AMT,5710,628,6338,MEDIUM,OTHER,1
48760P54MM00,COVER AS-TRIM,SRV 250 AMT,211040,23214,234254,MEDIUM,BODY,1
48764PC20000,LEFT OUTER DECORATIVE COVER,SRV 600 V,17120,1883,19003,MEDIUM,BODY,1
48830P180000,CLAMP AS,SRK 800 RR,34230,3765,37995,FAST,ELECTRICAL,1
48830P180100,CLAMP AS,SRV 600 V,39930,4392,44322,FAST,ELECTRICAL,1
48841P540000,EXHAUST MANIFOLD II,SRV 250 AMT,136890,15057,151947,SLOW,OTHER,1
48841PC20000,EXHAUST MANIFOLD III,SRV 600 V,302300,33253,335553,SLOW,OTHER,1
48842PC20000,EXHAUST MANIFOLD IV,SRV 600 V,290900,31999,322899,SLOW,OTHER,1
48A00PC2001Z,LEFT REAR EXHAUST PIPE ASSEMBLY,SRV 600 V,558970,61486,620456,SLOW,OTHER,1
49011J040000,OIL PLUG,FORD 250,5710,628,6338,FAST,OIL_FLUID,1
49016B350300,PLATE CLAMP ?8.5×8×0.6,FORD 250,5710,628,6338,FAST,ELECTRICAL,1
49016L800000,PLATE CLAMP ?ELEVEN,SRV 250 AMT,5710,628,6338,FAST,ELECTRICAL,1
49016N250200,PLATE CLAMP ?15.5×10×1,SRV 600 V,5710,628,6338,FAST,ELECTRICAL,1
49016T970000,PLATE CLAMP/ ?12×8×0.7,SRK 800 RR,5710,628,6338,FAST,ELECTRICAL,1
49019P950000,LEFT AIR INLET ELBOW,SRK 800 RR,74150,8156,82306,MEDIUM,OTHER,1
49020N590002,EXHAUST GAS RECOVERY PIPE ASSEMBLY,FORD 250,22820,2510,25330,SLOW,BODY,1
49020P950000,AIR FILTER SCREW M5,SRV 600 V,5710,628,6338,FAST,ENGINE,1
49023S010000,RUBBER LINING OF AIR FILTER,SRV 600 V,5710,628,6338,FAST,ENGINE,1
49025P540000,WASTE GAS RECOVERY PIPE,SRV 250 AMT,17120,1883,19003,MEDIUM,BODY,1
49025PC20000,CRANKCASE EXHAUST PIPE,SRV 600 V,17120,1883,19003,SLOW,ENGINE,1
49027P950000,RIGHT INTAKE ELBOW,SRK 800 RR,74150,8156,82306,MEDIUM,OTHER,1
49100N590000,AIR FILTER ASSEMBLY,FORD 250,319410,35135,354545,FAST,ENGINE,1
49100P540004,AIR FILTER ASSEMBLY,SRV 250 AMT,228150,25096,253246,FAST,ENGINE,1
49100P950010,AIR FILTER ASSEMBLY,SRK 800 RR,370750,40782,411532,FAST,ENGINE,1
49100PC20000,AIR FILTER ASSEMBLY,SRV 600 V,319410,35135,354545,FAST,ENGINE,1
49200N510000,FILTER ELEMENT,FORD 250,57040,6274,63314,FAST,ENGINE,1
49200P540000,FILTER ELEMENT ASSEMBLY,SRV 250 AMT,62750,6902,69652,FAST,ENGINE,1
49200P950000,FILTER ELEMENT ASSEMBLY,SRK 800 RR,102670,11293,113963,FAST,ENGINE,1
49200PC20000,FILTER ELEMENT ASSEMBLY,SRV 600 V,85560,9411,94971,FAST,ENGINE,1
49315N590000,"PIPE,AIR",FORD 250,5710,628,6338,MEDIUM,OTHER,1
49350L350000,CLAMP ASSEMBLY 37-58,FORD 250,5710,628,6338,FAST,ELECTRICAL,1
49350T800000,CLAMP ASSEMBLY 32-44,FORD 250,5710,628,6338,FAST,ELECTRICAL,1
49371T620000,SHUTOFF VALVE FLEXIBLE CLAMP,SRV 600 V,5710,628,6338,FAST,ENGINE,1
49371T620001,STOP VALVE CORD CLAMP,SRV 250 AMT,5710,628,6338,FAST,ENGINE,1
49613B720000,SPONGE FOR INTAKE PIPE,FORD 250,5710,628,6338,MEDIUM,OTHER,1
49650S010000,CLAMP 033.1-706R,SRV 600 V,5710,628,6338,FAST,ELECTRICAL,1
49710L790000,CANISTER SOLENOID VALVE,SRK 800 RR,136890,15057,151947,MEDIUM,ENGINE,1
49710N070000,CARBON CANISTER SOLENOID VALVE,SRV 600 V,119780,13175,132955,MEDIUM,ENGINE,1
49760P090000,ELECTRIC CONTROL AIR REPLENISHMENT VALVE,FORD 250,216750,23842,240592,MEDIUM,ENGINE,1
49760P830000,ELECTRIC AIR MAKE-UP VALVE,SRK 800 RR,245270,26979,272249,MEDIUM,ENGINE,1
49804J000400,PLATE CLAMP ? 17.5×10×1,FORD 250,5710,628,6338,FAST,ELECTRICAL,1
49805B570200,HEAT RESISTANT PIPE CLAMP/ ?19.3×10×1,SRK 800 RR,5710,628,6338,FAST,ELECTRICAL,1
49805G120400,PLATE CLAMP ?14.5×12×0.8,FORD 250,5710,628,6338,FAST,ELECTRICAL,1
49806J000400,PLATE CLAMP ?7×7×0.6,FORD 250,5710,628,6338,FAST,ELECTRICAL,1
49808P950000,CONNECTING PIPE BETWEEN ELECTRIC CONTROL AIR MAKE-UP VALVE AND CYLINDER HEAD,SRK 800 RR,11410,1255,12665,SLOW,ENGINE,1
49810N590000,AIR REPLENISHMENT VALVE AND CYLINDER HEAD CONNECTING PIPE ASSEMBLY,FORD 250,28520,3137,31657,SLOW,ENGINE,1
49810P950000,LEFT CONNECTING PIPE ASSEMBLY OF ELECTRIC AIR MAKE-UP VALVE AND AIR FILTER,SRK 800 RR,22820,2510,25330,FAST,ENGINE,1
49840P950000,RIGHT CONNECTING PIPE ASSEMBLY OF ELECTRIC AIR MAKE-UP VALVE AND AIR FILTER,SRK 800 RR,22820,2510,25330,FAST,ENGINE,1
49851N590000,CONNECTION PIPE BETWEEN AIR REPLENISHMENT VALVE AND SMALL AIR FILTER,FORD 250,11410,1255,12665,FAST,ENGINE,1
49854N59000Z,CHECK VALVE AND OIL TANK CONNECTING PIPE ASSEMBLY II,FORD 250,17120,1883,19003,FAST,ENGINE,1
49855J000400,PLATE CLAMP ?16.5×10×1,SRV 600 V,5710,628,6338,FAST,ELECTRICAL,1
49855N590000,CONNECTION PIPE III BETWEEN ONE-WAY VALVE AND OIL TANK,FORD 250,5710,628,6338,FAST,ENGINE,1
49859N590000,SMALL AIR FILTER INTAKE PIPE,FORD 250,5710,628,6338,FAST,ENGINE,1
49870K980000,SMALL AIR FILTER ASSEMBLY,FORD 250,17120,1883,19003,FAST,ENGINE,1
49902N59000Z,CARBON CANISTER AND ONE-WAY VALVE CONNECTING PIPE ASSEMBLY,FORD 250,5710,628,6338,MEDIUM,ENGINE,1
49902P540000,CONNECTING PIPE BETWEEN CARBON CANISTER AND DUMP VALVE,SRV 250 AMT,17120,1883,19003,MEDIUM,ENGINE,1
49902P950000,CONNECTING PIPE BETWEEN DUMP VALVE AND CARBON CANISTER,SRK 800 RR,5710,628,6338,MEDIUM,ENGINE,1
49903N59000Z,CARBON TANK CONNECTS TO THROTTLE TUBE ASSEMBLY,FORD 250,17120,1883,19003,SLOW,BODY,1
49903PC20000,CARBON CANISTER SOLENOID VALVE AND THREE-WAY PIPE CONNECTION PIPE,SRV 600 V,11410,1255,12665,MEDIUM,ENGINE,1
49904PC20000,TEE AND TEE CONNECTION PIPE I,SRV 600 V,5710,628,6338,MEDIUM,OTHER,1
49905N59000Z,COMPONENT I OF ONE-WAY VALVE AND OIL TANK CONNECTING PIPE,FORD 250,22820,2510,25330,FAST,ENGINE,1
49905P540000,CONNECTING PIPE BETWEEN DUMP VALVE AND OIL TANK,SRV 250 AMT,5710,628,6338,FAST,ENGINE,1
49905P950000,CONNECTING PIPE BETWEEN OIL FUEL TANK AND DUMP VALVE,SRK 800 RR,5710,628,6338,FAST,ENGINE,1
49905PC20000,TEE AND TEE CONNECTION PIPE II,SRV 600 V,11410,1255,12665,MEDIUM,OTHER,1
49906P950000,CARBON CANISTER OVERFLOW PIPE,SRK 800 RR,11410,1255,12665,MEDIUM,OTHER,1
49907N590000,THREE-WAY PIPE,FORD 250,11410,1255,12665,MEDIUM,OTHER,1
49908J860200,PLATE CLAMP ?9.5×8×0.6,FORD 250,5710,628,6338,FAST,ELECTRICAL,1
49910J480005,CARBON CANISTER ASSEMBLY,SRV 250 AMT,74150,8156,82306,MEDIUM,OTHER,1
49910V300010,CANISTER ASSEMBLY,FORD 250,68450,7529,75979,MEDIUM,OTHER,1
49912K670000,CARBON CANISTER COMBINATION,SRV 600 V,96970,10666,107636,MEDIUM,OTHER,1
49912K670070,CARBON CANISTER COMBINATION,SRK 800 RR,57040,6274,63314,MEDIUM,OTHER,1
49921P250000,CONNECTING PIPE BETWEEN ONE-WAY VALVE AND CARBON CANISTER,SRV 600 V,5710,628,6338,MEDIUM,ENGINE,1
49922P250000,CARBON CANISTER AND SOLENOID VALVE CONNECTING PIPE,SRV 600 V,5710,628,6338,MEDIUM,ENGINE,1
49922P950000,CONNECTING PIPE BETWEEN CARBON CANISTER AND SOLENOID VALVE,SRK 800 RR,5710,628,6338,MEDIUM,ENGINE,1
49923P950000,CARBON CANISTER SOLENOID VALVE AND THROTTLE VALVE CONNECTING PIPE,SRK 800 RR,5710,628,6338,MEDIUM,ENGINE,1
49923PC20000,CONNECTING PIPE BETWEEN THREE-WAY PIPE AND THROTTLE VALVE BODY ?,SRV 600 V,5710,628,6338,MEDIUM,ENGINE,1
49924P540000,CONNECTING PIPE BETWEEN CARBON CANISTER AND INTAKE PIPE,SRV 250 AMT,22820,2510,25330,MEDIUM,OTHER,1
49930G410000,CHECK VALVE ASSEMBLY,SRV 600 V,22820,2510,25330,MEDIUM,ENGINE,1
49930L750000,BIDIRECTIONAL SAFETY VALVE,FORD 250,57040,6274,63314,MEDIUM,ENGINE,1
50002K020000,SENSOR RUBBER PAD,SRV 250 AMT,22820,2510,25330,MEDIUM,ELECTRICAL,1
50005J000000,CUSHION,SRV 250 AMT,5710,628,6338,MEDIUM,OTHER,1
50005P250000,OIL TANK FRONT MOUNTING PAD,SRV 250 AMT,5710,628,6338,FAST,BODY,1
50006J000001,FUEL TANK PAD,SRV 600 V,11410,1255,12665,SLOW,BODY,1
50007J410000,FUEL TANK INSTALLATION PAD,SRK 800 RR,5710,628,6338,SLOW,BODY,1
50007P600010,FUEL TANK BUFFER RUBBER,SRV 600 V,5710,628,6338,SLOW,BODY,1
50007P950000,FUEL TANK BUFFER RUBBER,SRK 800 RR,5710,628,6338,SLOW,BODY,1
50008B420000,THREE-WAY PIPE,FORD 250,5710,628,6338,MEDIUM,OTHER,1
50008K670000,TWO WAY PIPE,SRV 600 V,5710,628,6338,MEDIUM,OTHER,1
50011N510000,WATERPROOF PAD,FORD 250,28520,3137,31657,MEDIUM,OTHER,1
50012H350000,WATERPROOF PAD CONNECTING PIPE,FORD 250,5710,628,6338,MEDIUM,OTHER,1
50014J900100,RUBBER CUSHION LINING PIPE,SRV 600 V,5710,628,6338,MEDIUM,OTHER,1
50014PDM0000,RUBBER LINER,SRV 250 AMT,11410,1255,12665,MEDIUM,OTHER,1
50015P95BL00,"LEFT FUEL TANK GUARD,BLACK BG",SRK 800 RR,296600,32626,329226,SLOW,BODY,1
50015P95FB00,"LEFT FUEL TANK GUARD,RED FB",SRK 800 RR,296600,32626,329226,SLOW,BODY,1
50015P95RG00,"LEFT FUEL TANK GUARD,RED 2 # RG",SRK 800 RR,296600,32626,329226,SLOW,BODY,1
50015P95X900,"LEFT FUEL TANK GUARD,WHITE X9",SRK 800 RR,245270,26979,272249,SLOW,BODY,1
50015PC2VM01,LEFT FUEL TANK TRIM PANEL,SRV 600 V,165410,18195,183605,SLOW,BODY,1
50016P95BL00,"RIGHT FUEL TANK GUARD,BLACK BL",SRK 800 RR,296600,32626,329226,SLOW,BODY,1
50016P95FB00,"RIGHT FUEL TANK GUARD,RED FB",SRK 800 RR,296600,32626,329226,SLOW,BODY,1
50016P95RG00,"RIGHT FUEL TANK GUARD,RED 2 # RG",SRK 800 RR,296600,32626,329226,SLOW,BODY,1
50016P95X900,"RIGHT FUEL TANK GUARD,WHITE X9",SRK 800 RR,245270,26979,272249,SLOW,BODY,1
50016PC2VM01,FUEL TANK RIGHT TRIM PANEL,SRV 600 V,159710,17568,177278,SLOW,BODY,1
50018L420000,FUEL TANK RUBBER SLEEVE,SRV 600 V,5710,628,6338,SLOW,BODY,1
50020P950000,FUEL TANK FRONT MOUNTING PLATE,SRK 800 RR,22820,2510,25330,SLOW,BODY,1
50023N510000,OIL TANK COVER SPONGE PAD,FORD 250,5710,628,6338,FAST,BODY,1
50026N510000,FUEL TANK CAP LEFT SPRING,FORD 250,5710,628,6338,SLOW,BODY,1
50026P950000,OIL FUEL TANK REAR MOUNTING SHAFT,SRK 800 RR,17120,1883,19003,FAST,BODY,1
50026PCD0000,OIL FUEL TANK INSULATION SPONGE,SRK 800 RR,290900,31999,322899,FAST,BODY,1
50026TA70000,OIL PUMP PRESSING PLATE,FORD 250,11410,1255,12665,FAST,ENGINE,1
50027N510000,FUEL TANK CAP RIGHT SPRING,FORD 250,5710,628,6338,SLOW,BODY,1
50027P540001,TANK MOUNTING PLATE,SRV 250 AMT,22820,2510,25330,SLOW,BODY,1
50028N510000,FUEL TANK COVER SHEATH,FORD 250,17120,1883,19003,SLOW,BODY,1
50028P950000,FUEL TANK INSTALLATION PAD,SRK 800 RR,11410,1255,12665,SLOW,BODY,1
50029PC20000,FUEL TANK INSULATION TINFOIL PAPER,SRV 600 V,68450,7529,75979,FAST,BODY,1
50030P950000,FUEL TANK RUBBER LEFT MOUNTING BASE,SRK 800 RR,17120,1883,19003,SLOW,BODY,1
50040P950000,FUEL TANK RUBBER RIGHT MOUNTING BASE,SRK 800 RR,17120,1883,19003,SLOW,BODY,1
50070N590000,HIGH PRESSURE OIL PIPE ASSEMBLY I,FORD 250,165410,18195,183605,FAST,OIL_FLUID,1
50070P540000,HIGH PRESSURE OIL PIPE ASSEMBLY,SRV 250 AMT,125490,13803,139293,FAST,OIL_FLUID,1
50070P950000,TUBING ASSEMBLY,SRK 800 RR,114080,12548,126628,MEDIUM,OTHER,1
50070PC20000,HIGH PRESSURE OIL PIPE ASSEMBLY,SRV 600 V,114080,12548,126628,FAST,OIL_FLUID,1
50100N590000,TANK BODY ASSEMBLY,FORD 250,347930,38272,386202,SLOW,BODY,1
50100P54069Z,"TANK WELDING ASSEMBLY,BLACK BG,WITH STICKER",SRV 250 AMT,1973500,217085,2190585,SLOW,BODY,1
50100P54070Z,"TANK WELDING ASSEMBLY,SILVERY S6,WITH STICKER",SRV 250 AMT,1973500,217085,2190585,SLOW,BODY,1
50100P54071Z,"TANK WELDING ASSEMBLY,WHITE X9,WITH STICKER",SRV 250 AMT,1973500,217085,2190585,SLOW,BODY,1
50100P95024Z,"FUEL TANK ASSEMBLY, RED 2 # RG,WITH STICKER",SRK 800 RR,2047650,225241,2272891,SLOW,BODY,1
50100P95025Z,"FUEL TANK ASSEMBLY, BLACK BL STICKERS,WITH STICKER",SRK 800 RR,2047650,225241,2272891,SLOW,BODY,1
50100P95026Z,"FUEL TANK ASSEMBLY, WHITE X9 STICKERS,WITH STICKER",SRK 800 RR,2047650,225241,2272891,SLOW,BODY,1
50100P95027Z,"FUEL TANK COMPONENTS, RED FB STICKERS,WITH STICKER",SRK 800 RR,2047650,225241,2272891,SLOW,BODY,1
50100PC2001Z,"TANK ASSEMBLY,BLACK BL,WITH STICKER",SRV 600 V,2926030,321863,3247893,SLOW,BODY,1
50100PC2006Z,"TANK ASSEMBLY,SILVERY S6,WITH STICKER",SRV 600 V,2583800,284218,2868018,SLOW,BODY,1
50100PC2007Z,"TANK ASSEMBLY,BLACK NJ,WITH STICKER",SRV 600 V,2583800,284218,2868018,SLOW,BODY,1
50138K980000,FRONT MOUNTING SEAT OF SEAT CUSHION,SRV 600 V,5710,628,6338,MEDIUM,BODY,1
50170PC20000,OIL TANK REAR MOUNTING PLATE ASSEMBLY,SRV 600 V,22820,2510,25330,FAST,BODY,1
50200N510000,CAP AS-FUEL TANK,FORD 250,57040,6274,63314,SLOW,BODY,1
50213N510000,LEFT ROCKER ARM OF FUEL TANK COVER,FORD 250,11410,1255,12665,SLOW,BODY,1
50214N510000,RIGHT ROCKER ARM OF FUEL TANK COVER,FORD 250,11410,1255,12665,SLOW,BODY,1
50215N510000,ROCKER ARM PRESSING PLATE OF OIL TANK COVER,FORD 250,5710,628,6338,FAST,BODY,1
50221J000101,SUPPORT SLEEVE,SRV 600 V,5710,628,6338,MEDIUM,OTHER,1
50222J000001,RUBBER SLEEVE,SRV 600 V,5710,628,6338,MEDIUM,OTHER,1
50230N510000,LOCK AS-TANK CAP,FORD 250,74150,8156,82306,SLOW,BODY,1
50235N510000,FUEL TANK CAP LATCH,FORD 250,11410,1255,12665,SLOW,BODY,1
50240N510000,OILER ASSEMBLY,FORD 250,108380,11921,120301,FAST,OIL_FLUID,1
50260T730000,DUMP VALVE,FORD 250,22820,2510,25330,MEDIUM,ENGINE,1
50260T730003,VALVE AS-DUMP,SRV 250 AMT,22820,2510,25330,MEDIUM,ENGINE,1
50302N510000,CONNECTING PIPE BETWEEN OIL TANK AND FILLER,FORD 250,22820,2510,25330,FAST,BODY,1
50306J690000,CLAMP 13.3-706R,SRV 600 V,5710,628,6338,FAST,ELECTRICAL,1
50306T450300,PLATE CLAMP ?8,FORD 250,5710,628,6338,FAST,ELECTRICAL,1
50307J140300,PLATE CLAMP,SRV 250 AMT,5710,628,6338,FAST,ELECTRICAL,1
50307J140302,PLATE CLAMP ?10,FORD 250,5710,628,6338,FAST,ELECTRICAL,1
50400N510000,FUEL PUMP,FORD 250,627420,69016,696436,MEDIUM,OTHER,1
50400P540000,FUEL PUMP,SRV 250 AMT,581790,63996,645786,MEDIUM,OTHER,1
50400P950000,FUEL PUMP,SRK 800 RR,616010,67761,683771,MEDIUM,OTHER,1
50400PC20000,OIL PUMP ASSEMBLY,SRV 600 V,536160,58977,595137,FAST,ENGINE,1
50411P790000,FUEL PUMP PRESSURE PLATE,SRK 800 RR,17120,1883,19003,MEDIUM,OTHER,1
50800P540001,OIL LEVEL SENSOR,SRV 250 AMT,119780,13175,132955,FAST,ELECTRICAL,1
50800PC20000,OIL LEVEL SENSOR,SRV 600 V,114080,12548,126628,FAST,ELECTRICAL,1
50920S070000,SENSOR CABLE LATCHES,FORD 250,5710,628,6338,FAST,ELECTRICAL,1
51004N510000,HELMET BARREL,FORD 250,250970,27606,278576,MEDIUM,OTHER,1
51009N510000,HELMET BARREL TAIL COVER,FORD 250,5710,628,6338,MEDIUM,BODY,1
51018N510000,HELMET BARREL PARTITION,FORD 250,11410,1255,12665,MEDIUM,OTHER,1
51029N510000,HELMET BARREL INSULATION TIN FOIL,FORD 250,74150,8156,82306,FAST,OIL_FLUID,1
51071N510000,GAS SPRING MOUNTING PLATE I,FORD 250,5710,628,6338,MEDIUM,OTHER,1
51072N510000,GAS SPRING MOUNTING PLATE II,FORD 250,5710,628,6338,MEDIUM,OTHER,1
51100N470000,SEAT CUSHION ASSEMBLY,SRV 250 AMT,330820,36390,367210,MEDIUM,BODY,1
51100N510000,SEAT CUSHION ASSEMBLY,FORD 250,998160,109797,1107957,MEDIUM,BODY,1
51100P950000,FRONT SEAT CUSHION ASSEMBLY,SRK 800 RR,330820,36390,367210,MEDIUM,BODY,1
51100PC20000,FRONT SEAT CUSHION ASSEMBLY,SRV 600 V,393560,43291,436851,MEDIUM,BODY,1
51103V030000,CUSHION CUSHION RUBBER RING,SRV 250 AMT,5710,628,6338,MEDIUM,OTHER,1
51104P950000,CUSHION CUSHION RUBBER II,SRK 800 RR,5710,628,6338,MEDIUM,OTHER,1
51200N470000,SEAT CUSHION LOWER TRIM COVER,SRV 250 AMT,205340,22587,227927,MEDIUM,BODY,1
51200P950000,REAR SEAT CUSHION ASSEMBLY,SRK 800 RR,330820,36390,367210,MEDIUM,BODY,1
51200PC20000,REAR SEAT CUSHION,SRV 600 V,273780,30115,303895,MEDIUM,BODY,1
51700N510000,CUSHION GAS SPRING ASSEMBLY,FORD 250,131190,14430,145620,MEDIUM,OTHER,1
52002N51BG00,"REAR ARMRESTMATTE,BLACK (BG)",FORD 250,718680,79054,797734,MEDIUM,OTHER,1
53001P060001,REAR SWING ARM MOUNTING SHAFT,SRV 250 AMT,142600,15686,158286,SLOW,SUSPENSION,1
53001P160001,REAR SWING ARM SHAFT,SRK 800 RR,165410,18195,183605,SLOW,SUSPENSION,1
53001P540000,REAR SWING ARM SHAFT,SRV 250 AMT,57040,6274,63314,SLOW,SUSPENSION,1
53004P950000,CHAIN GUARD BLOCK,SRK 800 RR,74150,8156,82306,FAST,BODY,1
53005N220000,REAR SWING ARM SLEEVE,SRV 250 AMT,22820,2510,25330,SLOW,SUSPENSION,1
53006P370000,SWING ARM OUTER SLEEVE,SRV 600 V,17120,1883,19003,SLOW,SUSPENSION,1
53006P810000,REAR SWING ARM LEFT BUSHING,SRV 600 V,28520,3137,31657,SLOW,SUSPENSION,1
53006P950000,OUTER BUSHING OF REAR SWING ARM,SRK 800 RR,11410,1255,12665,SLOW,SUSPENSION,1
53007P370000,MIDDLE BUSHING OF RIGHT SWING ARM,SRV 600 V,28520,3137,31657,SLOW,SUSPENSION,1
53007P810000,REAR SWING ARM RIGHT INNER BUSHING,SRV 600 V,34230,3765,37995,SLOW,SUSPENSION,1
53010P950000,INTERMEDIATE SPACER ASSEMBLY OF REAR SWING ARM,SRK 800 RR,51340,5647,56987,SLOW,SUSPENSION,1
53016P950000,CHAIN GUARD BLOCK MOUNTING GASKET,SRK 800 RR,5710,628,6338,FAST,BODY,1
53017P410000,REAR SWING ARM PLUG,SRK 800 RR,5710,628,6338,FAST,SUSPENSION,1
53021P250000,SUPPORT SLEEVE,SRV 250 AMT,22820,2510,25330,MEDIUM,OTHER,1
53100P54001Z,REAR SWING ARM ASSEMBLY,SRV 250 AMT,1112240,122346,1234586,SLOW,SUSPENSION,1
53100P95000Z,REAR SWING ARM ASSEMBLY,SRK 800 RR,4665670,513223,5178893,SLOW,SUSPENSION,1
53100PC2000Z,REAR SWING ARM ASSEMBLY,SRV 600 V,1351790,148696,1500486,SLOW,SUSPENSION,1
53101P950000,REAR SWING ARM,SRK 800 RR,4095300,450483,4545783,SLOW,SUSPENSION,1
53151P950000,CHAIN COVER MOUNTING PLATE,SRK 800 RR,5710,628,6338,FAST,BODY,1
53186S010010,RUBBER SLEEVE,FORD 250,5710,628,6338,MEDIUM,OTHER,1
53210J060000,BEARING OIL SEAL,SRV 250 AMT,5710,628,6338,FAST,SUSPENSION,1
53220J690000,DUST RING ASSEMBLY,SRV 250 AMT,5710,628,6338,MEDIUM,OTHER,1
53220P100000,LIP SEAL ASSEMBLY 25×37×7,SRK 800 RR,5710,628,6338,FAST,FASTENER,1
53220P370000,REAR SWING ARM OIL SEAL ASSEMBLY,SRV 600 V,5710,628,6338,FAST,SUSPENSION,1
53220S010000,REAR SWING ARM SEAL RING,FORD 250,11410,1255,12665,FAST,SUSPENSION,1
53230P540000,CHAIN REGULATOR ASSEMBLY,SRV 250 AMT,34230,3765,37995,FAST,DRIVE,1
53231P360000,CHAIN ADJUSTMENT BLOCK,SRV 600 V,96970,10666,107636,FAST,DRIVE,1
53234K980000,CHAIN REGULATOR PRESSING PLATE,SRV 250 AMT,17120,1883,19003,FAST,DRIVE,1
54004P060001,REAR WHEEL AXLE,SRV 600 V,165410,18195,183605,MEDIUM,OTHER,1
54004P250010,REAR AXLE,SRK 800 RR,673050,74035,747085,MEDIUM,OTHER,1
54005P060000,REAR WHEEL LINER,SRV 600 V,28520,3137,31657,MEDIUM,OTHER,1
54005P100100,REAR WHEEL RIGHT BUSHING,SRV 250 AMT,11410,1255,12665,MEDIUM,SUSPENSION,1
54005P250003,REAR RIGHT SPACER SLEEVE,SRK 800 RR,28520,3137,31657,MEDIUM,OTHER,1
54005P290000,REAR RIGHT AXLE SLEEVE,SRK 800 RR,34230,3765,37995,MEDIUM,OTHER,1
54005P290001,REAR WHEEL SPACER SLEEVE,SRK 800 RR,57040,6274,63314,MEDIUM,OTHER,1
54006P160000,REAR WHEEL INTERMEDIATE SHAFT SLEEVE,SRV 600 V,28520,3137,31657,SLOW,OTHER,1
54006P540000,REAR WHEEL MIDDLE SPACER SLEEVE,SRV 250 AMT,17120,1883,19003,MEDIUM,OTHER,1
54006S010010,BEARING BUSHING,SRV 600 V,5710,628,6338,FAST,SUSPENSION,1
54016N510000,MUFFLER HANGING PLATE LEFT SHAFT SLEEVE,FORD 250,57040,6274,63314,SLOW,OTHER,1
54016P540001,REAR WHEEL LEFT AXLE SLEEVE,SRV 250 AMT,39930,4392,44322,MEDIUM,OTHER,1
54016PC20000,REAR LEFT AXLE SLEEVE,SRV 600 V,28520,3137,31657,MEDIUM,OTHER,1
54018J04000A,SHIM,SRV 250 AMT,5710,628,6338,MEDIUM,OTHER,1
54018P950000,COPPER PAD ?44×?34×0.2,SRK 800 RR,5710,628,6338,MEDIUM,OTHER,1
54019P300010,SELF-LOCKING NUT M24×1.5,SRK 800 RR,22820,2510,25330,FAST,FASTENER,1
54024P160001,REAR WHEEL BUFFER,SRV 250 AMT,17120,1883,19003,MEDIUM,OTHER,1
54024PC20000,REAR WHEEL BUFFER BLOCK,SRV 600 V,11410,1255,12665,MEDIUM,OTHER,1
54035T020000,STOP BLOCK,SRV 250 AMT,5710,628,6338,MEDIUM,OTHER,1
54100N510000,REAR WHEEL RIM ASSEMBLY,FORD 250,1060900,116699,1177599,SLOW,OTHER,1
54100P54001Z,RIM AS-REAR WHEEL,SRV 250 AMT,1283350,141168,1424518,MEDIUM,OTHER,1
54100PAK001Z,REAR WHEEL RIM ASSEMBLY,SRK 800 RR,1876540,206419,2082959,SLOW,OTHER,1
54100PC2000Z,REAR WHEEL RIM ASSEMBLY,SRV 600 V,1733940,190733,1924673,SLOW,OTHER,1
54300P160000,OIL SEAL,SRV 250 AMT,17120,1883,19003,FAST,OIL_FLUID,1
54551S010000,REAR WHEEL MIDDLE SPACER SLEEVE,SRK 800 RR,51340,5647,56987,MEDIUM,OTHER,1
54553S010000,BEARING 30×62×23.8,SRK 800 RR,125490,13803,139293,FAST,SUSPENSION,1
54605N510000,MUFFLER HANGING PLATE RIGHT SHAFT SLEEVE,FORD 250,22820,2510,25330,SLOW,OTHER,1
54622S010000,REAR WHEEL BUFFER SLEEVE,SRK 800 RR,17120,1883,19003,MEDIUM,OTHER,1
54630N510000,HANGING PLATE BUFFER BUSHING,FORD 250,45630,5019,50649,MEDIUM,SUSPENSION,1
54990PC20000,VACUUM TIRE 180/65-16,SRV 600 V,2372760,261003,2633763,MEDIUM,OTHER,1
55014P100000,GUIDE PILLAR 1,SRV 250 AMT,17120,1883,19003,MEDIUM,OTHER,1
55016P100000,GUIDE PILLAR DUST COVER,SRV 250 AMT,5710,628,6338,MEDIUM,BODY,1
55019P300100,VENT NOZZLE,SRV 600 V,5710,628,6338,MEDIUM,OTHER,1
55020L810000,LEFT HANDLE ASSEMBLY,SRV 250 AMT,142600,15686,158286,MEDIUM,OTHER,1
55020N510002,LEFT HANDLE,FORD 250,193930,21332,215262,MEDIUM,OTHER,1
55030P090001,DISC AS-REAR BRAKE,SRV 250 AMT,433490,47683,481173,FAST,BRAKE,1
55030P160000,REAR BRAKE DISC ASSEMBLY,SRK 800 RR,467710,51448,519158,FAST,BRAKE,1
55030P530000,REAR BRAKE DISC ASSEMBLY,SRV 600 V,393560,43291,436851,FAST,BRAKE,1
55032P100000,COMBINING BOLTS,SRV 250 AMT,5710,628,6338,FAST,FASTENER,1
55033N510000,REAR BRAKE DISC,FORD 250,336530,37018,373548,FAST,BRAKE,1
55035N510000,FRONT HYDRAULIC BRAKE PIPELINE CLAMP,FORD 250,5710,628,6338,FAST,BRAKE,1
55037P250100,ABS OIL PIPE BOLT M10×ONE×THIRTY,FORD 250,5710,628,6338,FAST,OIL_FLUID,1
55037P300100,OIL PIPE INSTALLATION BOLTS,SRK 800 RR,5710,628,6338,FAST,OIL_FLUID,1
55040P950000,REAR HYDRAULIC BRAKE CLAMP ASSEMBLY,SRK 800 RR,11410,1255,12665,FAST,BRAKE,1
55053P100000,GUIDE PILLAR 2,SRV 250 AMT,17120,1883,19003,MEDIUM,OTHER,1
55061M210000,FOOT PUMP PLUNGER SCREW,SRK 800 RR,5710,628,6338,FAST,FASTENER,1
55065E070000,TUBING,SRV 250 AMT,262380,28861,291241,MEDIUM,OTHER,1
55065J000000,THE TUBING 3.5×7.5,SRV 250 AMT,228150,25096,253246,MEDIUM,OTHER,1
55065J000001,OIL PIPE 4.5×8.5,FORD 250,262380,28861,291241,FAST,OIL_FLUID,1
55065J000004,INLET PRESSURE SENSOR HOSE,SRV 600 V,233860,25724,259584,MEDIUM,ELECTRICAL,1
55110N510001,THE FRICTION PLATE (REAR),FORD 250,233860,25724,259584,FAST,OTHER,1
55110P380001,BRAKE SHOE ASSEMBLY,SRV 600 V,553270,60859,614129,FAST,BRAKE,1
55120L790020,REAR BRAKE SHOE ASSEMBLY,SRV 250 AMT,165410,18195,183605,FAST,BRAKE,1
55120P360000,REAR FRICTION PLATE,SRK 800 RR,1157870,127365,1285235,FAST,OTHER,1
55140P260000,REAR OIL CUP ASSEMBLY,SRV 600 V,22820,2510,25330,FAST,OIL_FLUID,1
55140P950000,OIL CUP INSTALLATION PLATE ASSEMBLY,SRK 800 RR,11410,1255,12665,FAST,OIL_FLUID,1
55240N510001,REAR BRAKE OIL PIPE ASSEMBLY,FORD 250,165410,18195,183605,FAST,BRAKE,1
55240P950000,REAR HYDRAULIC BRAKE OIL PIPE ASSEMBLY I,SRK 800 RR,159710,17568,177278,FAST,BRAKE,1
55240PC20000,REAR HYDRAULIC BRAKE OIL PIPE ASSEMBLY I,SRV 600 V,228150,25096,253246,FAST,BRAKE,1
55240PDM0000,REAR HYDRAULIC BRAKE INLET PIPE ASSEMBLY,SRV 250 AMT,245270,26979,272249,FAST,BRAKE,1
55270N510000,REAR BRAKE OIL PIPE,FORD 250,456300,50193,506493,FAST,BRAKE,1
55270P540001,REAR HYDRAULIC BRAKE OIL PIPE ASSEMBLY II,SRV 250 AMT,313710,34508,348218,FAST,BRAKE,1
55270P950000,REAR HYDRAULIC BRAKE OIL PIPE ASSEMBLY II,SRK 800 RR,239560,26351,265911,FAST,BRAKE,1
55270PC20000,REAR HYDRAULIC BRAKE OIL PIPE ASSEMBLY II,SRV 600 V,250970,27606,278576,FAST,BRAKE,1
55300L810000,REAR HYDRAULIC BRAKE SWITCH ASSEMBLY,SRV 250 AMT,39930,4392,44322,FAST,BRAKE,1
55300N510002,BRAKE SWITCH,FORD 250,11410,1255,12665,FAST,BRAKE,1
55300P180000,REAR BRAKE PRESSURE SWITCH,SRV 600 V,131190,14430,145620,FAST,BRAKE,1
55300P410000,REAR BRAKE PRESSURE SWITCH,SRK 800 RR,79860,8784,88644,FAST,BRAKE,1
55400L810010,REAR OIL PUMP BODY ASSEMBLY,SRV 250 AMT,359340,39527,398867,FAST,ENGINE,1
55400N510004,REAR HYDRAULIC BRAKE UPPER PUMP ASSEMBLY,FORD 250,541860,59604,601464,FAST,BRAKE,1
55400P950000,BODY AS-REAR OIL PUMP,SRK 800 RR,1015270,111679,1126949,FAST,ENGINE,1
55400PC20000,REAR OIL PUMP BODY ASSEMBLY,SRV 600 V,279490,30743,310233,FAST,ENGINE,1
55401P540000,REAR HYDRAULIC BRAKE HANGING PLATE,SRV 250 AMT,342230,37645,379875,FAST,BRAKE,1
55401P950000,REAR BRAKE CALIPER SUPPORT PLATE,SRK 800 RR,245270,26979,272249,FAST,BRAKE,1
55401PC20000,REAR HYDRAULIC BRAKE HANGING PLATE,SRV 600 V,193930,21332,215262,FAST,BRAKE,1
55421PC20000,REAR HYDRAULIC BRAKE PUMP PROTECTIVE PLATE,SRV 600 V,39930,4392,44322,FAST,BRAKE,1
55500N510001,REAR BRAKE CYLINDER ASSEMBLY,FORD 250,901200,99132,1000332,FAST,ENGINE,1
55500P100050,REAR BRAKE CYLINDER ASSEMBLY,SRV 250 AMT,644530,70898,715428,FAST,ENGINE,1
55500P360400,REAR BRAKE CYLINDER ASSEMBLY,SRK 800 RR,2258690,248455,2507145,FAST,ENGINE,1
55500P38BG01,REAR BRAKE CYLINDER ASSEMBLY,SRV 600 V,986750,108542,1095292,FAST,ENGINE,1
55702N510000,REAR WHEEL SPEED RING GEAR,FORD 250,51340,5647,56987,MEDIUM,DRIVE,1
55710P100000,REAR WHEEL SPEED SENSOR,FORD 250,142600,15686,158286,MEDIUM,ELECTRICAL,1
57001L350000,FRAME PLATE,FORD 250,5710,628,6338,SLOW,OTHER,1
57003J000070,SINGLE SPRING,SRV 250 AMT,11410,1255,12665,MEDIUM,OTHER,1
57003P160000,SINGLE SUPPORT OUTER SPRING/STEEL WIRE ? 2.5,SRV 600 V,5710,628,6338,MEDIUM,OTHER,1
57004P160000,SINGLE STRUT INNER SPRING,SRV 600 V,5710,628,6338,MEDIUM,OTHER,1
57005N510000,SINGLE SUPPORT MOUNTING BOLT,FORD 250,11410,1255,12665,FAST,FASTENER,1
57005P540000,SINGLE SUPPORT BOLT,SRV 250 AMT,22820,2510,25330,FAST,FASTENER,1
57005TA70001,SINGLE SUPPORT FIXING BOLT,SRV 600 V,11410,1255,12665,FAST,FASTENER,1
57007PC20000,LEFT FRONT ENGINE HANGING PLATE,SRV 600 V,45630,5019,50649,SLOW,ENGINE,1
57008P950000,LEFT ENGINE MOUNTING BRACKET,SRK 800 RR,57040,6274,63314,SLOW,ENGINE,1
57008PC20000,RIGHT FRONT ENGINE HANGING PLATE,SRV 600 V,45630,5019,50649,SLOW,ENGINE,1
57009P950000,RIGHT ENGINE MOUNTING BRACKET,SRK 800 RR,57040,6274,63314,SLOW,ENGINE,1
57010N510000,SINGLE SUPPORT SPRING,FORD 250,17120,1883,19003,MEDIUM,OTHER,1
57012P520000,THROTTLE WIRE CLAMP,SRV 600 V,5710,628,6338,FAST,ELECTRICAL,1
57012P930000,STAINLESS STEEL CLAMP,SRK 800 RR,11410,1255,12665,FAST,ELECTRICAL,1
57012P950000,CLIP ?,SRK 800 RR,5710,628,6338,MEDIUM,FASTENER,1
57013P520000,CLUTCH WIRE CLAMP,SRV 600 V,5710,628,6338,FAST,ENGINE,1
57014P540000,WIRE CLAMP,SRV 250 AMT,5710,628,6338,FAST,ELECTRICAL,1
57015N510000,FRAME PIPE PLUG,FORD 250,11410,1255,12665,FAST,OTHER,1
57015P520000,RUBBER PLUG FOR THREADED HOLE OF FRONT FOOT PEDAL BRACKET,SRV 600 V,5710,628,6338,FAST,OTHER,1
57015P540000,FRAME PLUG,SRV 250 AMT,11410,1255,12665,FAST,OTHER,1
57017PC20000,LEFT REAR HANGING PLATE OF THE ENGINE,SRV 600 V,108380,11921,120301,SLOW,ENGINE,1
57018PC20000,RIGHT REAR HANGING PLATE OF THE ENGINE,SRV 600 V,131190,14430,145620,SLOW,ENGINE,1
57022N510000,SINGLE SUPPORT BUFFER RUBBER,FORD 250,11410,1255,12665,MEDIUM,OTHER,1
57025P950000,FRONT LEFT ENGINE MOUNTING BUSH,SRK 800 RR,11410,1255,12665,SLOW,ENGINE,1
57026P950000,RIGHT ENGINE MOUNTING BUSH,SRK 800 RR,11410,1255,12665,SLOW,ENGINE,1
57039P950000,INSTALLATION RUBBER OF TRAVEL RECORDER,SRK 800 RR,17120,1883,19003,MEDIUM,OTHER,1
57040PC20000,ABS BRACKET WELDING COMPONENT,SRV 600 V,39930,4392,44322,MEDIUM,OTHER,1
57041V030001,OIL CUP ANTI DISASSEMBLY COVER,SRV 600 V,5710,628,6338,FAST,BODY,1
57042P410000,ABS INSPECTION SOCKET INSTALLATION RUBBER,SRV 250 AMT,11410,1255,12665,MEDIUM,OTHER,1
57051PC20000,CARBON CANISTER MOUNTING PLATE,SRV 600 V,11410,1255,12665,MEDIUM,OTHER,1
57054P540000,CARBON CANISTER MOUNTING PLATE,SRV 250 AMT,11410,1255,12665,MEDIUM,OTHER,1
57054P950000,CARBON CANISTER BRACKET,SRK 800 RR,11410,1255,12665,MEDIUM,OTHER,1
57059P950000,REAR HYDRAULIC BRAKE PIPE MOUNTING PLATE,SRK 800 RR,5710,628,6338,FAST,BRAKE,1
57060P540000,FRONT CUSHION BUSH ASSEMBLY OF ENGINE,SRV 250 AMT,45630,5019,50649,SLOW,ENGINE,1
57060P950000,CARBON TANK BRACKET MOUNTING SEAT,SRK 800 RR,17120,1883,19003,SLOW,BODY,1
57070PC20000,LEFT ENGINE TRIM PANEL MOUNTING PLATE ASSEMBLY,SRV 600 V,28520,3137,31657,SLOW,ENGINE,1
57080PC20000,RIGHT ENGINE TRIM PANEL MOUNTING PLATE ASSEMBLY,SRV 600 V,28520,3137,31657,SLOW,ENGINE,1
57081PC20000,STARTING RELAY INSTALLATION BOARD,SRV 600 V,11410,1255,12665,MEDIUM,ELECTRICAL,1
57088P250000,FUSE BOX MOUNTING PLATE,SRK 800 RR,5710,628,6338,MEDIUM,OTHER,1
57090PC20000,ENGINE RIGHT DECORATIVE PANEL MOUNTING PLATE COMPONENT I,SRV 600 V,17120,1883,19003,SLOW,ENGINE,1
57100N590000,FRAME WELDING ASSEMBLY,FORD 250,4260710,468678,4729388,SLOW,OTHER,1
57100P54BH01,FRAME WELDING ASSEMBLY,SRV 250 AMT,3496400,384604,3881004,SLOW,OTHER,1
57100P950001,FRAME WELDING ASSEMBLY,SRK 800 RR,4015440,441698,4457138,SLOW,OTHER,1
57100PC20000,FRAME WELDING COMPONENTS,SRV 600 V,3524920,387741,3912661,SLOW,OTHER,1
57211P540000,FRONT RIGHT ENGINE MOUNTING PLATE,SRV 250 AMT,11410,1255,12665,SLOW,ENGINE,1
57220P540000,ENGINE REAR MOUNT,SRV 250 AMT,39930,4392,44322,SLOW,ENGINE,1
57340P950000,CENTER CONTROL MOUNTING SEAT,SRK 800 RR,17120,1883,19003,MEDIUM,BODY,1
57361PC20000,SMALL RELAY MOUNTING PLATE,SRV 600 V,17120,1883,19003,MEDIUM,ELECTRICAL,1
57401P540000,RELAY MOUNTING PLATE,SRV 250 AMT,5710,628,6338,MEDIUM,ELECTRICAL,1
57460PC20000,ECU MOUNTING PLATE ASSEMBLY,SRV 600 V,22820,2510,25330,MEDIUM,ELECTRICAL,1
57550P950000,LEFT MOUNTING BASE OF HIGH-PRESSURE PACKAGE,SRK 800 RR,34230,3765,37995,MEDIUM,OTHER,1
57550PBD0000,HIGH VOLTAGE PACKAGE INSTALLATION SEAT,SRV 250 AMT,45630,5019,50649,MEDIUM,BODY,1
57590PC20000,RECTIFIER MOUNTING PLATE ASSEMBLY,SRV 600 V,17120,1883,19003,MEDIUM,OTHER,1
57820P950000,RIGHT MOUNTING BASE OF HIGH-PRESSURE DRUM,SRK 800 RR,34230,3765,37995,MEDIUM,OTHER,1
57910P540000,AIR FILTER MOUNTING BASE,SRV 250 AMT,11410,1255,12665,FAST,ENGINE,1
58080N470000,MUFFLER MOUNT,SRV 250 AMT,85560,9411,94971,SLOW,OTHER,1
58080PC20000,SILENCER MOUNTING SEAT,SRV 600 V,96970,10666,107636,MEDIUM,BODY,1
58217P100000,FOOT PEDAL INSTALLATION PIN,SRV 250 AMT,5710,628,6338,MEDIUM,OTHER,1
58220P95000Z,LEFT FRONT PEDAL COMBINATION,SRK 800 RR,308010,33881,341891,MEDIUM,OTHER,1
58220PC2000Z,LEFT FRONT PEDAL COMBINATION,SRV 600 V,91260,10038,101298,MEDIUM,OTHER,1
58220PDM0000,LEFT FRONT FOOT PEDAL ASSEMBLY,SRV 250 AMT,598900,65879,664779,MEDIUM,OTHER,1
58226PC20000,LEFT FRONT PEDAL BRACKET,SRV 600 V,165410,18195,183605,MEDIUM,OTHER,1
58240P95000Z,RIGHT FRONT PEDAL COMBINATION,SRK 800 RR,250970,27606,278576,MEDIUM,OTHER,1
58240PC2000Z,RIGHT FRONT PEDAL COMBINATION,SRV 600 V,91260,10038,101298,MEDIUM,OTHER,1
58240PDM0000,RIGHT FRONT FOOT PEDAL ASSEMBLY,SRV 250 AMT,598900,65879,664779,MEDIUM,OTHER,1
58246PC20000,RIGHT FRONT PEDAL BRACKET,SRV 600 V,165410,18195,183605,MEDIUM,OTHER,1
58260N510000,LEFT REAR PEDAL ASSEMBLY,FORD 250,102670,11293,113963,MEDIUM,OTHER,1
58260P26001Z,LEFT REAR PEDAL COMBINATION,SRV 250 AMT,57040,6274,63314,MEDIUM,OTHER,1
58260P95000Z,LEFT REAR PEDAL COMBINATION,SRK 800 RR,216750,23842,240592,MEDIUM,OTHER,1
58260PC2000Z,LEFT REAR FOOT PEDAL COMBINATION,SRV 600 V,91260,10038,101298,MEDIUM,OTHER,1
58266P540000,LEFT REAR FOOT PEDAL BRACKET,SRV 250 AMT,410670,45173,455843,MEDIUM,OTHER,1
58266PC20000,LEFT REAR PEDAL BRACKET,SRV 600 V,216750,23842,240592,MEDIUM,OTHER,1
58280N510000,RIGHT REAR PEDAL ASSEMBLY,FORD 250,102670,11293,113963,MEDIUM,OTHER,1
58280P26001Z,RIGHT REAR PEDAL COMBINATION,SRV 250 AMT,57040,6274,63314,MEDIUM,OTHER,1
58280P95000Z,RIGHT REAR PEDAL COMBINATION,SRK 800 RR,228150,25096,253246,MEDIUM,OTHER,1
58280PC2000Z,RIGHT REAR FOOT PEDAL COMBINATION,SRV 600 V,91260,10038,101298,MEDIUM,OTHER,1
58286P540000,RIGHT REAR FOOT PEDAL BRACKET,SRV 250 AMT,513340,56467,569807,MEDIUM,OTHER,1
58286PC20000,RIGHT REAR PEDAL BRACKET,SRV 600 V,222450,24469,246919,MEDIUM,OTHER,1
58301N510000,HANGER FIXED SHAFT,FORD 250,45630,5019,50649,SLOW,OTHER,1
58301P950000,MOUNTING SHAFT M10 ON ENGINE×1.25×138,SRK 800 RR,22820,2510,25330,SLOW,ENGINE,1
58301TA70000,HANGER FIXED SHAFT,FORD 250,22820,2510,25330,SLOW,OTHER,1
58302B450000,BUFFER BLOCK,FORD 250,5710,628,6338,MEDIUM,OTHER,1
58302N590000,HANGER SHOCKPROOF RUBBER I,FORD 250,17120,1883,19003,MEDIUM,OTHER,1
58303B590100,ENGINE FIXED SHAFT/M10×1.25×176,SRV 600 V,22820,2510,25330,SLOW,ENGINE,1
58305P950000,LOWER ENGINE MOUNTING SHAFT M12×1.25×160,SRK 800 RR,28520,3137,31657,SLOW,ENGINE,1
58306P160000,POWER BOLT SHEATH,FORD 250,5710,628,6338,FAST,FASTENER,1
58306PDM0000,POWER BOLT SHEATH,SRV 250 AMT,5710,628,6338,FAST,FASTENER,1
58309N510000,HANGER SHOCKPROOF RUBBER II,FORD 250,17120,1883,19003,MEDIUM,OTHER,1
58320N590000,POWER HANGER WELDING ASSEMBLY,FORD 250,832750,91602,924352,MEDIUM,OTHER,1
58330N590000,ENGINE STOP LEVER ASSEMBLY,FORD 250,68450,7529,75979,SLOW,ENGINE,1
58340N590000,POWER HANGER BUFFER BUSHING I,FORD 250,39930,4392,44322,MEDIUM,SUSPENSION,1
58350N510000,POWER HANGER INTERMEDIATE SPACER ASSEMBLY,FORD 250,5710,628,6338,MEDIUM,OTHER,1
58352N590000,RUBBER FOR LEFT AND RIGHT PROTECTIVE PLATE BRACKETS,FORD 250,5710,628,6338,MEDIUM,OTHER,1
58370N510000,POWER HANGER BUFFER BUSHING II,FORD 250,34230,3765,37995,MEDIUM,SUSPENSION,1
58380N510000,ENGINE STOP LEVER BUFFER BUSHING,FORD 250,34230,3765,37995,SLOW,ENGINE,1
58430J000000,CLAMP ASSEMBLY,FORD 250,5710,628,6338,FAST,ELECTRICAL,1
58430J000001,WIRE CLAMP ASSEMBLY,SRV 600 V,5710,628,6338,FAST,ELECTRICAL,1
58430J670000,CLAMP ASSEMBLY II,SRV 250 AMT,5710,628,6338,FAST,ELECTRICAL,1
58430PC20000,LEFT REAR FOOT PEDAL ANTI SCALD BRACKET ASSEMBLY,SRV 600 V,11410,1255,12665,MEDIUM,OTHER,1
58440PC20000,RIGHT REAR FOOT PEDAL ANTI SCALD BRACKET ASSEMBLY,SRV 600 V,11410,1255,12665,MEDIUM,OTHER,1
58450N510000,PEDAL SUPPORT FRONT ASSEMBLY,FORD 250,62750,6902,69652,MEDIUM,OTHER,1
58460N510000,REAR ASSEMBLY OF PEDAL SUPPORT,FORD 250,34230,3765,37995,MEDIUM,OTHER,1
58461PC20000,REAR FOOT PEDAL INSTALLATION SEAT,SRV 600 V,62750,6902,69652,MEDIUM,BODY,1
58470N510000,LEFT COMPONENT OF PEDAL BRACKET,FORD 250,39930,4392,44322,MEDIUM,OTHER,1
58480N510000,PEDAL BRACKET RIGHT COMPONENT,FORD 250,39930,4392,44322,MEDIUM,OTHER,1
58507N510000,MIDDLE SUPPORT BUFFER BLOCK,FORD 250,5710,628,6338,MEDIUM,OTHER,1
58509N510000,MIDDLE SUPPORT BUSHING,FORD 250,11410,1255,12665,MEDIUM,SUSPENSION,1
58510N510000,MIDDLE SUPPORT SPRING ASSEMBLY,FORD 250,11410,1255,12665,MEDIUM,OTHER,1
58511N510000,MIDDLE SUPPORT BUFFER BLOCK BUSHING,FORD 250,11410,1255,12665,MEDIUM,SUSPENSION,1
58520N510000,MIDDLE BRACE WELDING ASSEMBLY,FORD 250,222450,24469,246919,MEDIUM,OTHER,1
58660N510000,ABS MOUNTING PLATE WELDING COMPONENT,FORD 250,28520,3137,31657,MEDIUM,OTHER,1
58660P540001,ABS MOUNTING SEAT,SRV 250 AMT,45630,5019,50649,MEDIUM,BODY,1
58700N510000,SINGLE SUPPORT WELDING ASSEMBLY,FORD 250,45630,5019,50649,MEDIUM,OTHER,1
58701P540000,SINGLE SUPPORT,SRV 250 AMT,250970,27606,278576,MEDIUM,OTHER,1
58701P950000,SINGLE BRACE,SRK 800 RR,222450,24469,246919,MEDIUM,OTHER,1
58701PC20000,SINGLE BRACE,SRV 600 V,211040,23214,234254,MEDIUM,OTHER,1
58752J00000A,BATTERY SPONGE PAD,SRV 250 AMT,5710,628,6338,MEDIUM,OTHER,1
58752P250000,BATTERY CUSHIONS/65×25×4,SRV 250 AMT,5710,628,6338,MEDIUM,OTHER,1
58800L690001,SEAT CUSHION LOCK,SRV 250 AMT,17120,1883,19003,MEDIUM,BODY,1
58800N510000,SEAT CUSHION LOCK ASSEMBLY,FORD 250,34230,3765,37995,MEDIUM,BODY,1
58800P250000,SEAT CUSHION LOCK SEAT ASSEMBLY II,SRV 600 V,11410,1255,12665,MEDIUM,BODY,1
58821J040001,RUBBER RETAINER,SRV 600 V,5710,628,6338,MEDIUM,OTHER,1
58821P250000,BATTERY SUPPORT RUBBER,SRK 800 RR,5710,628,6338,MEDIUM,OTHER,1
58821P800000,BATTERY PRESSURE PLATE,SRV 600 V,11410,1255,12665,MEDIUM,OTHER,1
58900N290000,SEAT CUSHION CABLE ASSEMBLY,SRV 600 V,17120,1883,19003,FAST,BODY,1
58900N510000,SEAT CUSHION CABLE ASSEMBLY,FORD 250,51340,5647,56987,FAST,BODY,1
58900P540000,CUSHION CABLE ASSEMBLY,SRV 250 AMT,22820,2510,25330,FAST,OTHER,1
58900PA80000,SEAT CUSHION CABLE ASSEMBLY,SRK 800 RR,17120,1883,19003,FAST,BODY,1
58950P950001,REAR SHOCK ABSORBER ADJUSTMENT SCREW BRACKET ASSEMBLY,SRK 800 RR,17120,1883,19003,FAST,SUSPENSION,1
59400N510000,FRONT HOOD BRACKET ASSEMBLY,FORD 250,558970,61486,620456,MEDIUM,OTHER,1
59450P950000,LOWER MOUNTING BASE OF WATER TANK,SRK 800 RR,11410,1255,12665,SLOW,BODY,1
59450PDM0000,TCU MOUNTING BRACKET,SRV 250 AMT,22820,2510,25330,MEDIUM,OTHER,1
59510N510000,WATER BOTTLE INSTALLATION BRACKET ASSEMBLY,FORD 250,22820,2510,25330,MEDIUM,OTHER,1
59510P950000,CLAMP ASSEMBLY 1,SRK 800 RR,17120,1883,19003,FAST,ELECTRICAL,1
59520N510000,FRONT PANEL MOUNTING BRACKET ASSEMBLY,FORD 250,45630,5019,50649,MEDIUM,BODY,1
59520P950000,CLAMP ASSEMBLY 2,SRK 800 RR,17120,1883,19003,FAST,ELECTRICAL,1
59530P950000,MOUNTING BASE OF TRAVEL RECORDER,SRK 800 RR,11410,1255,12665,MEDIUM,OTHER,1
59540P950000,MOUNTING SEAT OF ELECTRIC CONTROL AIR MAKE-UP VALVE,SRK 800 RR,22820,2510,25330,MEDIUM,ENGINE,1
59550P950000,LOWER LEFT MOUNTING BASE OF SHROUD,SRK 800 RR,11410,1255,12665,MEDIUM,OTHER,1
59560P950000,UPPER MOUNTING PLATE,SRK 800 RR,22820,2510,25330,MEDIUM,OTHER,1
59570N510000,SLEEVE LOCK MODULE MOUNTING BRACKET ASSEMBLY,FORD 250,22820,2510,25330,MEDIUM,OTHER,1
59570P950000,MOUNT SEAT ON RIGHT FOOT GUARD PLATE,SRK 800 RR,22820,2510,25330,MEDIUM,BODY,1
59581P950000,LOWER MOUNTING PLATE,SRK 800 RR,5710,628,6338,MEDIUM,OTHER,1
59591P950000,MOUNTING PLATE,SRK 800 RR,11410,1255,12665,MEDIUM,OTHER,1
60001P540001,CHAIN HUB,SRV 250 AMT,308010,33881,341891,FAST,DRIVE,1
60001P950000,CHAIN HUB,SRK 800 RR,205340,22587,227927,FAST,DRIVE,1
60001PC2000Z,CHAIN HUB ASSEMBLY,SRV 600 V,336530,37018,373548,FAST,DRIVE,1
60002P540002,DRIVEN PULLEY,SRV 250 AMT,1425940,156853,1582793,MEDIUM,DRIVE,1
60002P950000,SPROCKET,SRK 800 RR,273780,30115,303895,FAST,DRIVE,1
60002PC20000,DRIVEN PULLEY,SRV 600 V,1328980,146187,1475167,MEDIUM,DRIVE,1
60006P160000,CHAIN DRIVE SHAFT SLEEVE,SRV 600 V,22820,2510,25330,FAST,DRIVE,1
60006P540001,CHAIN DRIVE SHAFT SLEEVE,SRV 250 AMT,45630,5019,50649,FAST,DRIVE,1
60015S010010,CHAIN WHEEL FIXING SCREW,SRK 800 RR,5710,628,6338,FAST,DRIVE,1
60101P540000,UPPER CHAIN COVER,SRV 250 AMT,68450,7529,75979,FAST,BODY,1
60101P950000,CHAIN COVER,SRK 800 RR,62750,6902,69652,FAST,BODY,1
60101PC20000,CHAIN COVER,SRV 600 V,45630,5019,50649,FAST,BODY,1
60102P540000,LOWER CHAIN COVER,SRV 250 AMT,74150,8156,82306,FAST,BODY,1
60102P950000,REAR INNER MUD PLATE,SRK 800 RR,57040,6274,63314,MEDIUM,OTHER,1
60102PC20000,LOWER CHAIN COVER,SRV 600 V,39930,4392,44322,FAST,BODY,1
60103P950000,CHAIN GUARD,SRK 800 RR,17120,1883,19003,FAST,BODY,1
60151P290000,LEFT CHAIN ADJUSTING BLOCK,SRK 800 RR,74150,8156,82306,FAST,DRIVE,1
60151P950000,LEFT CHAIN ADJUSTING BLOCK,SRK 800 RR,51340,5647,56987,FAST,DRIVE,1
60200J000001,DUST RING ASSEMBLY,SRV 250 AMT,5710,628,6338,MEDIUM,OTHER,1
60200J410000,DUST RING ASSEMBLY,FORD 250,5710,628,6338,MEDIUM,OTHER,1
60310P540002,BELT,SRV 250 AMT,3382330,372056,3754386,FAST,DRIVE,1
60310P54003Z,BELT ASSEMBLY WITH PULLEY,SRV 250 AMT,5093450,560279,5653729,FAST,DRIVE,1
60310P950000,CHAIN 525V11×120,SRK 800 RR,1323270,145559,1468829,FAST,DRIVE,1
60310PC20000,BELT,SRV 600 V,4334850,476833,4811683,FAST,DRIVE,1
63012P950000,HEXAGON SOCKET TORX CAP SCREW M10×1.25×51,SRK 800 RR,11410,1255,12665,FAST,FASTENER,1
63015N490000,REAR SHOCK ABSORBER LOWER FIXING BOLT M10×1.25×63,SRK 800 RR,28520,3137,31657,FAST,SUSPENSION,1
63800N590000,REAR SHOCK ABSORBER ASSEMBLY,FORD 250,770010,84701,854711,SLOW,SUSPENSION,1
63800P540000,SHOCK ABSORBER AS-REAR,SRV 250 AMT,655940,72153,728093,SLOW,SUSPENSION,1
63800P950000,REAR SHOCK ABSORBER ASSEMBLY,SRK 800 RR,2777730,305550,3083280,SLOW,SUSPENSION,1
63800PC20000,REAR SHOCK ABSORBER ASSEMBLY,SRV 600 V,667340,73407,740747,SLOW,SUSPENSION,1
64008G220000,JOINT,FORD 250,5710,628,6338,MEDIUM,OTHER,1
65101N51NJ00,"FRONT FENDER,BLACK (NJ)",FORD 250,250970,27606,278576,SLOW,BODY,1
65101N51S600,"FRONT FENDER,SILVER (S6)",FORD 250,256670,28233,284903,SLOW,BODY,1
65101N51VM00,"FRONT FENDER,GRAY (VM)",FORD 250,256670,28233,284903,SLOW,BODY,1
65101P54013Z,"FRONT FENDER,BLACK BG,WITH STICKER",SRV 250 AMT,365040,40154,405194,SLOW,BODY,1
65101P54014Z,"FRONT FENDER,WHITE X9,WITH STICKER",SRV 250 AMT,365040,40154,405194,SLOW,BODY,1
65101P54015Z,"FRONT FENDER,SILVERY S6,WITH STICKER",SRV 250 AMT,365040,40154,405194,SLOW,BODY,1
65101P95007Z,"FRONT FENDER,BLACK BL,WITH STICKER",SRK 800 RR,570380,62741,633121,SLOW,BODY,1
65101P95008Z,"FRONT FENDER,WHITE X9,WITH STICKER",SRK 800 RR,484820,53330,538150,SLOW,BODY,1
65101P95009Z,"FRONT FENDER,RED FB,WITH STICKER",SRK 800 RR,570380,62741,633121,SLOW,BODY,1
65101P95BG4Z,"FRONT FENDER,BLACK BG,WITH STICKER",SRK 800 RR,484820,53330,538150,SLOW,BODY,1
65101PC2BL00,"FRONT MUDGUARD,BALCK BL",SRV 600 V,245270,26979,272249,MEDIUM,BODY,1
65101PC2NJ00,"FRONT MUDGUARD,BALCK NJ",SRV 600 V,199640,21960,221600,MEDIUM,BODY,1
65101PC2S600,"FRONT MUDGUARD,SILVERY S6",SRV 600 V,199640,21960,221600,MEDIUM,BODY,1
65103P950000,FRONT INNER FENDER,SRK 800 RR,11410,1255,12665,SLOW,BODY,1
65105N510000,BUSHING,FORD 250,5710,628,6338,MEDIUM,SUSPENSION,1
65108N510000,FRONT MUD PANEL LEFT TRIM PANEL,FORD 250,11410,1255,12665,MEDIUM,BODY,1
65109N510000,RUBBER SLEEVE,FORD 250,5710,628,6338,MEDIUM,OTHER,1
65114N510000,THIN HEXAGON SOCKET TORX FLANGE SCREW M8×25,FORD 250,5710,628,6338,FAST,FASTENER,1
65116N510000,FRONT MUD PANEL RIGHT TRIM PANEL,FORD 250,11410,1255,12665,MEDIUM,BODY,1
65131P540000,FRONT FENDER LEFT BRACKET,SRV 250 AMT,85560,9411,94971,SLOW,BODY,1
65140PBD0000,FRONT FENDER LEFT MOUNTING BASE,SRV 600 V,17120,1883,19003,SLOW,BODY,1
65141P53MM00,LEFT MOUNTING SEAT OF FRONT MUD PLATE,SRV 600 V,148300,16313,164613,MEDIUM,BODY,1
65141P540000,FRONT FENDER RIGHT BRACKET,SRV 250 AMT,85560,9411,94971,SLOW,BODY,1
65141S010000,FRONT MUD PLATE MOUNTING PLATE,SRK 800 RR,45630,5019,50649,MEDIUM,OTHER,1
65150PBD0000,FRONT FENDER RIGHT MOUNTING SEAT,SRV 600 V,11410,1255,12665,SLOW,BODY,1
65151P370100,FRONT MUD BOARD BRACKET,SRV 600 V,45630,5019,50649,MEDIUM,OTHER,1
65151P53MM00,FRONT MUD BOARD RIGHT MOUNTING BASE,SRV 600 V,148300,16313,164613,MEDIUM,OTHER,1
65201N510000,FAUCET FRONT GUARD,FORD 250,34230,3765,37995,MEDIUM,BODY,1
65202N510000,REAR PROTECTION OF FAUCET,FORD 250,34230,3765,37995,MEDIUM,OTHER,1
65202P950000,INSTRUMENT COVER,SRK 800 RR,62750,6902,69652,MEDIUM,ELECTRICAL,1
65212N51NJ00,"FRONT PROTECTIVE DECORATIVE COVER OF FAUCET,BLACK (NJ)",FORD 250,85560,9411,94971,MEDIUM,BODY,1
65214N510000,INSTRUMENT COVER,FORD 250,62750,6902,69652,MEDIUM,ELECTRICAL,1
65214P950001,POWER LOCK DECORATIVE COVER,SRK 800 RR,11410,1255,12665,MEDIUM,BODY,1
65215N51NJ00,HANDLE FLAP,FORD 250,51340,5647,56987,MEDIUM,OTHER,1
65216N510000,HANDLE FLAP ROCKER ARM,FORD 250,5710,628,6338,MEDIUM,OTHER,1
65217N510000,HANDLE FLAP ROCKER ARM PRESSING PLATE,FORD 250,5710,628,6338,MEDIUM,OTHER,1
65218N510001,HANDLE FLIP BUCKLE,FORD 250,5710,628,6338,MEDIUM,OTHER,1
65219N510000,HANDLE MOUNTED FLIP BUCKLE SEAT,FORD 250,5710,628,6338,MEDIUM,BODY,1
65244P530000,HEADLIGHT LEFT DECORATIVE PANEL,SRV 600 V,216750,23842,240592,MEDIUM,BODY,1
65245P530000,HEADLIGHT RIGHT DECORATIVE PANEL,SRV 600 V,216750,23842,240592,MEDIUM,BODY,1
65301N51NJ00,"FRONT COVER PANEL,BLACK (NJ)",FORD 250,245270,26979,272249,MEDIUM,BODY,1
65301N51S600,"FRONT COVER PANEL,SILVER (S6)",FORD 250,245270,26979,272249,MEDIUM,BODY,1
65301N51VM00,"FRONT COVER PANEL,GRAY (VM)",FORD 250,245270,26979,272249,MEDIUM,BODY,1
65302N510000,ON THE INNER PANEL OF THE FRONT HOOD,FORD 250,45630,5019,50649,MEDIUM,BODY,1
65304N510000,UNDER THE FRONT HOOD LINER,FORD 250,68450,7529,75979,MEDIUM,OTHER,1
65304P95BG00,"INNER TRIM PANEL OF SHROUD,BLACK BG",SRK 800 RR,342230,37645,379875,MEDIUM,BODY,1
65305P950000,LEFT FRONT PANEL TRIM PANEL,SRK 800 RR,17120,1883,19003,MEDIUM,BODY,1
65306P950000,FRONT RIGHT PANEL TRIM PANEL,SRK 800 RR,17120,1883,19003,MEDIUM,BODY,1
65313PAK0000,CAMERA INSTALLATION HOLE PLUG,FORD 250,5710,628,6338,FAST,OTHER,1
65315N510000,HEADLAMP TRIM COVER,FORD 250,17120,1883,19003,FAST,ELECTRICAL,1
65315P950000,LOWER LEFT INNER GUARD,SRK 800 RR,17120,1883,19003,MEDIUM,BODY,1
65316N51008Z,"LEFT CONNECTOR BOARD,BLACK (NJ),WITH STICKER",FORD 250,245270,26979,272249,MEDIUM,BODY,1
65316N51009Z,"LEFT CONNECTOR BOARD,GRAY (VM),WITH STICKER",FORD 250,245270,26979,272249,MEDIUM,BODY,1
65316N51010Z,"LEFT CONNECTOR BOARD,SILVER (S6),WITH STICKER",FORD 250,245270,26979,272249,MEDIUM,BODY,1
65316N51011Z,"LEFT CONNECTING BOARD,SILVER (S6)),WITH STICKER",FORD 250,245270,26979,272249,MEDIUM,BODY,1
65316P950000,LOWER RIGHT INNER GUARD,SRK 800 RR,17120,1883,19003,MEDIUM,BODY,1
65317N51008Z,"RIGHT CONNECTING BOARD,BLACK (NJ),WITH STICKER",FORD 250,245270,26979,272249,MEDIUM,BODY,1
65317N51009Z,"RIGHT CONNECTING BOARD,GRAY (VM),WITH STICKER",FORD 250,245270,26979,272249,MEDIUM,BODY,1
65317N51010Z,"RIGHT CONNECTING BOARD,SILVER (S6),WITH STICKER",FORD 250,245270,26979,272249,MEDIUM,BODY,1
65317N51011Z,"RIGHT CONNECTING BOARD,SILVER (S6),WITH STICKER",FORD 250,245270,26979,272249,MEDIUM,BODY,1
65317P950000,UPPER LEFT INNER GUARD,SRK 800 RR,17120,1883,19003,MEDIUM,BODY,1
65318N510000,CAMERA PRESSING PLATE,FORD 250,17120,1883,19003,MEDIUM,OTHER,1
65318P950000,UPPER RIGHT INNER GUARD,SRK 800 RR,17120,1883,19003,MEDIUM,BODY,1
65319N510000,UPPER TRIM PANEL OF FRONT HOOD,FORD 250,45630,5019,50649,MEDIUM,BODY,1
65321P950000,FRONT CAMERA MOUNTING PLATE,SRK 800 RR,5710,628,6338,MEDIUM,OTHER,1
65322N510000,FRONT CARGO BOX COVER,FORD 250,17120,1883,19003,MEDIUM,BODY,1
65329N510000,STORAGE BOX SPONGE STRIP,FORD 250,5710,628,6338,MEDIUM,OTHER,1
65331N510000,FRONT CARGO BOX COVER ROCKER ARM,FORD 250,11410,1255,12665,MEDIUM,BODY,1
65332N510000,ROCKER ARM PRESSING PLATE OF FRONT CARGO BOX COVER,FORD 250,5710,628,6338,MEDIUM,BODY,1
65333N510000,STORAGE BOX COVER SPRING,FORD 250,5710,628,6338,MEDIUM,BODY,1
65401N510000,FOOT PEDAL,FORD 250,74150,8156,82306,MEDIUM,OTHER,1
65402N510000,FOOT GUARD,FORD 250,205340,22587,227927,MEDIUM,BODY,1
65402P95021Z,"LEFT FOOT GUARD,RED 2 # RG,WITH STICKER",SRK 800 RR,992460,109170,1101630,MEDIUM,BODY,1
65402P95022Z,"LEFT FOOT GUARD,BLACK BL,WITH STICKER",SRK 800 RR,787120,86583,873703,MEDIUM,BODY,1
65402P95023Z,"LEFT FOOT GUARD,WHITE X9,WITH STICKER",SRK 800 RR,633120,69643,702763,MEDIUM,BODY,1
65402P95024Z,"LEFT FOOT GUARD,RED FB,WITH STICKER",SRK 800 RR,787120,86583,873703,MEDIUM,BODY,1
65403N510000,FRAME NUMBER COVER,FORD 250,11410,1255,12665,SLOW,BODY,1
65403P95BG00,"LEFT GUARD TRIM PLATE,BLACK BG",SRK 800 RR,39930,4392,44322,MEDIUM,BODY,1
65403P95FB00,"LEFT GUARD TRIM PLATE,RED FB",SRK 800 RR,45630,5019,50649,MEDIUM,BODY,1
65404P95BG00,"RIGHT GUARD TRIM PANEL,BLACK BG",SRK 800 RR,39930,4392,44322,MEDIUM,BODY,1
65404P95FB00,"RIGHT GUARD TRIM PANEL,RED FB",SRK 800 RR,45630,5019,50649,MEDIUM,BODY,1
65406N510000,FLOOR,FORD 250,51340,5647,56987,MEDIUM,OTHER,1
65406P95001Z,"LEFT ENGINE COVER,BLACK BG,WITH STICKER",SRK 800 RR,308010,33881,341891,SLOW,BODY,1
65406P95005Z,"LEFT ENGINE COVER,RED FB,WITH STICKER",SRK 800 RR,387860,42664,430524,SLOW,BODY,1
65407P95001Z,"RIGHT ENGINE COVER,BLACK BG,WITH STICKER",SRK 800 RR,353640,38900,392540,SLOW,BODY,1
65407P95005Z,"RIGHT ENGINE COVER,RED FB,WITH STICKER",SRK 800 RR,450600,49566,500166,SLOW,BODY,1
65408N51NJ00,"LEFT BAR,BLACK (NJ)",FORD 250,205340,22587,227927,MEDIUM,OTHER,1
65408N51S600,"LEFT BAR,SILVER (S6)",FORD 250,205340,22587,227927,MEDIUM,OTHER,1
65408N51VM00,"LEFT BAR,GRAY (VM)",FORD 250,205340,22587,227927,MEDIUM,OTHER,1
65409N51NJ00,"RIGHT BAR,BLACK (NJ)",FORD 250,211040,23214,234254,MEDIUM,OTHER,1
65409N51S600,"RIGHT BAR,SILVER (S6)",FORD 250,211040,23214,234254,MEDIUM,OTHER,1
65409N51VM00,"RIGHT BAR,GRAY (VM)",FORD 250,211040,23214,234254,MEDIUM,OTHER,1
65411N51NJ00,"LEFT REAR PROTECTIVE STRIP,BLACK (NJ)",FORD 250,279490,30743,310233,MEDIUM,OTHER,1
65411N51RG00,"LEFT REAR PROTECTIVE STRIP,RED (RG)",FORD 250,325120,35763,360883,MEDIUM,OTHER,1
65411N51S600,"LEFT REAR PROTECTIVE STRIP,SILVER (S6)",FORD 250,268080,29488,297568,MEDIUM,OTHER,1
65411N51VM00,"LEFT REAR PROTECTIVE STRIP,GRAY (VM)",FORD 250,268080,29488,297568,MEDIUM,OTHER,1
65412N51NJ00,"RIGHT REAR PROTECTIVE STRIP,BLACK (NJ)",FORD 250,296600,32626,329226,MEDIUM,OTHER,1
65412N51RG00,"RIGHT REAR PROTECTIVE STRIP,RED (RG)",FORD 250,342230,37645,379875,MEDIUM,OTHER,1
65412N51S600,"RIGHT REAR PROTECTIVE STRIP,SILVER (S6)",FORD 250,285190,31370,316560,MEDIUM,OTHER,1
65412N51VM00,"RIGHT REAR PROTECTIVE STRIP,GRAY (VM)",FORD 250,285190,31370,316560,MEDIUM,OTHER,1
65413N510000,LEFT FOOT RUBBER PAD,FORD 250,39930,4392,44322,MEDIUM,OTHER,1
65413P950000,CONNECTING PLATE OF LEFT AND RIGHT FENDER TRIM PANEL,SRK 800 RR,39930,4392,44322,SLOW,BODY,1
65414N510000,RIGHT FOOT RUBBER PAD,FORD 250,39930,4392,44322,MEDIUM,OTHER,1
65416PC20000,BATTERY BOX COVER,SRV 600 V,45630,5019,50649,MEDIUM,BODY,1
65417PC20000,BATTERY BOX,SRV 600 V,22820,2510,25330,MEDIUM,OTHER,1
65419N51NJ00,"FOOT GUARD TRIM COVER,BLACK (NJ)",FORD 250,125490,13803,139293,MEDIUM,BODY,1
65419N51S600,"FOOT GUARD TRIM COVER,SILVER (S6)",FORD 250,119780,13175,132955,MEDIUM,BODY,1
65419N51VM00,"FOOT GUARD TRIM COVER,GRAY (VM)",FORD 250,119780,13175,132955,MEDIUM,BODY,1
65422P95021Z,"RIGHT FOOT GUARD,RED 2 # RG,WITH STICKER",SRK 800 RR,998160,109797,1107957,MEDIUM,BODY,1
65422P95022Z,"RIGHT FOOT GUARD,BLACK BL,WITH STICKER",SRK 800 RR,787120,86583,873703,MEDIUM,BODY,1
65422P95023Z,"RIGHT FOOT GUARD,WHITE X9,WITH STICKER",SRK 800 RR,633120,69643,702763,MEDIUM,BODY,1
65422P95024Z,"RIGHT FOOT GUARD,RED FB,WITH STICKER",SRK 800 RR,787120,86583,873703,MEDIUM,BODY,1
65425N510000,FOOT SCREW PLUG,FORD 250,5710,628,6338,FAST,FASTENER,1
65425P95BG00,"LEFT FOOT GUARD TRIM STRIP,BLACK BG",SRK 800 RR,96970,10666,107636,MEDIUM,BODY,1
65426P95BG00,"RIGHT FOOT GUARD TRIM STRIP,BLACK BG",SRK 800 RR,96970,10666,107636,MEDIUM,BODY,1
65427P950000,LEFT INNER PANEL,SRK 800 RR,11410,1255,12665,MEDIUM,BODY,1
65428P950000,RIGHT INNER PANEL,SRK 800 RR,11410,1255,12665,MEDIUM,BODY,1
65436P950000,RIGHT ENGINE HOOD INSULATION FOIL PAPER,SRK 800 RR,22820,2510,25330,FAST,ENGINE,1
65436T490000,FOOT PROTECTION BOARD SPONGE PAD I,SRK 800 RR,5710,628,6338,MEDIUM,OTHER,1
65437PCD0000,RIGHT ENGINE HOOD INSULATION FOIL II,SRK 800 RR,34230,3765,37995,FAST,ENGINE,1
65441P950000,ENGINE INSULATION RUBBER SKIN,SRK 800 RR,34230,3765,37995,SLOW,ENGINE,1
65442N510000,WATER INLET COVER PLATE,FORD 250,5710,628,6338,MEDIUM,BODY,1
65448PCD0000,LEFT FOOT PROTECTIVE BOARD ANTI WEAR STICKER,SRK 800 RR,74150,8156,82306,MEDIUM,BODY,1
65449PCD0000,RIGHT FOOT PROTECTIVE BOARD ANTI WEAR STICKER,SRK 800 RR,74150,8156,82306,MEDIUM,BODY,1
65451N510000,FUEL TANK COVER GUARD,FORD 250,22820,2510,25330,SLOW,BODY,1
65484N510000,FRONT CARGO BOX SWITCH,FORD 250,5710,628,6338,MEDIUM,ELECTRICAL,1
65487N510000,FRONT CARGO BOX SWITCH SPRING,FORD 250,5710,628,6338,MEDIUM,ELECTRICAL,1
65501PC20000,FRONT FLOW GUIDE COVER,SRV 600 V,199640,21960,221600,MEDIUM,BODY,1
65503N510000,WINDSHIELD,FORD 250,547560,60231,607791,MEDIUM,BODY,1
65503P950000,WINDSHIELD,SRK 800 RR,245270,26979,272249,MEDIUM,BODY,1
65508P290000,EDGING STRIP,FORD 250,22820,2510,25330,MEDIUM,OTHER,1
65509N510000,WINDSHIELD RUBBER PAD,FORD 250,11410,1255,12665,MEDIUM,BODY,1
65517N510000,WINDSHIELD MOUNTING BUSH,FORD 250,5710,628,6338,MEDIUM,BODY,1
65532P950000,FRAME TRIM COVER,SRK 800 RR,5710,628,6338,SLOW,BODY,1
65570PAK0000,DRUM RUBBER NUT M5,SRK 800 RR,11410,1255,12665,FAST,FASTENER,1
65601N51008Z,"LEFT PROTECTIVE PANEL,BLACK (NJ),WITH STICKER",FORD 250,319410,35135,354545,MEDIUM,BODY,1
65601N51009Z,"LEFT PROTECTIVE PANEL, GRAY (VM),WITH STICKER",FORD 250,319410,35135,354545,MEDIUM,BODY,1
65601N51010Z,"LEFT PROTECTIVE PANEL,SILVER (S6),WITH STICKER",FORD 250,319410,35135,354545,MEDIUM,BODY,1
65601N51014Z,"LEFT PROTECTIVE PANEL,SILVER (S6),WITH STICKER",FORD 250,319410,35135,354545,MEDIUM,BODY,1
65601N51NJ00,"LEFT PROTECTIVE PANEL,BLACK (NJ)",FORD 250,296600,32626,329226,MEDIUM,BODY,1
65601N51S600,"LEFT PROTECTIVE PANEL,SILVER (S6)",FORD 250,296600,32626,329226,MEDIUM,BODY,1
65601N51VM00,"LEFT PROTECTIVE PANEL, GRAY (VM)",FORD 250,296600,32626,329226,MEDIUM,BODY,1
65601P54031Z,"LEFT GUARD,BLACK BG,WITH STICKER",SRV 250 AMT,125490,13803,139293,MEDIUM,BODY,1
65601P95BL00,"LEFT GUARD,BLACK BL",SRK 800 RR,91260,10038,101298,MEDIUM,BODY,1
65601P95FB00,"LEFT GUARD,RED FB",SRK 800 RR,91260,10038,101298,MEDIUM,BODY,1
65601P95RG00,"LEFT GUARD,RED 2 # RG",SRK 800 RR,91260,10038,101298,MEDIUM,BODY,1
65601P95X900,"LEFT GUARD,WHITE X9",SRK 800 RR,74150,8156,82306,MEDIUM,BODY,1
65601PC2N400,LEFT FENDER,SRV 600 V,136890,15057,151947,SLOW,BODY,1
65602N51008Z,"RIGHT PROTECTIVE PANEL,BLACK (NJ),WITH STICKER",FORD 250,319410,35135,354545,MEDIUM,BODY,1
65602N51009Z,"RIGHT PROTECTIVE PANEL,GRAY (VM),WITH STICKER",FORD 250,319410,35135,354545,MEDIUM,BODY,1
65602N51010Z,"RIGHT PROTECTIVE PANEL,SILVER (S6),WITH STICKER",FORD 250,319410,35135,354545,MEDIUM,BODY,1
65602N51014Z,"RIGHT PROTECTIVE PANEL,SILVER (S6),WITH STICKER",FORD 250,319410,35135,354545,MEDIUM,BODY,1
65602P54031Z,"RIGHT GUARD,BLACK BG,WITH STICKER",SRV 250 AMT,136890,15057,151947,MEDIUM,BODY,1
65602P95BL00,"RIGHT GUARD,BLACK BL",SRK 800 RR,91260,10038,101298,MEDIUM,BODY,1
65602P95FB00,"RIGHT GUARD,RED FB",SRK 800 RR,91260,10038,101298,MEDIUM,BODY,1
65602P95RG00,"RIGHT GUARD,RED 2 # RG",SRK 800 RR,91260,10038,101298,MEDIUM,BODY,1
65602P95X900,"RIGHT GUARD,WHITE X9",SRK 800 RR,74150,8156,82306,MEDIUM,BODY,1
65602PC2N400,RIGHT FENDER,SRV 600 V,136890,15057,151947,SLOW,BODY,1
65603N510000,LEFT FRONT GUARD,FORD 250,22820,2510,25330,MEDIUM,BODY,1
65603P54BG00,"LEFT FRONT GUARD,BLACK BG",SRV 250 AMT,85560,9411,94971,MEDIUM,BODY,1
65604N510000,RIGHT FRONT GUARD,FORD 250,22820,2510,25330,MEDIUM,BODY,1
65604P54BG00,"RIGHT FRONT GUARD,BLACK BG",SRV 250 AMT,85560,9411,94971,MEDIUM,BODY,1
65605N51NJ00,"FRONT CONNECTING PLATE OF LEFT AND RIGHT GUARD PLATES,BLACK (NJ)",FORD 250,159710,17568,177278,MEDIUM,BODY,1
65605N51S600,"FRONT CONNECTING PLATE OF LEFT AND RIGHT GUARD PLATES,SILVER (S6)",FORD 250,165410,18195,183605,MEDIUM,BODY,1
65605N51VM00,"FRONT CONNECTING PLATE OF LEFT AND RIGHT GUARD PLATES,GRAY (VM)",FORD 250,165410,18195,183605,MEDIUM,BODY,1
65605P950000,FRONT CONNECTING PLATE OF LEFT AND RIGHT TAIL COVER,SRK 800 RR,11410,1255,12665,MEDIUM,BODY,1
65606N510000,TAIL LAMP COVER,FORD 250,34230,3765,37995,FAST,ELECTRICAL,1
65606P950000,REAR CONNECTING PLATE OF LEFT AND RIGHT TAIL COVER,SRK 800 RR,45630,5019,50649,MEDIUM,BODY,1
65609N510000,LOWER CONNECTING PLATE OF LEFT AND RIGHT GUARD PLATES,FORD 250,39930,4392,44322,MEDIUM,BODY,1
65616J040000,PROTECTIVE PLATE INSTALLATION RING,SRV 600 V,5710,628,6338,MEDIUM,OTHER,1
65616L430000,PROTECTIVE PLATE RUBBER PAD,FORD 250,5710,628,6338,MEDIUM,OTHER,1
65616P420000,RUBBER PAD I,SRK 800 RR,5710,628,6338,MEDIUM,OTHER,1
65617P950000,SPONGE PAD,SRK 800 RR,5710,628,6338,MEDIUM,OTHER,1
65617PCD0000,SPONGE STRIP,SRK 800 RR,5710,628,6338,MEDIUM,OTHER,1
65617PCD0010,SPONGE STRIP,SRK 800 RR,11410,1255,12665,MEDIUM,OTHER,1
65618J000000,RUBBER PAD OF GUARD PLATE,SRV 250 AMT,5710,628,6338,MEDIUM,BODY,1
65618P420000,RUBBER PAD III,SRK 800 RR,5710,628,6338,MEDIUM,OTHER,1
65624L750000,CLAMP NUT M6,SRV 250 AMT,5710,628,6338,FAST,FASTENER,1
65624P160000,CLAMP NUT M5,FORD 250,5710,628,6338,FAST,FASTENER,1
65624PA20000,JAM NUT M5,SRV 250 AMT,5710,628,6338,FAST,FASTENER,1
65625J560100,CLAMP NUT M6,FORD 250,5710,628,6338,FAST,FASTENER,1
65627J410100,SHIELD SPACER,SRV 600 V,5710,628,6338,MEDIUM,OTHER,1
65636PC20000,LEFT FENDER INSULATION FOIL PAPER,SRV 600 V,28520,3137,31657,FAST,BODY,1
65637PC20000,RIGHT FENDER INSULATION FOIL PAPER,SRV 600 V,28520,3137,31657,FAST,BODY,1
65638P950000,ABS TRIM COVER,SRK 800 RR,11410,1255,12665,MEDIUM,BODY,1
65639P950000,ABS BOX,SRK 800 RR,39930,4392,44322,MEDIUM,OTHER,1
65641P950000,OXYGEN SENSOR PLUG-IN INSTALLATION BOX,SRK 800 RR,11410,1255,12665,FAST,ELECTRICAL,1
65672PC20000,FUEL TANK OPENING DECORATIVE PLATE,SRV 600 V,45630,5019,50649,SLOW,BODY,1
65673P95BG00,"FUEL TANK FRONT GUARD,BLACK BG",SRK 800 RR,85560,9411,94971,SLOW,BODY,1
65678P950000,LEFT FUEL TANK GUARD INSULATION FOIL PAPER,SRK 800 RR,102670,11293,113963,FAST,BODY,1
65679P950000,INSULATION FOIL PAPER FOR THE RIGHT FUEL TANK GUARD,SRK 800 RR,102670,11293,113963,FAST,BODY,1
65681P54BG01,"FUEL TANK FRONT LEFT TRIM PANEL,BLACK BG",SRV 250 AMT,102670,11293,113963,SLOW,BODY,1
65681P95BL00,"LEFT FIXED WING,BLACK BL",SRK 800 RR,250970,27606,278576,MEDIUM,OTHER,1
65681PC20000,LEFT DECORATIVE PANEL OF WATER TANK,SRV 600 V,45630,5019,50649,SLOW,BODY,1
65681PCZ0000,LEFT ENGINE TRIM COVER,SRV 250 AMT,11410,1255,12665,SLOW,ENGINE,1
65682P54BG01,"FUEL TANK FRONT RIGHT TRIM PANEL,BLACK BG",SRV 250 AMT,102670,11293,113963,SLOW,BODY,1
65682P95BL00,"RIGHT FIXED WING,BLACK BL",SRK 800 RR,250970,27606,278576,MEDIUM,OTHER,1
65682PC20000,RIGHT DECORATIVE PANEL OF WATER TANK,SRV 600 V,45630,5019,50649,SLOW,BODY,1
65683P950000,LEFT WING INNER PLATE,SRK 800 RR,11410,1255,12665,MEDIUM,OTHER,1
65683PC20001,FRONT DECORATIVE PANEL I OF WATER TANK,SRV 600 V,102670,11293,113963,SLOW,BODY,1
65684P950000,INNER PLATE OF RIGHT FIXED WING,SRK 800 RR,11410,1255,12665,MEDIUM,OTHER,1
65685P540000,DECORATIVE COVER OF WATER TANK I,SRV 250 AMT,91260,10038,101298,SLOW,BODY,1
65685P950000,INSTALLATION RUBBER OF LEFT WING,SRK 800 RR,11410,1255,12665,MEDIUM,OTHER,1
65685PCZ0000,ENGINE LEFT TRIM PANEL NICKEL TRIM PANEL,SRV 250 AMT,22820,2510,25330,SLOW,ENGINE,1
65686P540000,DECORATIVE COVER OF WATER TANK II,SRV 250 AMT,45630,5019,50649,SLOW,BODY,1
65686P950000,RIGHT FIXED WING MOUNTING RUBBER,SRK 800 RR,11410,1255,12665,MEDIUM,OTHER,1
65687P950000,LEFT HEAT SHIELD OF WATER TANK,SRK 800 RR,22820,2510,25330,SLOW,BODY,1
65688P950000,RIGHT HEAT SHIELD OF WATER TANK,SRK 800 RR,22820,2510,25330,SLOW,BODY,1
65689PCZS600,"LEFT ENGINE TRIM COVER ASSEMBLY,SILVER S6",SRV 250 AMT,39930,4392,44322,SLOW,ENGINE,1
65691PC20100,ENGINE TRIM PANEL,SRV 600 V,182520,20077,202597,SLOW,ENGINE,1
65693PC20000,LEFT ENGINE TRIM PANEL INNER PANEL,SRV 600 V,39930,4392,44322,SLOW,ENGINE,1
65694PC20000,INNER LINING PANEL OF RIGHT ENGINE TRIM PANEL,SRV 600 V,34230,3765,37995,SLOW,ENGINE,1
65695PC20000,LEFT DECORATIVE PANEL OF THE FRAME,SRV 600 V,57040,6274,63314,SLOW,BODY,1
65696N510000,WATER TANK SHIELD,FORD 250,45630,5019,50649,SLOW,BODY,1
65696PC20000,RIGHT FRAME DECORATIVE PANEL,SRV 600 V,57040,6274,63314,SLOW,BODY,1
65701N510000,REAR FENDER,FORD 250,74150,8156,82306,SLOW,BODY,1
65701P950000,REAR FENDER,SRK 800 RR,34230,3765,37995,SLOW,BODY,1
65704P540000,REAR FENDER THREAD RUBBER,SRV 250 AMT,5710,628,6338,SLOW,BODY,1
65705P950000,REAR LICENSE PLATE,SRK 800 RR,45630,5019,50649,MEDIUM,OTHER,1
65706P540000,REAR TURN SIGNAL UPPER MOUNTING,SRV 250 AMT,11410,1255,12665,MEDIUM,OTHER,1
65707P540000,LOWER MOUNTING SEAT OF REAR TURN SIGNAL LAMP,SRV 250 AMT,11410,1255,12665,FAST,ELECTRICAL,1
65709P950000,REAR FENDER II,SRK 800 RR,28520,3137,31657,SLOW,BODY,1
65709PC20000,REAR MUDGUARD,SRV 600 V,91260,10038,101298,MEDIUM,BODY,1
65711L430000,REAR UPPER MUD PLATE SPACER,SRK 800 RR,11410,1255,12665,MEDIUM,OTHER,1
65711P540000,REAR FENDER LEFT TRIM PANEL,SRV 250 AMT,222450,24469,246919,SLOW,BODY,1
65711PC20000,LICENSE PLATE LAMP MOUNTING PLATE,SRV 600 V,5710,628,6338,FAST,ELECTRICAL,1
65712P540000,REAR FENDER RIGHT TRIM PANEL,SRV 250 AMT,222450,24469,246919,SLOW,BODY,1
65712PC20000,REAR REFLECTOR MOUNTING PLATE,SRV 600 V,39930,4392,44322,MEDIUM,OTHER,1
65713H160000,REAR FENDER RUBBER PAD I,SRK 800 RR,5710,628,6338,SLOW,BODY,1
65713PC20000,REAR INNER FENDER,SRV 600 V,22820,2510,25330,SLOW,BODY,1
65714PC20000,FRAME REAR GUARD,SRV 600 V,11410,1255,12665,SLOW,BODY,1
65715L790000,MUDGUARD COVER,SRK 800 RR,5710,628,6338,MEDIUM,BODY,1
65715PC20000,REAR SEAT CUSHION TRIM PLATE,SRV 600 V,5710,628,6338,MEDIUM,BODY,1
65716N510000,LICENSE PLATE LAMP MOUNTING PLATE,FORD 250,5710,628,6338,FAST,ELECTRICAL,1
65731N510000,FRONT OF TAILGATE,FORD 250,45630,5019,50649,MEDIUM,OTHER,1
65731P950000,FRONT OF REAR FENDER,SRK 800 RR,85560,9411,94971,SLOW,BODY,1
65731PC20000,REAR FENDER FRONT,SRV 600 V,57040,6274,63314,SLOW,BODY,1
65747L790000,MUDGUARD PIN SHAFT,SRK 800 RR,5710,628,6338,SLOW,BODY,1
65748L790000,MUDGUARD TORSION SPRING,SRK 800 RR,5710,628,6338,MEDIUM,BODY,1
65750N47001Z,"REAR FENDER WELDING ASSEMBLY,WHITE X9,WITH STICKER",SRV 250 AMT,981050,107915,1088965,SLOW,BODY,1
65750N47002Z,"REAR FENDER WELDING ASSEMBLY,SILVER S6,WITH STICKER",SRV 250 AMT,981050,107915,1088965,SLOW,BODY,1
65750N47003Z,"REAR FENDER WELDING ASSEMBLY,BLACK BG,WITH STICKER",SRV 250 AMT,981050,107915,1088965,SLOW,BODY,1
65761N510000,REAR LOWER FENDER,FORD 250,91260,10038,101298,SLOW,BODY,1
65761PDM0000,REAR LOWER FENDER,SRV 250 AMT,45630,5019,50649,SLOW,BODY,1
65763B910100,BUSHING,FORD 250,5710,628,6338,MEDIUM,SUSPENSION,1
65764N290000,SPONGE PAD,SRK 800 RR,5710,628,6338,MEDIUM,OTHER,1
65764T490000,REAR LOWER FENDER SPONGE PAD I 25×50×2,FORD 250,5710,628,6338,SLOW,BODY,1
65770N510000,REAR FENDER BRACKET ASSEMBLY,FORD 250,91260,10038,101298,SLOW,BODY,1
65770P950000,REAR MUD PLATE BRACKET WELDING ASSEMBLY,SRK 800 RR,125490,13803,139293,MEDIUM,OTHER,1
65771PC20000,REAR MUD BOARD BRACKET,SRV 600 V,216750,23842,240592,MEDIUM,OTHER,1
65772PC20000,REAR FENDER BRACKET II,SRV 600 V,28520,3137,31657,SLOW,BODY,1
65774P290000,STAINLESS STEEL PRESSURE PLATE II,SRV 600 V,5710,628,6338,MEDIUM,OTHER,1
65776P290000,STAINLESS STEEL PRESSURE PLATE IV,SRV 600 V,5710,628,6338,MEDIUM,OTHER,1
65801L820000,HEXAGON SOCKET FLOWER FLANGE STEP SCREW M6×15,SRK 800 RR,5710,628,6338,FAST,FASTENER,1
65801T850100,CARD ST4.2,FORD 250,5710,628,6338,MEDIUM,OTHER,1
65804N510000,REAR LICENSE PLATE RUBBER PAD,FORD 250,5710,628,6338,MEDIUM,OTHER,1
65805P250001,FUEL TANK MIDDLE GUARD CUSHION II,SRV 600 V,5710,628,6338,SLOW,BODY,1
65811N510000,BATTERY BOX SPONGE PAD,FORD 250,5710,628,6338,MEDIUM,OTHER,1
65813N510000,BATTERY BOX COVER,FORD 250,17120,1883,19003,MEDIUM,BODY,1
65816N510000,BATTERY BOX,FORD 250,45630,5019,50649,MEDIUM,OTHER,1
65821S010000,RUBBER BLOCK,FORD 250,11410,1255,12665,MEDIUM,OTHER,1
65825PAK0000,WASHER ?5,SRK 800 RR,5710,628,6338,FAST,FASTENER,1
65831P180000,PIPE CLAMP A097,SRK 800 RR,5710,628,6338,FAST,ELECTRICAL,1
65836P160000,PIPE CLAMP 0-435,SRV 600 V,5710,628,6338,FAST,ELECTRICAL,1
65850K140000,EXPANSION SCREW ASSEMBLY,FORD 250,5710,628,6338,FAST,FASTENER,1
65850P950000,EXPANSION SCREW ASSEMBLY,SRK 800 RR,5710,628,6338,FAST,FASTENER,1
65901P95020Z,"LEFT REAR COVER,RED 2 # RG,WITH STICKER",SRK 800 RR,131190,14430,145620,MEDIUM,BODY,1
65901P95021Z,"LEFT REAR COVER,BLACK BL,WITH STICKER",SRK 800 RR,131190,14430,145620,MEDIUM,BODY,1
65901P95022Z,"LEFT REAR COVER,WHITE X9,WITH STICKER",SRK 800 RR,108380,11921,120301,MEDIUM,BODY,1
65901P95023Z,"LEFT REAR COVER,RED FB,WITH STICKER",SRK 800 RR,131190,14430,145620,MEDIUM,BODY,1
65901PC2021Z,"LEFT TAIL COVER, BLACK BL,WITH STICKER",SRV 600 V,176820,19450,196270,MEDIUM,BODY,1
65901PC2025Z,"LEFT TAIL COVER, SILVERY S6,WITH STICKER",SRV 600 V,148300,16313,164613,MEDIUM,BODY,1
65901PC2026Z,"LEFT TAIL COVER, BLACK NJ,WITH STICKER",SRV 600 V,148300,16313,164613,MEDIUM,BODY,1
65902P95020Z,"RIGHT REAR COVER,RED 2 # RG,WITH STICKER",SRK 800 RR,125490,13803,139293,MEDIUM,BODY,1
65902P95021Z,"RIGHT REAR COVER,BLACK BL,WITH STICKER",SRK 800 RR,125490,13803,139293,MEDIUM,BODY,1
65902P95022Z,"RIGHT REAR COVER,WHITE X9,WITH STICKER",SRK 800 RR,102670,11293,113963,MEDIUM,BODY,1
65902P95023Z,"RIGHT REAR COVER,RED FB,WITH STICKER",SRK 800 RR,125490,13803,139293,MEDIUM,BODY,1
65902PC2021Z,"RIGHT TAIL COVER , BLACK BL,WITH STICKER",SRV 600 V,176820,19450,196270,MEDIUM,BODY,1
65902PC2025Z,"RIGHT TAIL COVER, SILVERY S6,WITH STICKER",SRV 600 V,148300,16313,164613,MEDIUM,BODY,1
65902PC2026Z,"RIGHT TAIL COVER , BLACK NJ,WITH STICKER",SRV 600 V,148300,16313,164613,MEDIUM,BODY,1
65903P950000,LEFT TAIL COVER TRIM PANEL,SRK 800 RR,11410,1255,12665,MEDIUM,BODY,1
65904P950000,RIGHT TAIL COVER TRIM PANEL,SRK 800 RR,11410,1255,12665,MEDIUM,BODY,1
65911P950000,LEFT REAR COVER MOUNTING PLATE,SRK 800 RR,22820,2510,25330,MEDIUM,BODY,1
65912P950000,RIGHT TAIL COVER MOUNTING PLATE,SRK 800 RR,22820,2510,25330,MEDIUM,BODY,1
65913P950000,REAR CAMERA MOUNTING PLATE,SRK 800 RR,5710,628,6338,MEDIUM,OTHER,1
65981PDM0000,RIGHT SIDE TRIM,SRV 250 AMT,11410,1255,12665,MEDIUM,OTHER,1
70000PC20003,INSTRUMENT ASSEMBLY,SRV 600 V,4483150,493146,4976296,MEDIUM,ELECTRICAL,1
70000PCD0000,INSTRUMENT ASSEMBLY,SRK 800 RR,4517370,496910,5014280,MEDIUM,ELECTRICAL,1
70000PDM0000,INSTRUMENT ASSEMBLY,SRV 250 AMT,1152160,126737,1278897,MEDIUM,ELECTRICAL,1
70000TAS0014,GAUGE ASSEMBLY,FORD 250,1386020,152462,1538482,MEDIUM,OTHER,1
70078P540000,INSTRUMENT BRACKET,SRV 250 AMT,79860,8784,88644,MEDIUM,ELECTRICAL,1
70078PC20000,INSTRUMENT MOUNTING BASE,SRV 600 V,57040,6274,63314,MEDIUM,ELECTRICAL,1
70168N290000,INSTRUMENT BUFFER RUBBER,FORD 250,5710,628,6338,MEDIUM,ELECTRICAL,1
70168P540000,INSTRUMENT BUFFER RUBBER,SRV 250 AMT,5710,628,6338,MEDIUM,ELECTRICAL,1
70190P540000,AMT CONTROL SWITCH,SRV 250 AMT,376450,41409,417859,MEDIUM,ELECTRICAL,1
80000N510000,HEADLIGHTS,FORD 250,1614170,177558,1791728,MEDIUM,OTHER,1
80000N890000,HEADLAMP ASSEMBLY,SRV 250 AMT,866970,95366,962336,FAST,ELECTRICAL,1
80000P950000,HEADLAMPS,SRK 800 RR,1762460,193870,1956330,FAST,ELECTRICAL,1
80000PBD0000,HEADLAMPS,SRV 600 V,1671200,183832,1855032,FAST,ELECTRICAL,1
81073N300000,TURN SIGNAL SPONGE PAD,FORD 250,5710,628,6338,MEDIUM,OTHER,1
81100N510000,FRONT LEFT TURN SIGNAL LAMP,FORD 250,182520,20077,202597,FAST,ELECTRICAL,1
81100P540000,FRONT LEFT TURN SIGNAL,SRV 250 AMT,136890,15057,151947,MEDIUM,OTHER,1
81100PAK0000,FRONT LEFT TURN SIGNAL LAMP,SRK 800 RR,205340,22587,227927,FAST,ELECTRICAL,1
81100PC20100,FRONT LEFT TURN SIGNAL,SRV 600 V,182520,20077,202597,MEDIUM,OTHER,1
81300N510000,FRONT RIGHT TURN SIGNAL LAMP,FORD 250,182520,20077,202597,FAST,ELECTRICAL,1
81300P540000,FRONT RIGHT TURN SIGNAL,SRV 250 AMT,136890,15057,151947,MEDIUM,OTHER,1
81300PAK0000,FRONT RIGHT TURN SIGNAL LAMP,SRK 800 RR,205340,22587,227927,FAST,ELECTRICAL,1
81300PC20100,FRONT RIGHT TURN SIGNAL,SRV 600 V,182520,20077,202597,MEDIUM,OTHER,1
81500PAK0000,REAR LEFT TURN SIGNAL LAMP,SRK 800 RR,205340,22587,227927,FAST,ELECTRICAL,1
81500PBD0000,REAR LEFT TURN SIGNAL,SRV 250 AMT,136890,15057,151947,MEDIUM,OTHER,1
81500PC20003,LEFT REAR TURN SIGNAL LAMP,SRV 600 V,262380,28861,291241,FAST,ELECTRICAL,1
81700PAK0000,REAR RIGHT TURN SIGNAL LAMP,SRK 800 RR,205340,22587,227927,FAST,ELECTRICAL,1
81700PBD0000,REAR RIGHT TURN SIGNAL,SRV 250 AMT,136890,15057,151947,MEDIUM,OTHER,1
81700PC20003,RIGHT REAR TURN SIGNAL LAMP,SRV 600 V,262380,28861,291241,FAST,ELECTRICAL,1
82000N510000,TAILLIGHT,FORD 250,1232010,135521,1367531,MEDIUM,OTHER,1
82000P540000,TAILLIGHT,SRV 250 AMT,359340,39527,398867,MEDIUM,OTHER,1
82000P950000,TAILLIGHT,SRK 800 RR,747200,82192,829392,MEDIUM,OTHER,1
82011J210000,TAIL LAMP FIXING RUBBER PAD,SRV 250 AMT,5710,628,6338,FAST,ELECTRICAL,1
82014S010010,BUSH,SRK 800 RR,5710,628,6338,MEDIUM,OTHER,1
82015S010010,BUSHING,FORD 250,5710,628,6338,MEDIUM,SUSPENSION,1
82018H010100,TAIL LIGHT BUSHING,SRK 800 RR,5710,628,6338,MEDIUM,SUSPENSION,1
82023J020000,TAIL LIGHT SPACER SLEEVE,SRV 600 V,5710,628,6338,MEDIUM,OTHER,1
82024H010002,TAIL LIGHT SHOCK PAD,SRK 800 RR,5710,628,6338,MEDIUM,OTHER,1
82900N490000,LICENSE PLATE LAMP,FORD 250,91260,10038,101298,FAST,ELECTRICAL,1
82900P540000,REAR LICENSE PLATE LAMP,SRV 250 AMT,45630,5019,50649,FAST,ELECTRICAL,1
82900PC20000,LICENSE PLATE LIGHT,SRV 600 V,51340,5647,56987,MEDIUM,OTHER,1
84600N51000Z,BUILT IN BOX LAMP ASSEMBLY,FORD 250,79860,8784,88644,FAST,ELECTRICAL,1
86200P250001,FRONT REFLECTOR,SRV 250 AMT,11410,1255,12665,MEDIUM,OTHER,1
86300J000000,SIDE REFLECTOR,SRK 800 RR,5710,628,6338,MEDIUM,OTHER,1
86300N060000,SIDE REFLECTOR ASSEMBLY,FORD 250,5710,628,6338,MEDIUM,OTHER,1
86300P090000,FRONT REFLECTOR,SRV 600 V,11410,1255,12665,MEDIUM,OTHER,1
86500B300010,REAR REFLECTOR,SRV 600 V,5710,628,6338,MEDIUM,OTHER,1
86500B720001,REAR REFLECTOR,FORD 250,11410,1255,12665,MEDIUM,OTHER,1
86500V020000,RETROREFLECTOR,SRV 250 AMT,5710,628,6338,MEDIUM,OTHER,1
88000N510002,SLEEVE LOCK (ELECTRONIC LOCK),FORD 250,2367060,260376,2627436,MEDIUM,OTHER,1
88000P410004,SLEEVE LOCK,SRK 800 RR,501930,55212,557142,MEDIUM,OTHER,1
88000P540000,SLEEVE LOCK,SRV 250 AMT,427790,47056,474846,MEDIUM,OTHER,1
88000PC20000,COLLET LOCK,SRV 600 V,416380,45801,462181,MEDIUM,OTHER,1
88100N290000,POWER LOCK,SRV 250 AMT,148300,16313,164613,MEDIUM,OTHER,1
88100P160000,POWER LOCK,SRV 600 V,165410,18195,183605,MEDIUM,OTHER,1
88100PCD0000,ELECTRONIC LOCK,SRK 800 RR,250970,27606,278576,MEDIUM,OTHER,1
88101N510000,POWER LOCK COVER,FORD 250,5710,628,6338,MEDIUM,BODY,1
88400P250000,FUEL TANK LOCK,SRV 600 V,222450,24469,246919,SLOW,BODY,1
88400P420000,TANK LOCK,SRV 250 AMT,188230,20705,208935,SLOW,BODY,1
88400P620000,FUEL TANK LOCK,SRK 800 RR,228150,25096,253246,SLOW,BODY,1
88800P290000,SEAT CUSHION LOCK,SRV 600 V,85560,9411,94971,MEDIUM,BODY,1
88800P410000,SEAT CUSHION LOCK,SRK 800 RR,68450,7529,75979,MEDIUM,BODY,1
88800P540000,SEAT CUSHION LOCK,SRV 250 AMT,28520,3137,31657,MEDIUM,BODY,1
88900P13090X,KEY BLANK,SRV 250 AMT,28520,3137,31657,MEDIUM,OTHER,1
88900P160000,BLANK KEY,SRV 600 V,91260,10038,101298,MEDIUM,OTHER,1
88900PAD290X,KEY BLANK,SRK 800 RR,62750,6902,69652,MEDIUM,OTHER,1
91090P250000,CLUTCH SWITCH ASSEMBLY,SRK 800 RR,22820,2510,25330,MEDIUM,ENGINE,1
91170TA70002,SINGLE SUPPORT FLAMEOUT SWITCH,FORD 250,125490,13803,139293,MEDIUM,ELECTRICAL,1
91170V020000,SINGLE SUPPORT FLAMEOUT SWITCH,SRV 250 AMT,85560,9411,94971,MEDIUM,ELECTRICAL,1
91210N300000,DUMP SENSOR,FORD 250,154010,16941,170951,MEDIUM,ELECTRICAL,1
92000N590009,CABLE ASSEMBLY,FORD 250,3422250,376447,3798697,FAST,OTHER,1
92000P54000J,CABLE ASSEMBLY,SRV 250 AMT,3587660,394642,3982302,FAST,OTHER,1
92000PC20003,CABLE ASSEMBLY,SRV 600 V,3536330,388996,3925326,FAST,OTHER,1
92000PCD0003,CABLE ASSEMBLY,SRK 800 RR,3507810,385859,3893669,FAST,OTHER,1
92039S010000,RELAY,SRV 250 AMT,57040,6274,63314,MEDIUM,ELECTRICAL,1
92056U430000,PROTECTIVE SLEEVE FOR POSITIVE WIRE,SRV 250 AMT,5710,628,6338,MEDIUM,OTHER,1
92058P060000,ABS SWITCH FOR PLUG-IN,FORD 250,11410,1255,12665,FAST,ELECTRICAL,1
92059D730000,INTELLIGENT CONTROLLER PAIR PLUG-IN,FORD 250,11410,1255,12665,FAST,DRIVE,1
92059P060000,INTELLIGENT CONTROLLER PAIR PLUG-IN,FORD 250,11410,1255,12665,FAST,DRIVE,1
92200P540001,POWER CORD,SRV 250 AMT,57040,6274,63314,MEDIUM,OTHER,1
92200PCD0000,POWER LINE,SRK 800 RR,51340,5647,56987,MEDIUM,OTHER,1
92300P540001,MOTOR LINE,SRV 250 AMT,114080,12548,126628,MEDIUM,OTHER,1
92360P320003,FRONT BRAKE SWITCH ADAPTER,FORD 250,45630,5019,50649,FAST,BRAKE,1
92360P320006,BRAKE SWITCH WIRE,SRV 250 AMT,51340,5647,56987,FAST,BRAKE,1
92500P540000,GROUND WIRE,SRV 250 AMT,102670,11293,113963,MEDIUM,OTHER,1
92500PC20000,GROUNDING WIRE,SRV 600 V,302300,33253,335553,MEDIUM,OTHER,1
92620N590000,PKE ADAPTER CABLE,FORD 250,228150,25096,253246,FAST,OTHER,1
92640P950000,OIL PRESSURE LINE,SRK 800 RR,39930,4392,44322,FAST,OIL_FLUID,1
92640PC20001,OIL PRESSURE ADAPTER LINE,SRV 600 V,28520,3137,31657,FAST,OIL_FLUID,1
92680PC20000,TAIL LIGHT ADAPTER CABLE,SRV 600 V,119780,13175,132955,FAST,OTHER,1
92928P290000,OXYGEN SENSOR CONNECTOR CLIP,SRV 600 V,5710,628,6338,MEDIUM,ELECTRICAL,1
92950L790000,CAR USB CHARGER,SRV 600 V,239560,26351,265911,MEDIUM,OTHER,1
94100P060001,RELAY,FORD 250,28520,3137,31657,MEDIUM,ELECTRICAL,1
94100P540000,START RELAY,SRV 250 AMT,114080,12548,126628,MEDIUM,ELECTRICAL,1
94100PCD0000,START RELAY,SRK 800 RR,114080,12548,126628,MEDIUM,ELECTRICAL,1
94100V020000,START RELAY,FORD 250,62750,6902,69652,MEDIUM,ELECTRICAL,1
95100K670001,HORN,FORD 250,45630,5019,50649,MEDIUM,ELECTRICAL,1
95100P160002,HORN,SRV 600 V,91260,10038,101298,MEDIUM,ELECTRICAL,1
95100P950000,HORN,SRK 800 RR,45630,5019,50649,MEDIUM,ELECTRICAL,1
95100S010012,HORN,SRV 250 AMT,39930,4392,44322,MEDIUM,ELECTRICAL,1
95950P730000,TIRE PRESSURE SENSOR,SRK 800 RR,370750,40782,411532,MEDIUM,ELECTRICAL,1
95950P850000,TIRE SENSING SENSOR,SRV 600 V,296600,32626,329226,MEDIUM,ELECTRICAL,1
96001N350000,BANDAGE,SRK 800 RR,5710,628,6338,MEDIUM,OTHER,1
96001P360000,THREAD BINDING,FORD 250,5710,628,6338,MEDIUM,OTHER,1
96003P250000,CORD CLAMP,SRV 250 AMT,5710,628,6338,FAST,ELECTRICAL,1
96003P360000,NYLON CABLE TIE,FORD 250,5710,628,6338,FAST,OTHER,1
96004P600000,SPLITTING STRAPS,FORD 250,5710,628,6338,MEDIUM,OTHER,1
96005P600000,SPLIT-TYPE CABLE TIE 25,FORD 250,11410,1255,12665,FAST,OTHER,1
96020P950000,BATTERY STRAP ASSEMBLY,SRK 800 RR,17120,1883,19003,MEDIUM,OTHER,1
96020T750000,BATTERY STRAP,SRV 250 AMT,11410,1255,12665,MEDIUM,OTHER,1
96030N420000,DOUBLE HEADED BUCKLE,SRV 250 AMT,5710,628,6338,MEDIUM,OTHER,1
96031L750000,WIRE HARNESS BUCKLE,SRK 800 RR,11410,1255,12665,MEDIUM,ELECTRICAL,1
96031N350000,BUCKLE 1.5 SERIES,FORD 250,5710,628,6338,MEDIUM,OTHER,1
96031P600000,SHEET METAL BUCKLE,FORD 250,5710,628,6338,MEDIUM,OTHER,1
96039P600000,SELF-ADHESIVE FIXING SEAT,FORD 250,5710,628,6338,MEDIUM,BODY,1
96100N510000,BATTERY,FORD 250,661640,72780,734420,MEDIUM,OTHER,1
96100P810000,STORAGE BATTERY,SRV 250 AMT,678750,74662,753412,MEDIUM,OTHER,1
96110P370000,STORAGE BATTERY,SRV 600 V,792830,87211,880041,MEDIUM,OTHER,1
96200L950000,HIGH PRESSURE PACKAGE ASSEMBLY,FORD 250,108380,11921,120301,MEDIUM,OTHER,1
96200P250000,PEN TYPE HIGH PRESSURE PACK,SRV 600 V,268080,29488,297568,MEDIUM,OTHER,1
96200P540000,HIGH VOLTAGE PACKAGE,SRV 250 AMT,302300,33253,335553,MEDIUM,OTHER,1
96200P540001,LEFT HIGH-PRESSURE PACKAGE,SRV 250 AMT,302300,33253,335553,MEDIUM,OTHER,1
96200P950005,HIGH PRESSURE BAG,SRK 800 RR,268080,29488,297568,MEDIUM,OTHER,1
96200P950006,HIGH PRESSURE BAG,SRK 800 RR,262380,28861,291241,MEDIUM,OTHER,1
96400P930001,FLASHER,SRK 800 RR,125490,13803,139293,MEDIUM,ELECTRICAL,1
96400T960000,ESS FLASHER,FORD 250,131190,14430,145620,MEDIUM,ELECTRICAL,1
96400TA70100,FLASHER,SRV 250 AMT,136890,15057,151947,MEDIUM,ELECTRICAL,1
96810P060000,FUSES,FORD 250,5710,628,6338,MEDIUM,OTHER,1
96820P060000,MINI FUSE/15A,SRV 250 AMT,5710,628,6338,MEDIUM,OTHER,1
96840P060000,MINI FUSE/25A,SRV 250 AMT,5710,628,6338,MEDIUM,OTHER,1
96890P060000,CHIP FUSE/40A,SRV 250 AMT,5710,628,6338,MEDIUM,OTHER,1
96910PAK0000,INTAKE PRESSURE SENSOR,FORD 250,336530,37018,373548,MEDIUM,ELECTRICAL,1
96C00H504901,ECU,FORD 250,1157870,127365,1285235,MEDIUM,ELECTRICAL,1
96C00N890002,ECU,SRV 250 AMT,1425940,156853,1582793,MEDIUM,ELECTRICAL,1
96C00PC20003,ECU,SRV 600 V,2868990,315588,3184578,MEDIUM,ELECTRICAL,1
96C00PCD0003,ECU,SRK 800 RR,2840470,312451,3152921,MEDIUM,ELECTRICAL,1
96J00PBY0000,CENTRAL CONTROLLER,SRV 600 V,1020980,112307,1133287,FAST,DRIVE,1
96T00N890000,TCU,SRV 250 AMT,4580120,503813,5083933,MEDIUM,OTHER,1
98901S010000,SENSOR RUBBER,FORD 250,11410,1255,12665,MEDIUM,ELECTRICAL,1
99700N510000,ON BOARD USB CHARGER,FORD 250,148300,16313,164613,MEDIUM,OTHER,1
99700S070004,VEHICLE USB CHARGER,SRV 250 AMT,131190,14430,145620,MEDIUM,OTHER,1
B00010130007,PIPE CLAMP ?13,SRV 600 V,5710,628,6338,FAST,ELECTRICAL,1
B0103050126H,BOLT M5×12,FORD 250,5710,628,6338,FAST,FASTENER,1
B0103060126H,HEX BOLTS M6×12,SRV 250 AMT,5710,628,6338,FAST,FASTENER,1
B0107050126H,HEXAGON FLANGE BOLT M5×12,SRV 600 V,5710,628,6338,FAST,FASTENER,1
B0107050166H,BOLT M5×16,FORD 250,5710,628,6338,FAST,FASTENER,1
B0107050206H,HEXAGON FLANGE BOLTS M5×20,SRV 250 AMT,5710,628,6338,FAST,FASTENER,1
B0107060126H,HEXAGON FLANGE BOLT M6×12,SRV 250 AMT,5710,628,6338,FAST,FASTENER,1
B0107060146H,Hexagon bolts with flange,SRV 250 AMT,5710,628,6338,FAST,FASTENER,1
B0107060156H,BOLT M6×15,SRV 250 AMT,5710,628,6338,FAST,FASTENER,1
B0107060166H,BOLT M6×16,FORD 250,5710,628,6338,FAST,FASTENER,1
B0107060186H,BOLT M6×18,SRV 250 AMT,5710,628,6338,FAST,FASTENER,1
B0107060206H,BOLT M6×20,FORD 250,5710,628,6338,FAST,FASTENER,1
B0107060226H,HEXAGON FLANGE BOLT M6×22,FORD 250,5710,628,6338,FAST,FASTENER,1
B0107060256H,BOLT M6×25,FORD 250,5710,628,6338,FAST,FASTENER,1
B0107060286H,BOLT M6×28,SRK 800 RR,5710,628,6338,FAST,FASTENER,1
B0107060356H,BOLT M6×35,SRK 800 RR,5710,628,6338,FAST,FASTENER,1
B0107060406H,BOLT M6×40,SRK 800 RR,5710,628,6338,FAST,FASTENER,1
B0107060456H,BOLT M6×45,SRV 250 AMT,5710,628,6338,FAST,FASTENER,1
B0107060506H,BOLT M6×50,SRV 250 AMT,5710,628,6338,FAST,FASTENER,1
B0107060556H,BOLT M6×55,SRV 250 AMT,5710,628,6338,FAST,FASTENER,1
B0107060606H,BOLT M6×60,FORD 250,5710,628,6338,FAST,FASTENER,1
B0107060706H,BOLT M6×70,FORD 250,5710,628,6338,FAST,FASTENER,1
B0107060756H,BOLT M6×75,SRV 250 AMT,5710,628,6338,FAST,FASTENER,1
B0107060806H,BOLT M6×80,FORD 250,5710,628,6338,FAST,FASTENER,1
B0107061056H,BOLT M6×105,FORD 250,5710,628,6338,FAST,FASTENER,1
B01070612564,BOLT M6×125,FORD 250,5710,628,6338,FAST,FASTENER,1
B0107080156H,BOLT M8×15,FORD 250,5710,628,6338,FAST,FASTENER,1
B0107080256H,BOLT M8×25,FORD 250,5710,628,6338,FAST,FASTENER,1
B0107080456H,BOLT M8×45,SRK 800 RR,5710,628,6338,FAST,FASTENER,1
B0107100756H,BOLT M10×75,SRK 800 RR,11410,1255,12665,FAST,FASTENER,1
B0109060146H,BOLT M6×14,SRV 600 V,5710,628,6338,FAST,FASTENER,1
B0109060256H,BOLT M6×25,SRV 250 AMT,5710,628,6338,FAST,FASTENER,1
B0109060256K,HEXAGONAL TORX BOLT M6×25,FORD 250,5710,628,6338,FAST,FASTENER,1
B0109060306H,BOLT M6×30,SRV 600 V,5710,628,6338,FAST,FASTENER,1
B0109060326H,BOLT M6×32,SRK 800 RR,5710,628,6338,FAST,FASTENER,1
B0109080356H,BOLT M8×35,SRK 800 RR,5710,628,6338,FAST,FASTENER,1
B0159101136H,HEXAGON FLANGE BOLT M10×1.25×113,SRV 250 AMT,11410,1255,12665,FAST,FASTENER,1
B0159101656H,HEXAGON FLANGE BOLT M10×1.25×165,SRV 250 AMT,17120,1883,19003,FAST,FASTENER,1
B0159101706H,BOLT M10×1.25×170,SRV 250 AMT,17120,1883,19003,FAST,FASTENER,1
B0182080406H,BOLT M8×40,FORD 250,5710,628,6338,FAST,FASTENER,1
B02000300862,SCREW M3×8,FORD 250,5710,628,6338,FAST,FASTENER,1
B0200040102K,CROSS RECESSED PAN HEAD SCREW M4×10,SRV 600 V,5710,628,6338,FAST,FASTENER,1
B0200050082H,BOLT M5×8,FORD 250,5710,628,6338,FAST,FASTENER,1
B02000501029,SCREWS M5×10,SRV 600 V,5710,628,6338,FAST,FASTENER,1
B0200050102G,CROSS RECESSED PAN HEAD SCREW M5×10,SRK 800 RR,5710,628,6338,FAST,FASTENER,1
B02000501429,SCREWS M5×14,SRK 800 RR,5710,628,6338,FAST,FASTENER,1
B0201060126H,CROSS RECESSED COUNTERSUNK HEAD SCREW M6×12,SRV 250 AMT,5710,628,6338,FAST,FASTENER,1
B0201060162H,CROSS RECESSED COUNTERSUNK HEAD SCREW M6×16,SRK 800 RR,5710,628,6338,FAST,FASTENER,1
B0201060252S,CROSS RECESSED COUNTERSUNK HEAD SCREW M6×25,SRV 600 V,5710,628,6338,FAST,FASTENER,1
B0201060256H,OIL PUMP SCREW M6×25,FORD 250,5710,628,6338,FAST,ENGINE,1
B0204040122H,SCREW ASSEMBLY M4×10,SRK 800 RR,5710,628,6338,FAST,FASTENER,1
B02040501629,SCREWS M5×16,SRK 800 RR,5710,628,6338,FAST,FASTENER,1
B0205050126H,SCREW M5×12,SRV 250 AMT,5710,628,6338,FAST,FASTENER,1
B0205050306H,SCREW M5×30,SRV 250 AMT,5710,628,6338,FAST,FASTENER,1
B0205060128H,SCREW M6×12,FORD 250,5710,628,6338,FAST,FASTENER,1
B0205060156H,HEXAGONAL SOCKET HEAD SCREW M6×15,FORD 250,5710,628,6338,FAST,FASTENER,1
B0205060166H,HEXAGONAL CYLINDRICAL HEAD M6×16,SRV 250 AMT,5710,628,6338,MEDIUM,OTHER,1
B0205060206H,ALLEN CYLINDRICAL HEAD SCREW M6X20,SRV 600 V,5710,628,6338,FAST,FASTENER,1
B0205060256A,HEXAGON SOCKET SCREW M6×25,SRK 800 RR,5710,628,6338,FAST,FASTENER,1
B0205060256H,HEXAGON SCREW M6×25,FORD 250,5710,628,6338,FAST,FASTENER,1
B0205060326H,ALLEN CYLINDRICAL HEAD SCREW M6×32,SRV 600 V,5710,628,6338,FAST,FASTENER,1
B0205060356H,HEXAGON SOCKET SCREW M6×35,SRV 600 V,5710,628,6338,FAST,FASTENER,1
B02050801264,SCREW M8×12,SRK 800 RR,5710,628,6338,FAST,FASTENER,1
B0205080206H,HEXAGON SOCKET HEAD CAP SCREW M8×20,SRK 800 RR,5710,628,6338,FAST,FASTENER,1
B02050813064,SCREW M8×130,SRV 250 AMT,11410,1255,12665,FAST,FASTENER,1
B0205081406H,SCREW M6×140,SRV 250 AMT,11410,1255,12665,FAST,FASTENER,1
B0217060168H,SCREW M6×16,FORD 250,5710,628,6338,FAST,FASTENER,1
B0218060106A,HEXAGON SOCKET SCREW M6×10,SRK 800 RR,5710,628,6338,FAST,FASTENER,1
B0226040106S,HEXAGON SOCKET HEAD CAP SCREW M4×10,SRV 250 AMT,5710,628,6338,FAST,FASTENER,1
B0226050126S,HEXAGON LOBULAR CYLINDRICAL HEAD SCREW M5×12,SRV 600 V,5710,628,6338,FAST,FASTENER,1
B0226050146A,HEXAGON SOCKET HEAD CAP SCREW M5×14,SRV 250 AMT,5710,628,6338,FAST,FASTENER,1
B0226050146S,HEXAGON SOCKET HEAD CAP SCREW M5×14,SRV 250 AMT,5710,628,6338,FAST,FASTENER,1
B0226050166S,HEXAGON LOBULAR CYLINDRICAL HEAD SCREW M5×16,SRK 800 RR,5710,628,6338,FAST,FASTENER,1
B0226050306A,HEXAGON SOCKET HEAD CAP SCREW M5×30,SRV 250 AMT,5710,628,6338,FAST,FASTENER,1
B0226060126S,HEXAGON SOCKET HEAD CAP SCREW M6×12,SRV 250 AMT,5710,628,6338,FAST,FASTENER,1
B0226060166P,HEXAGON SOCKET TORX CHEESE HEAD SCREW M6×16,SRV 250 AMT,5710,628,6338,FAST,FASTENER,1
B0226060166S,BOLTM6×16,SRV 250 AMT,5710,628,6338,FAST,FASTENER,1
B0226060206S,HEXAGONAL FLOWER SHAPED CYLINDRICAL HEAD SCREW M6×20,SRV 250 AMT,5710,628,6338,FAST,FASTENER,1
B0226060256S,HEXAGON SOCKET HEAD CAP SCREW M6×25,SRV 250 AMT,5710,628,6338,FAST,FASTENER,1
B0226060306S,HEXAGONAL FLOWER SHAPED CYLINDRICAL HEAD SCREW M6×30,SRV 250 AMT,5710,628,6338,FAST,FASTENER,1
B0226080256S,HEXAGON SOCKET HEAD CAP SCREW M8×25,SRK 800 RR,5710,628,6338,FAST,FASTENER,1
B0226080306S,HEXAGON SOCKET HEAD CAP SCREW M8×30,FORD 250,5710,628,6338,FAST,FASTENER,1
B0226080356S,HEXAGON SOCKET HEAD SCREW M8×35,SRV 250 AMT,5710,628,6338,FAST,FASTENER,1
B0226080406S,HEXAGON SOCKET HEAD CAP SCREW M8×40,SRV 600 V,5710,628,6338,FAST,FASTENER,1
B0226100226S,HEXAGON SOCKET HEAD CAP SCREW M10×22,SRV 250 AMT,5710,628,6338,FAST,FASTENER,1
B0226100306S,HEXAGON LOBULAR CYLINDRICAL HEAD SCREW M10×30,SRV 600 V,11410,1255,12665,FAST,FASTENER,1
B0226100356S,HEXAGON SOCKET HEAD CAP SCREW M10×35,SRV 250 AMT,11410,1255,12665,FAST,FASTENER,1
B0226100656S,HEXAGONAL FLOWER SHAPED CYLINDRICAL HEAD SCREW M10×65,SRV 600 V,11410,1255,12665,FAST,FASTENER,1
B0276100456P,HEXAGON SOCKET HEAD CAP SCREW M10×1.25×45,FORD 250,11410,1255,12665,FAST,FASTENER,1
B0280050140A,HEXAGON SOCKET SCREW M5×14,SRV 600 V,5710,628,6338,FAST,FASTENER,1
B0280050300A,HEXAGON SOCKET SCREW M5×30,SRV 600 V,5710,628,6338,FAST,FASTENER,1
B02810602562,SCREW M6×25-8.8-ZG,SRV 600 V,5710,628,6338,FAST,FASTENER,1
B02810603062,BOLT M6×30,SRV 250 AMT,5710,628,6338,FAST,FASTENER,1
B0281080256K,BOLT M8×1.25×25,SRV 250 AMT,5710,628,6338,FAST,FASTENER,1
B02810803562,BOLT M8×1.25×35,SRV 250 AMT,5710,628,6338,FAST,FASTENER,1
B0283060146H,SCREWS M6×14,SRV 600 V,5710,628,6338,FAST,FASTENER,1
B02830601962,BOLT M6×19,FORD 250,5710,628,6338,FAST,FASTENER,1
B02830602562,BOLT M6×25,FORD 250,5710,628,6338,FAST,FASTENER,1
B0400050005A,NUT M5,FORD 250,5710,628,6338,FAST,FASTENER,1
B0400080005H,NUT M8,SRV 250 AMT,5710,628,6338,FAST,FASTENER,1
B0402050001H,HEXAGON THIN NUT M5,SRK 800 RR,5710,628,6338,FAST,FASTENER,1
B04020600018,THIN NUT M6,SRK 800 RR,5710,628,6338,FAST,FASTENER,1
B0403101251H,HEXAGON THIN NUT M10×1.25,SRV 250 AMT,5710,628,6338,FAST,FASTENER,1
B0407060005H,NUT M6,FORD 250,5710,628,6338,FAST,FASTENER,1
B0407080005H,HEXAGON FLANGE NUT M8,SRV 600 V,5710,628,6338,FAST,FASTENER,1
B0407080007H,NUT M8,FORD 250,5710,628,6338,FAST,FASTENER,1
B0417050004H,ALL METAL HEXAGON FLANGE LOCK NUT M5,SRV 250 AMT,5710,628,6338,FAST,FASTENER,1
B0417060004H,SELF LOCKING NUT M6,SRV 250 AMT,5710,628,6338,FAST,FASTENER,1
B04170600055,SELF-LOCKING NUT M6,SRK 800 RR,5710,628,6338,FAST,FASTENER,1
B0417080004H,SELF LOCKING NUT M8,SRV 250 AMT,5710,628,6338,FAST,FASTENER,1
B0417100004H,FULL METAL HEXAGONAL FLANGE LOCKING NUT M10,SRV 600 V,5710,628,6338,FAST,FASTENER,1
B0417101254H,HEXAGON FLANGE NUT M10,FORD 250,5710,628,6338,FAST,FASTENER,1
B0417121254H,SELF-LOCKING NUT M12×1.25,SRK 800 RR,5710,628,6338,FAST,FASTENER,1
B0417141504H,SELF-LOCKING NUT M14×1.5,FORD 250,5710,628,6338,FAST,FASTENER,1
B0417161504H,SELF LOCKING NUT M16×1.5,FORD 250,11410,1255,12665,FAST,FASTENER,1
B04220500044,CAP NUT M5,SRV 600 V,5710,628,6338,FAST,FASTENER,1
B0422060004H,NUT M6,SRV 250 AMT,5710,628,6338,FAST,FASTENER,1
B04220800054,CAP NUT M8,SRV 250 AMT,5710,628,6338,FAST,FASTENER,1
B0443050120H,RIVET NUT M5×12,SRK 800 RR,5710,628,6338,FAST,FASTENER,1
B04800600052,NUT M6-8-ZG ZINC,SRV 600 V,5710,628,6338,FAST,FASTENER,1
B04810600052,NUT M6×1,FORD 250,5710,628,6338,FAST,FASTENER,1
B04821012552,SELF LOCKING NUT M10×1.25,SRV 250 AMT,5710,628,6338,FAST,FASTENER,1
B0482101255P,SELF-LOCKING NUT M10×1.25,SRK 800 RR,5710,628,6338,FAST,FASTENER,1
B0500420130H,SELF TAPPING SCREW ST4.2×13,FORD 250,5710,628,6338,FAST,FASTENER,1
B0500420160H,CROSS RECESSED PAN HEAD TAPPING SCREW ST4.2×16,SRV 250 AMT,5710,628,6338,FAST,FASTENER,1
B0507420101H,SELF TAPPING SCREW ST4.2×10,SRV 600 V,5710,628,6338,FAST,FASTENER,1
B0507420130G,CROSS RECESSED LARGE SPHERICAL HEAD TAPPING SCREW ST4.2×13,SRV 600 V,5710,628,6338,FAST,FASTENER,1
B0507420130H,TAPPING SCREW ST4.2×13,FORD 250,5710,628,6338,FAST,FASTENER,1
B0507420160H,SELF TAPPING SCREW ST4.2×16,SRV 250 AMT,5710,628,6338,FAST,FASTENER,1
B0507480130G,SELF TAPPING SCREW ST4.8×13,FORD 250,5710,628,6338,FAST,FASTENER,1
B0507480130H,SELF-SCREW4.8X13,FORD 250,5710,628,6338,FAST,FASTENER,1
B0700000050A,SPRING WASHER 8,FORD 250,5710,628,6338,FAST,FASTENER,1
B0700000060A,SPRING WASHER 6,FORD 250,5710,628,6338,FAST,FASTENER,1
B0700000060G,SPRING WASHER 6,SRK 800 RR,5710,628,6338,FAST,FASTENER,1
B0700000060H,SPRING WASHER 6,SRV 250 AMT,5710,628,6338,FAST,FASTENER,1
B0700000080A,SPRING WASHER 8,FORD 250,5710,628,6338,FAST,FASTENER,1
B0700000080H,SPRING WASHER 8,SRV 600 V,5710,628,6338,FAST,FASTENER,1
B0700000100H,SPRING WASHER 10,FORD 250,5710,628,6338,FAST,FASTENER,1
B0702000050H,WASHER 5,SRK 800 RR,5710,628,6338,FAST,FASTENER,1
B0702000050K,WASHER,FORD 250,5710,628,6338,FAST,FASTENER,1
B0702000060A,WASHER ? 6,FORD 250,5710,628,6338,FAST,FASTENER,1
B0702000060G,FLAT WASHER ?6,FORD 250,5710,628,6338,FAST,FASTENER,1
B0702000060H,WASHER ?6,SRV 250 AMT,5710,628,6338,FAST,FASTENER,1
B0702000080H,WASHER 8,SRV 600 V,5710,628,6338,FAST,FASTENER,1
B0702000100H,LARGE GASKET ?10,SRV 250 AMT,5710,628,6338,FAST,FASTENER,1
B0703000050H,FLAT WASHER ?5,SRV 250 AMT,5710,628,6338,FAST,FASTENER,1
B0703000060A,WASHERS ? 6,FORD 250,5710,628,6338,FAST,FASTENER,1
B0703000060H,WASHERS ?6,SRV 250 AMT,5710,628,6338,FAST,FASTENER,1
B0703000080A,WASHER 8,FORD 250,5710,628,6338,FAST,FASTENER,1
B0703000080G,FLAT WASHER 8,SRV 600 V,5710,628,6338,FAST,FASTENER,1
B0703000080H,WASHER 8,SRV 250 AMT,5710,628,6338,FAST,FASTENER,1
B0703000100H,WASHER 10,FORD 250,5710,628,6338,FAST,FASTENER,1
B0703000100K,WASHER 10,FORD 250,5710,628,6338,FAST,FASTENER,1
B080000020A1,ELASTIC RETAINING RING FOR HOLES 20,SRV 250 AMT,5710,628,6338,MEDIUM,OTHER,1
B08000002800,RING ?28,FORD 250,5710,628,6338,MEDIUM,OTHER,1
B08000003701,CIRCLIP FOR HOLE ?37,SRK 800 RR,5710,628,6338,MEDIUM,FASTENER,1
B08000004701,CIRCLIP FOR HOLE ?47,FORD 250,5710,628,6338,MEDIUM,FASTENER,1
B08010001000,SHAFT WITH ELASTIC RETAINER 10,SRV 250 AMT,5710,628,6338,SLOW,OTHER,1
B08010001201,RETAINING RINGS FOR SHAFTS ?12,FORD 250,5710,628,6338,SLOW,OTHER,1
B080100014A1,CIRCLIP FOR SHAFT 14,SRV 600 V,5710,628,6338,SLOW,FASTENER,1
B08010002501,SHAFT RETAINING RING 25,FORD 250,5710,628,6338,SLOW,OTHER,1
B08030000200,CIRCLIP,SRK 800 RR,5710,628,6338,MEDIUM,FASTENER,1
B08030000601,RING 6,FORD 250,5710,628,6338,MEDIUM,OTHER,1
B0881000500H,RETAINING RING ?55,SRK 800 RR,5710,628,6338,MEDIUM,OTHER,1
B08810006200,RETAINING RING ?62,SRK 800 RR,5710,628,6338,MEDIUM,OTHER,1
B090002018AH,COTTER PIN ? 2×18,FORD 250,5710,628,6338,MEDIUM,OTHER,1
B0900250241H,SPLIT PIN ? TWO POINT FIVE×24,SRV 600 V,5710,628,6338,MEDIUM,OTHER,1
B090103022B0,PARALLEL PIN B3×22,FORD 250,5710,628,6338,MEDIUM,OTHER,1
B090104005A0,PIN 4×5.0,SRK 800 RR,5710,628,6338,MEDIUM,OTHER,1
B090104008B0,CYLINDRICAL PINS 4×8,SRV 600 V,5710,628,6338,MEDIUM,OTHER,1
B090105008AA,LOCATING PIN 5×8,SRV 250 AMT,5710,628,6338,MEDIUM,OTHER,1
B09012501220,PARALLEL PIN B2.5×12,FORD 250,5710,628,6338,MEDIUM,OTHER,1
B090408020BH,PIN SHAFT 8×20,SRV 600 V,5710,628,6338,SLOW,OTHER,1
B091403014B0,PARALLEL PIN B3×14,FORD 250,5710,628,6338,MEDIUM,OTHER,1
B091404006B0,PIN 4×6,SRV 250 AMT,5710,628,6338,MEDIUM,OTHER,1
B091404008B4,CYLINDRICAL PIN 4×8,SRK 800 RR,5710,628,6338,MEDIUM,OTHER,1
B091406010A0,CYLINDRICAL PIN 6×10,SRK 800 RR,5710,628,6338,MEDIUM,OTHER,1
B091410016A0,CYLINDER PIN 10×16,SRK 800 RR,5710,628,6338,SLOW,ENGINE,1
B100432007P0,BLIND RIVET 3.2×7,FORD 250,5710,628,6338,MEDIUM,OTHER,1
B12016000003,BEARING 6000,SRV 250 AMT,22820,2510,25330,FAST,SUSPENSION,1
B12016000200,BEARING 6002-2RS,FORD 250,11410,1255,12665,FAST,SUSPENSION,1
B12016000500,BEARING 6005-2RS,SRV 600 V,22820,2510,25330,FAST,SUSPENSION,1
B12016000600,BEARINGS,FORD 250,39930,4392,44322,FAST,SUSPENSION,1
B12016020400,ROLLING BEARING 6204-2RS,FORD 250,22820,2510,25330,FAST,SUSPENSION,1
B12016020415,DEEP GROOVE BALL BEARING 6204-RS/P53,SRK 800 RR,119780,13175,132955,FAST,SUSPENSION,1
B12016020500,ROLLING BEARING 6205-2RS,SRV 250 AMT,28520,3137,31657,FAST,SUSPENSION,1
B12016020517,DEEP GROOVE BALL BEARING 6205-P63,FORD 250,79860,8784,88644,FAST,SUSPENSION,1
B12016020702,ROLLING BEARING,SRV 250 AMT,91260,10038,101298,FAST,SUSPENSION,1
B12016030206,DEEP GROOVE BALL BEARING 6302/P6,FORD 250,79860,8784,88644,FAST,SUSPENSION,1
B12016030303,DEEP GROOVE BALL BEARINGS 6303/P6,FORD 250,28520,3137,31657,FAST,SUSPENSION,1
B12016030400,ROLLING BEARING 6304-2RS,SRV 250 AMT,34230,3765,37995,FAST,SUSPENSION,1
B12016030402,DEEP GROOVE BALL BEARING 6304/P53 Z2,SRV 250 AMT,34230,3765,37995,FAST,SUSPENSION,1
B12016160500,DEEP GROOVE BALL BEARINGS 25×47×8,SRV 600 V,131190,14430,145620,FAST,SUSPENSION,1
B12016190400,ROLLING BEARING 61904-2RS,SRK 800 RR,22820,2510,25330,FAST,SUSPENSION,1
B12016190603,BEARINGS 61906-2LS,FORD 250,39930,4392,44322,FAST,SUSPENSION,1
B12016600401,ROLLING BEARING 16004,SRV 600 V,34230,3765,37995,FAST,SUSPENSION,1
B12016632202,ROLLING BEARING,SRV 250 AMT,51340,5647,56987,FAST,SUSPENSION,1
B1203J102400,THRUST NEEDLE ROLLER AND CAGE ASSEMBLY,SRV 250 AMT,17120,1883,19003,FAST,DRIVE,1
B1210H262001,NEEDLE BEARING 26×34×20,SRV 600 V,39930,4392,44322,FAST,SUSPENSION,1
B1210H490400,NEEDLE BEARING NA4904,SRK 800 RR,39930,4392,44322,FAST,SUSPENSION,1
B1212K121002,NEEDLE BEARING 12×16×10,SRV 600 V,5710,628,6338,FAST,SUSPENSION,1
B1212K141202,NEEDLE BEARING HK1412,SRV 600 V,57040,6274,63314,FAST,SUSPENSION,1
B1212K151800,NEEDLE ROLLER BEARING 15×21×18,SRV 250 AMT,22820,2510,25330,FAST,DRIVE,1
B1212K202000,NEEDLE ROLLER BEARING HK2020,SRV 250 AMT,11410,1255,12665,FAST,DRIVE,1
B1308040102H,COMBINATION SCREW M4×10,SRV 250 AMT,5710,628,6338,FAST,FASTENER,1
B1308040140H,COMBINATION SCREW M4×14,FORD 250,5710,628,6338,FAST,FASTENER,1
B1308050100H,COMBINATION SCREW M5×10,SRV 250 AMT,5710,628,6338,FAST,FASTENER,1
B140107D1320,VACUUM TYRE 120/70-13,FORD 250,678750,74662,753412,MEDIUM,OTHER,1
B140107D1726,VACUUM TIRE 120/70 ZR17,SRK 800 RR,2156020,237162,2393182,MEDIUM,OTHER,1
B140107E1620,VACUUM TIRE 120 / 80-16,SRV 250 AMT,1089420,119836,1209256,MEDIUM,OTHER,1
B140108F1620,VACUUM TIRE 130/90-16,SRV 600 V,1477280,162500,1639780,MEDIUM,OTHER,1
B140110D1320,VACUUM TIRE 150/70-13,FORD 250,1146460,126110,1272570,MEDIUM,OTHER,1
B140110E1520,VACUUM TIRE 150 / 80-15,SRV 250 AMT,1574240,173166,1747406,MEDIUM,OTHER,1
B140113B1722,VACUUM TIRE 180/55 ZR17,SRK 800 RR,3068620,337548,3406168,MEDIUM,OTHER,1
B1403Z201100,VALVE STEM,SRV 250 AMT,5710,628,6338,MEDIUM,ENGINE,1
B1403Z201120,VALVE,FORD 250,11410,1255,12665,MEDIUM,ENGINE,1
B1701010500H,STEEL WIRE CLAMP,SRV 250 AMT,5710,628,6338,FAST,ELECTRICAL,1
B1701012500H,PLATE CLAMP ? 12.5,FORD 250,5710,628,6338,FAST,ELECTRICAL,1
B190102240A0,O-RING 22.4×1.8,SRV 250 AMT,5710,628,6338,MEDIUM,OTHER,1
B190102580B0,O-RING 25.8×2.65,SRV 600 V,5710,628,6338,MEDIUM,OTHER,1
B190102650B0,O-RING 26.5×1.8,SRV 600 V,5710,628,6338,MEDIUM,OTHER,1
B190102700A0,O-RING 27×2,FORD 250,5710,628,6338,MEDIUM,OTHER,1
B190103000B0,O-RING,SRK 800 RR,5710,628,6338,MEDIUM,OTHER,1
B190103350B0,O-RING 33.5×2.65,SRV 250 AMT,5710,628,6338,MEDIUM,OTHER,1
B190103650A0,O-RING 36.5×1.8,SRK 800 RR,5710,628,6338,MEDIUM,OTHER,1
B190103870A0,O-RING 38.7×1.8,FORD 250,5710,628,6338,MEDIUM,OTHER,1
B190103870B0,O-RING ?38.7×?2.65,SRK 800 RR,5710,628,6338,MEDIUM,OTHER,1
B190104170B0,O-RING ? 41.7×? 2.65,SRV 600 V,5710,628,6338,MEDIUM,OTHER,1
B190106050B0,O-RING SEAL RING,SRV 250 AMT,5710,628,6338,FAST,FASTENER,1
B200110012PE,WRENCH14-17,FORD 250,22820,2510,25330,MEDIUM,OTHER,1
B200113016PE,DOUBLE END OPEN-END WRENCH 13-16,SRV 250 AMT,28520,3137,31657,MEDIUM,OTHER,1
B200114017PE,WRENCH14-17,FORD 250,28520,3137,31657,MEDIUM,OTHER,1
B2004T250004,HEXAGONAL WRENCH T25,FORD 250,5710,628,6338,MEDIUM,OTHER,1
B2004T300004,HEXAGONAL WRENCH T30,FORD 250,11410,1255,12665,MEDIUM,OTHER,1
B2004T400004,HEXAGONAL WRENCH T40,FORD 250,11410,1255,12665,MEDIUM,OTHER,1
B2004T500004,HEXAGONAL WRENCH T50,FORD 250,22820,2510,25330,MEDIUM,OTHER,1
B210125198P2,PIN 2.5×19.8,SRV 250 AMT,5710,628,6338,MEDIUM,OTHER,1
B210140158P2,PIN 4×15.8,SRV 250 AMT,5710,628,6338,MEDIUM,OTHER,1
B2201FB30477,LIP SEAL 30×47×7,SRK 800 RR,11410,1255,12665,FAST,FASTENER,1
C25450010000,ENGINE,FORD 250,20419430,2246137,22665567,SLOW,ENGINE,1
C2559001MMN9,ENGINE ASSEMBLY,SRV 250 AMT,37422310,4116454,41538764,SLOW,ENGINE,1
C2690002BG00,ENGINE,SRV 600 V,52309100,5754001,58063101,SLOW,ENGINE,1
C2692002NBMM,ENGINE,SRK 800 RR,49885000,5487350,55372350,SLOW,ENGINE,1
F02040010601,FIXING TOOL FOR BALANCE GEAR AND DRIVEN GEAR,ALL,189000,20790,209790,MEDIUM,DRIVE,1
F02040010606,CAM CLEARANCE ADJUSTMENT WRENCH,ALL,439000,48290,487290,MEDIUM,OTHER,1
F02040010610,ENGINE OUTPUT SMALL SPROCKET LOCKING TOOL,ALL,409000,44990,453990,FAST,ENGINE,1
F02040010612,COMPRESSION NUT INSTALLATION TOOL (FRONT FORK?,ALL,694000,76340,770340,FAST,SUSPENSION,1
F02040010613,LOCK NUT INSTALLATION TOOL (FRONT FORK),ALL,505000,55550,560550,FAST,SUSPENSION,1
F02040014178,FLYWHEEL PULLER REMOVAL TOOL,ALL,360000,39600,399600,MEDIUM,OTHER,1
F02040015506,PISTON INSTALLATION GUIDE TOOL,ALL,540000,59400,599400,MEDIUM,ENGINE,1
F02050010479,PISTON INSTALLATION GUIDE TOOL,ALL,659000,72490,731490,MEDIUM,ENGINE,1
F02050011219,SPECIAL TOOL FOR CLUTCH REMOVAL,ALL,505000,55550,560550,MEDIUM,ENGINE,1
F02050011517,SPECIAL TOOL FOR CLUTCH REMOVAL,ALL,566000,62260,628260,MEDIUM,ENGINE,1
F02050011600,CLUTCH FLYWHEEL FIXING TOOL,ALL,755000,83050,838050,MEDIUM,ENGINE,1
F02050012487,PISTON INSTALLATION GUIDE TOOL,ALL,566000,62260,628260,MEDIUM,ENGINE,1
F02050012709,ENGINE OUTPUT SMALL SPROCKET LOCKING TOOL,ALL,391000,43010,434010,FAST,ENGINE,1
F02050013067,OIL FILTER ROTOR POSITIONING TOOL,ALL,189000,20790,209790,FAST,ENGINE,1
F02050014204,CLUTCH REMOVAL TOOL,ALL,518000,56980,574980,MEDIUM,ENGINE,1
F02050014283,CLUTCH FLYWHEEL FIXING TOOL,ALL,597000,65670,662670,MEDIUM,ENGINE,1
F02050014458,WATER PUMP SEALING TOOL,ALL,189000,20790,209790,FAST,COOLING,1
F02050014848,FLYWHEEL PULLER REMOVAL TOOL,ALL,439000,48290,487290,MEDIUM,OTHER,1
F02050015606,GEAR SHIFT OIL SEAL TOOLING,ALL,158000,17380,175380,FAST,DRIVE,1
F02050015715,CRANKSHAFT CONNECTING ROD LIMIT TOOL,ALL,202000,22220,224220,SLOW,ENGINE,1
F02050015722,FLYWHEEL PULLER REMOVAL TOOL,ALL,474000,52140,526140,MEDIUM,OTHER,1
F02050016481,REMOVE SHOCK ABSORBER,ALL,255000,28050,283050,SLOW,SUSPENSION,1
F02050016482,REMOVE SHOCK ABSORBER,ALL,1067000,117370,1184370,SLOW,SUSPENSION,1
F02070718068,QIANJIANG MOTORCYCLE DIAGNOSTIC INSTRUMENT,ALL,5437000,598070,6035070,MEDIUM,ELECTRICAL,1
LIDEM0000001,OIL 1L 15W50 API SL JASO MA 2 (1 KARTON =12),ALL,105120,11563,116683,FAST,OIL_FLUID,1
LIDEM0000002,OIL GEAR 120ML 10W40 JASO MB (1 KARTON =48),ALL,25920,2851,28771,FAST,DRIVE,1
